{"type":"FeatureCollection", "features": [
{"type":"Feature","geometry":{"type":"Polygon","coordinates":[[[-47.88822486980076,-16.049874006163137],[-47.88642901088535,-16.049889283123083],[-47.84106456963599,-16.049947155303183],[-47.81806114874579,-16.04994958808227],[-47.79189301072036,-16.04993004210865],[-47.76000230609439,-16.049906221071204],[-47.721259863335575,-16.049867763639206],[-47.71083072292425,-16.049869492829576],[-47.63317104501524,-16.049811485088735],[-47.617283966414746,-16.049813488809143],[-47.31013553035609,-16.049994863839505],[-47.311360785691235,-16.04166682960639],[-47.31166171771815,-16.04077982523062],[-47.31169356928318,-16.039255336887177],[-47.31113468063254,-16.0374516516926],[-47.31094066609074,-16.03626705132049],[-47.31257308103177,-16.035838097762742],[-47.31451984613514,-16.03572146628752],[-47.31626399083627,-16.03605795166362],[-47.31798392324554,-16.035971945441155],[-47.318744507931996,-16.035379473814224],[-47.32005884290565,-16.03231531190773],[-47.32154388922434,-16.030538113843924],[-47.32301313866874,-16.02967992472804],[-47.32516875219419,-16.0287887641788],[-47.32839260901785,-16.027604844497713],[-47.328768269198314,-16.027118947568166],[-47.3289799446186,-16.025936149897856],[-47.330257079458036,-16.024910183400618],[-47.330640925985676,-16.02326115299633],[-47.33128664938495,-16.022595624329288],[-47.333351253690644,-16.021969063955968],[-47.33409495454132,-16.021238785396847],[-47.336094240546075,-16.019908420364093],[-47.33682292066689,-16.01829264620809],[-47.33773376834754,-16.018294155495916],[-47.339439063607585,-16.01925983919841],[-47.340636790070846,-16.019197842124054],[-47.34051168349786,-16.015723033454883],[-47.33982389379047,-16.014607064258033],[-47.33994960403132,-16.013248352569697],[-47.340683898622665,-16.012724767738167],[-47.343482618754955,-16.011831423745157],[-47.34464850892455,-16.011745115226518],[-47.34549285073146,-16.01131712265061],[-47.346002072428355,-16.010691086399753],[-47.34650243583825,-16.009060235588407],[-47.348518288573466,-16.007467682510907],[-47.349706137161874,-16.007145468092403],[-47.3511295204245,-16.0071512111323],[-47.3536488213843,-16.00746481229075],[-47.355419045076445,-16.008007444637553],[-47.355779760883834,-16.00844564027427],[-47.35725151572957,-16.008760519074805],[-47.359697147649555,-16.00828653632964],[-47.36031277389355,-16.007741016391837],[-47.360386718716164,-16.006612377531084],[-47.36182552245897,-16.006586667189367],[-47.364572029812,-16.00468815719297],[-47.365127772562516,-16.003779554612628],[-47.36491209335101,-16.002148097311583],[-47.365451753563,-16.001510041627245],[-47.36610762433171,-16.00142710756257],[-47.3676112963195,-16.00169590074525],[-47.36865236468205,-16.002437308840797],[-47.36911323455879,-16.00248412465165],[-47.37002682569432,-16.00110762504866],[-47.370483866052986,-15.99950488122672],[-47.37022938051952,-15.997414969702325],[-47.370305961897486,-15.996077806244505],[-47.370617248804685,-15.995287091671438],[-47.371393478550125,-15.994583496487161],[-47.37268264272952,-15.994317208368166],[-47.373603621609945,-15.993395707359808],[-47.37437910844863,-15.990528435453887],[-47.37567931022793,-15.9871549785947],[-47.37633885061459,-15.986183645622713],[-47.376415645791596,-15.985273220535758],[-47.37584775422518,-15.984247045158632],[-47.37587326548093,-15.983466226281378],[-47.37650176997283,-15.98256509056849],[-47.37631832680529,-15.982133961969973],[-47.37374180316189,-15.981198869658789],[-47.37385933693703,-15.979958144238394],[-47.37433689751175,-15.979710113953905],[-47.37556074339022,-15.980393205182057],[-47.37641418153768,-15.978277714996715],[-47.37725529569777,-15.978420119898255],[-47.378720160465285,-15.978127400185091],[-47.37891998531035,-15.977893412546287],[-47.37779628721301,-15.9757474360293],[-47.377718036765245,-15.974947653338925],[-47.378131725326625,-15.974030234415155],[-47.37892659691083,-15.97412778638011],[-47.3786672236439,-15.973240944896485],[-47.37706075923479,-15.97174086642225],[-47.377368963123935,-15.970895355170898],[-47.378343923566405,-15.970184385027471],[-47.379223518858325,-15.968311631595144],[-47.37838210376262,-15.968073105208122],[-47.37703911253139,-15.968935439329934],[-47.37618188978162,-15.968852846717448],[-47.376195740905,-15.967633192239642],[-47.375346047833936,-15.966673524102406],[-47.37540915268602,-15.966364797387365],[-47.376836184905336,-15.965002901689811],[-47.377038464846066,-15.963845567947578],[-47.37752299365244,-15.962909802901159],[-47.37848651135483,-15.96257422642182],[-47.378215140188956,-15.961967954037936],[-47.37696450565041,-15.961963705594778],[-47.37600826070856,-15.961502115466011],[-47.374310815825794,-15.960051756249701],[-47.37317098757922,-15.960043602166369],[-47.373001983931566,-15.95906961909718],[-47.37348195648281,-15.958214693607822],[-47.37438688157079,-15.958541721627185],[-47.375075466287214,-15.956840240408726],[-47.37479343211892,-15.956331731551582],[-47.37325258425142,-15.95626029971863],[-47.37182581164522,-15.955810980951881],[-47.37192708052383,-15.954715432407536],[-47.37240063191743,-15.953550213102552],[-47.37107427299369,-15.952170442794538],[-47.370573368798,-15.950733111028585],[-47.37115285312317,-15.949793467048112],[-47.371262800625736,-15.949090961770073],[-47.37085374916786,-15.948391968583458],[-47.37138977479621,-15.947524370496788],[-47.371409518867836,-15.94667248710921],[-47.370060278057174,-15.947279186676237],[-47.36871644240958,-15.947305802931842],[-47.36846518631956,-15.946810112056298],[-47.36928479301511,-15.946200550336014],[-47.37012970884549,-15.94455855225368],[-47.36992465311053,-15.942970282285033],[-47.37075906853354,-15.942926248551842],[-47.37037568014669,-15.941670522544577],[-47.36907555382587,-15.941097971578335],[-47.36966593741038,-15.940643990739739],[-47.371063710602584,-15.940390750732698],[-47.37183702351828,-15.940818171176451],[-47.37255815240082,-15.940696879499848],[-47.372572441902044,-15.940007055394233],[-47.37184466997798,-15.938659727924628],[-47.37096173474984,-15.938790518095395],[-47.370038893661835,-15.93614259308057],[-47.37108394695099,-15.93604706462792],[-47.37170675163241,-15.93670012480409],[-47.37267821313685,-15.93848145733635],[-47.37321117101851,-15.938638311345636],[-47.373592272294644,-15.937326446939657],[-47.37313004596183,-15.936092849913114],[-47.372163766838256,-15.935300747889869],[-47.37144423785524,-15.935141216095843],[-47.37049138585023,-15.935368524699264],[-47.36893743156274,-15.935092230229268],[-47.36819147773733,-15.933093175140064],[-47.366934590924394,-15.933038622415113],[-47.365212254623415,-15.933530915432668],[-47.36505241199502,-15.933098838243135],[-47.366130627491195,-15.931371417683856],[-47.36597212245426,-15.930760471868483],[-47.36531458081912,-15.930433189500185],[-47.36299391623325,-15.93191391250655],[-47.362426665165636,-15.931440292861158],[-47.36434976055957,-15.930326287913154],[-47.364393518395374,-15.929878852043924],[-47.363251476699936,-15.929732276682318],[-47.36210720269103,-15.92928486194843],[-47.36272115357701,-15.928241966396842],[-47.36187805593677,-15.92712954005874],[-47.36216157142697,-15.926660205827558],[-47.36145406819067,-15.926234038887651],[-47.36231877570337,-15.924454958538877],[-47.36234459148801,-15.923050311445351],[-47.3619229672094,-15.92217852554298],[-47.362208109548575,-15.921532026611107],[-47.36390224683448,-15.919828774140369],[-47.364769486697966,-15.919383147998737],[-47.36583611033372,-15.920786245926816],[-47.36627496519779,-15.921096350689218],[-47.36714708381159,-15.920612026510357],[-47.36733893341356,-15.91982675184012],[-47.36838117946744,-15.919378365649722],[-47.369194908486094,-15.91859224561421],[-47.36833881132539,-15.918150056655621],[-47.36857004217109,-15.917173951520247],[-47.368051950509084,-15.916587835219596],[-47.368276700908325,-15.915864462473683],[-47.36786594714298,-15.914713802930127],[-47.3672510386529,-15.914193784014975],[-47.36625071607501,-15.912698444612575],[-47.36668806805761,-15.912347042268474],[-47.367886839261544,-15.912378906127211],[-47.36798774791572,-15.91154951719635],[-47.36717126376409,-15.911642628888782],[-47.365942091774315,-15.910820335589483],[-47.36546893563944,-15.909544105261068],[-47.36574040741661,-15.909176638226372],[-47.367010837230765,-15.908613412085083],[-47.36724778675158,-15.908045474315657],[-47.36802960491639,-15.908394086836806],[-47.369209471075166,-15.908070979598396],[-47.37091488670946,-15.907873820041578],[-47.37200664341023,-15.906591287726554],[-47.37318298637647,-15.906423716821445],[-47.374642522337716,-15.90695884847052],[-47.37484360572249,-15.906664881482994],[-47.374018907375905,-15.905287061005788],[-47.3739046731128,-15.9043203076265],[-47.37238651129948,-15.900126248514646],[-47.37271405771332,-15.899542558584905],[-47.374836905188786,-15.899285754799324],[-47.375671549682195,-15.899700960094352],[-47.37575772596571,-15.898305582145726],[-47.37476876078796,-15.897388289646731],[-47.37739279632674,-15.896314676246314],[-47.376104105559484,-15.895685026987794],[-47.375710790788744,-15.894797323857384],[-47.376573062968724,-15.893658533983299],[-47.37617075246873,-15.891890436810973],[-47.376618631808135,-15.891269137077472],[-47.37768746709612,-15.89159574106283],[-47.378037176744655,-15.891314516989471],[-47.37723367145225,-15.889504823069505],[-47.377455235527194,-15.889176230234295],[-47.377009330684764,-15.887984048011742],[-47.3773203193513,-15.887497675014547],[-47.378626944084886,-15.88784060692789],[-47.379011216413964,-15.88668424877594],[-47.378098087012496,-15.885890954082278],[-47.37811595001192,-15.88502043095385],[-47.3787258333263,-15.884494515271554],[-47.37851866385548,-15.884006607992552],[-47.37706918633047,-15.883343500863282],[-47.377016138117995,-15.882828328353952],[-47.37832523591356,-15.881933055829277],[-47.38022973348616,-15.881936945667436],[-47.38068926217818,-15.881362577675848],[-47.38006414702984,-15.880505969192217],[-47.37841821693535,-15.880725743895765],[-47.37771080892047,-15.880601262240535],[-47.37725976301968,-15.881595221975205],[-47.3765311197298,-15.881204761368089],[-47.3758522341235,-15.880182314301729],[-47.37496618263963,-15.879430049494134],[-47.37471576647441,-15.87871697379278],[-47.37497046041702,-15.877929682179133],[-47.374610045545246,-15.877500406820108],[-47.373527565746414,-15.87714208507261],[-47.37391757831016,-15.876283689067975],[-47.37367564763111,-15.875688379362963],[-47.372054295442794,-15.874250278410189],[-47.372045680599214,-15.873595773715039],[-47.37330770308063,-15.873092353445244],[-47.37206897840611,-15.87261909036069],[-47.371512364289764,-15.870896227525103],[-47.37254538734063,-15.870793214585095],[-47.373305309070396,-15.869238314880805],[-47.37151731760024,-15.8685194120315],[-47.37124993136098,-15.86800067614958],[-47.37160194069664,-15.867033018733794],[-47.37079231787715,-15.864976020798254],[-47.37189901086615,-15.86540011579877],[-47.37367597821113,-15.86532186071399],[-47.37440605161895,-15.864261059463272],[-47.37290843337787,-15.862841049128361],[-47.37211484189294,-15.862387086892904],[-47.37149630420911,-15.8624061620825],[-47.36984330616997,-15.861443664216788],[-47.369831856243366,-15.861032046479394],[-47.37067186817059,-15.860165065116997],[-47.37018930577638,-15.859733976154883],[-47.36982727393709,-15.858296660066504],[-47.36937399572283,-15.857325574739265],[-47.36977783785038,-15.856201137162932],[-47.369627730264725,-15.855416723327599],[-47.37089604454638,-15.854961943323113],[-47.36873472761719,-15.854033751885531],[-47.368104901703504,-15.853351428616874],[-47.367925075153295,-15.85193154454879],[-47.369382882755936,-15.85004876396738],[-47.368776944842274,-15.849156273647363],[-47.36888314277685,-15.848770250787926],[-47.37038496243852,-15.849016258998521],[-47.37115568281631,-15.848773960655187],[-47.371131319607485,-15.847644381995073],[-47.370188687735464,-15.847216452486382],[-47.369166771454765,-15.847712400917606],[-47.3687825233802,-15.846788105538034],[-47.36901901026863,-15.846241609967505],[-47.36972770556932,-15.845874933959461],[-47.3700844005175,-15.846194092300916],[-47.3708289844121,-15.84583693686878],[-47.36961899055532,-15.845046642599787],[-47.36838514732606,-15.84308095905658],[-47.36846237010114,-15.841829990350277],[-47.36950126633733,-15.84105111116561],[-47.36807942458373,-15.840227788196847],[-47.36776782775776,-15.839303835345353],[-47.36818617318557,-15.838617431608242],[-47.36757051100897,-15.838408863040419],[-47.36699473852256,-15.838713786687851],[-47.36691334486961,-15.83731758978874],[-47.36783038553583,-15.837460501621631],[-47.36786135675188,-15.83550592123358],[-47.36720847377979,-15.83547138254281],[-47.3667602665553,-15.83597711428962],[-47.366380031255105,-15.837378963781493],[-47.365908325001094,-15.837227962829097],[-47.36539494410443,-15.835154466337258],[-47.36616453709654,-15.83516298413764],[-47.3662335304053,-15.834502256362155],[-47.36494578736068,-15.83412502667517],[-47.36562281435266,-15.833488416222044],[-47.366098227055524,-15.831899534958328],[-47.36592682849931,-15.830314854397162],[-47.36665538644925,-15.830146944371723],[-47.366671505818715,-15.829465312153905],[-47.36739822581558,-15.828815703361844],[-47.36692981098877,-15.82783567982864],[-47.36607163871975,-15.82733351437582],[-47.36485686133408,-15.82786972114893],[-47.363390896130355,-15.827834629757357],[-47.36242203075708,-15.82747746433043],[-47.362125813088774,-15.82703310745828],[-47.363021849347014,-15.82523308171097],[-47.36284583614519,-15.824696735709948],[-47.36102102273154,-15.824200589025654],[-47.36027058182128,-15.823524463790054],[-47.360883273269245,-15.8224136033675],[-47.36067873406557,-15.821434136507728],[-47.359944985649925,-15.821461101288975],[-47.358961751723676,-15.822579380727658],[-47.359285627621276,-15.823636115077605],[-47.35801126498281,-15.82411775201932],[-47.357094204553654,-15.823816130339832],[-47.357258785795175,-15.82291937989306],[-47.35794664107958,-15.822953693424301],[-47.358269759697386,-15.822239947093955],[-47.35723086166457,-15.822173564319602],[-47.355865475433305,-15.82357415438966],[-47.355435124920035,-15.82348737862645],[-47.35455416239226,-15.82179397287261],[-47.35473007049119,-15.821261473319876],[-47.35587138814451,-15.820854477108991],[-47.35513732891177,-15.82042987540021],[-47.355761490049275,-15.819617328228082],[-47.3561345271491,-15.818658290139664],[-47.35517700120967,-15.817037531784809],[-47.354515624666575,-15.817732260285323],[-47.3534343414237,-15.818444420121704],[-47.35296697043925,-15.818145195319255],[-47.353058114406295,-15.816940961530525],[-47.35519100684326,-15.816183700374786],[-47.354571127974715,-15.815504945034496],[-47.35446151554375,-15.814109059723021],[-47.353155323798134,-15.814950828919754],[-47.35276476236374,-15.81450434077926],[-47.35302670930396,-15.813782835911573],[-47.35252735200719,-15.812431871367288],[-47.35169368128755,-15.811248095032846],[-47.3509694604038,-15.811424491151318],[-47.349982253229065,-15.809799914122731],[-47.350256629259555,-15.80885033028523],[-47.350266628406985,-15.807837460091022],[-47.34935387180635,-15.807791974970163],[-47.34900332582629,-15.808435540421883],[-47.34843247700596,-15.808084724752906],[-47.34846839254933,-15.80687472553209],[-47.34920142680432,-15.806119237510382],[-47.34888594656138,-15.805776168457035],[-47.34960881009073,-15.805171244099158],[-47.3496247012881,-15.803973392437632],[-47.348668661162144,-15.803383713472604],[-47.34814792755487,-15.80396827025108],[-47.34770196701692,-15.803635180041432],[-47.34769523863543,-15.802878771482966],[-47.3466913695088,-15.80348226353198],[-47.34579552908328,-15.803234279284995],[-47.34547934006958,-15.802468869464649],[-47.34606123637128,-15.802013882127435],[-47.34592479305941,-15.800943008683223],[-47.344970007879894,-15.800765136590472],[-47.34464333642515,-15.800117257724594],[-47.34528733056749,-15.798997246386834],[-47.34595023424657,-15.79864260330533],[-47.34601228896808,-15.79797990038238],[-47.344677394252514,-15.797375472225704],[-47.34365505127206,-15.796227197419896],[-47.343346096391336,-15.796965368900931],[-47.34192526793737,-15.79732167281317],[-47.34263682976213,-15.79619017294677],[-47.341780248409485,-15.795067237247212],[-47.341028341448684,-15.795493853484166],[-47.340773205534944,-15.79443070786248],[-47.34000771964032,-15.794415613728301],[-47.33917968225582,-15.793081667987792],[-47.339846221416856,-15.792389972792748],[-47.33884489811573,-15.791436844466066],[-47.339123745959704,-15.791029616258404],[-47.33994927884119,-15.790966353288425],[-47.33974789901237,-15.790336775620744],[-47.3390872941221,-15.789918928418514],[-47.339079098791764,-15.788421701374723],[-47.33743333219066,-15.786764159676006],[-47.33768051442087,-15.785140385816478],[-47.33699082567497,-15.785404214014918],[-47.33646405538899,-15.78469795531745],[-47.33584676905835,-15.785468885160636],[-47.335279189207334,-15.785294900688188],[-47.336500809060524,-15.783315062032859],[-47.33668762630027,-15.782651612226946],[-47.33625440926292,-15.781458950701651],[-47.33508917037191,-15.782058343364808],[-47.33442788186372,-15.78183507266192],[-47.33440266256043,-15.78129680236239],[-47.33352020164276,-15.781054880184332],[-47.33293650871049,-15.781525051184028],[-47.33264142741101,-15.78014372772481],[-47.331640291857795,-15.779363132814376],[-47.33145629532804,-15.779938934490957],[-47.33081143520976,-15.779950497517179],[-47.3313252086702,-15.77817388820531],[-47.330778325105015,-15.776578784149159],[-47.331082346438194,-15.775506733712994],[-47.33040865039929,-15.77494595452263],[-47.33133289465578,-15.774448308796076],[-47.33138219779182,-15.773716976385716],[-47.32931306058721,-15.774148195994702],[-47.32859878405365,-15.773231845449391],[-47.328343753242805,-15.772154412273428],[-47.327469260381704,-15.772190007806634],[-47.3275887830269,-15.771496509736407],[-47.32826486768614,-15.771291606624242],[-47.32893138977918,-15.770280832674972],[-47.328399792845175,-15.769610285003086],[-47.32977109807585,-15.769330180086557],[-47.32928903604325,-15.767970134791883],[-47.32937087166731,-15.76714529037117],[-47.32870359678606,-15.76654239297044],[-47.32846963955346,-15.765713554709395],[-47.32718139165565,-15.76563759698546],[-47.326658202054396,-15.765264670525072],[-47.327041154758334,-15.7644902360317],[-47.326118308280435,-15.762320132236367],[-47.32467366458998,-15.761919266475696],[-47.32395673083981,-15.760843712401371],[-47.32461050583897,-15.759904823577687],[-47.32412969515956,-15.759582875006435],[-47.32372811948148,-15.758040181907154],[-47.32196152408476,-15.757964983848835],[-47.32135155902369,-15.757394273433565],[-47.32097505802012,-15.756362782824752],[-47.32124436395915,-15.75572887175607],[-47.32206972166915,-15.755640212441596],[-47.32192830169062,-15.75473088075707],[-47.320489462015196,-15.755419000591488],[-47.319377884885995,-15.7546287259569],[-47.320016561001864,-15.75386674309017],[-47.31979111440827,-15.752817037828827],[-47.317997920794305,-15.750292428337977],[-47.318818865081326,-15.750155071354108],[-47.31851921135706,-15.74945782003791],[-47.317092531277325,-15.748320712543347],[-47.31736613834993,-15.74747613336967],[-47.31645707652007,-15.745954148995272],[-47.31606534188592,-15.74650334564472],[-47.31624897729292,-15.747627298936145],[-47.314848355542956,-15.748080723199298],[-47.31497429575253,-15.747313363898728],[-47.314169064796474,-15.746285160334267],[-47.314412431881664,-15.745219407671764],[-47.31420672486812,-15.744414300713451],[-47.314470658881746,-15.743006392754982],[-47.31353911850853,-15.742691687984866],[-47.313161538628314,-15.741896608418894],[-47.31411756977113,-15.741655459809573],[-47.313678804738586,-15.740283629300619],[-47.31451838816943,-15.739299510709737],[-47.31359076355253,-15.73823810772886],[-47.31446517466695,-15.737253715520536],[-47.315417902704446,-15.737227255729843],[-47.31553725556804,-15.736332538906336],[-47.31726407805556,-15.736520196484456],[-47.31670895514258,-15.73578192701616],[-47.31804962961869,-15.734111091965131],[-47.31867085326521,-15.734896673507523],[-47.31924011655908,-15.733661158292014],[-47.319340908432274,-15.732399169099182],[-47.31850033954956,-15.732940567676115],[-47.3180698839334,-15.732697955812734],[-47.318490706016455,-15.731813843208636],[-47.317898996518586,-15.731444157688468],[-47.31703367006665,-15.731520800042972],[-47.317554231197384,-15.73044921213709],[-47.31744722477905,-15.729617438051134],[-47.31779061388124,-15.72874306563353],[-47.31879616016251,-15.728316896206632],[-47.31800648802717,-15.727592151742256],[-47.31871325284831,-15.726240995340603],[-47.31807972048577,-15.72503747918368],[-47.318930200481006,-15.723654327475543],[-47.319748285430464,-15.723179458604296],[-47.320787684723214,-15.723023934054405],[-47.32102670396244,-15.722517284072541],[-47.32104712266885,-15.721263072139473],[-47.32040488473288,-15.720971350622627],[-47.32025987328983,-15.720345913216752],[-47.32075234769489,-15.71856991020289],[-47.31987927417194,-15.718531366950922],[-47.31977610805145,-15.71787326225877],[-47.31866495402874,-15.717135231242663],[-47.31769298048459,-15.71704101132569],[-47.316887329116966,-15.716072971552917],[-47.3159710080013,-15.716301340356038],[-47.31524652121624,-15.715366278945478],[-47.31549137860648,-15.71427613253744],[-47.315434999440946,-15.713357568061742],[-47.31501695135548,-15.712819062715063],[-47.31510842230929,-15.7118298121622],[-47.313900503560816,-15.711178023588324],[-47.3140208077403,-15.710388849955658],[-47.31506938242536,-15.710525657865947],[-47.315416288431884,-15.709677963429545],[-47.31463926098248,-15.709068540458684],[-47.314034191739715,-15.708939197931713],[-47.31369156890046,-15.70792635412209],[-47.31419053992165,-15.706799992760827],[-47.31337940523754,-15.705953933678087],[-47.31433477162704,-15.704674990774956],[-47.31404903460315,-15.702939329256944],[-47.314431168941866,-15.702612631024076],[-47.31379235358713,-15.700497883395391],[-47.31337767508231,-15.6997318381696],[-47.313686914728976,-15.698223322403804],[-47.31283957973554,-15.698034436952632],[-47.31251874733013,-15.697193908280022],[-47.31388363589472,-15.695899885924158],[-47.31340614808355,-15.695442957037944],[-47.31366808783725,-15.694814428213713],[-47.314964570591265,-15.694579627848853],[-47.315517664210006,-15.695233154182565],[-47.3160208016175,-15.695071532058885],[-47.3159273094543,-15.69431104888777],[-47.31648930807246,-15.694227805155656],[-47.31652880609718,-15.693537448627245],[-47.31753269408845,-15.693297686996955],[-47.316759330867086,-15.692057890119264],[-47.31788276845298,-15.692450581636418],[-47.31776194235232,-15.690385134406633],[-47.318398316984435,-15.690286004521294],[-47.31839172784182,-15.689255432946998],[-47.31977334034206,-15.688912365436286],[-47.319518422718936,-15.688196388740028],[-47.32107886194447,-15.687524153831642],[-47.32182015980177,-15.687767256255574],[-47.32138107946056,-15.688416619410244],[-47.32183081382103,-15.689124464908593],[-47.32239977348433,-15.688652302962296],[-47.323026109443134,-15.689390143088733],[-47.3241605181536,-15.688718104110583],[-47.32560973516717,-15.688449314190823],[-47.32582246161634,-15.688962745405128],[-47.32700897979981,-15.688772110436474],[-47.328578088666134,-15.688298571697727],[-47.329461620375625,-15.688310874193387],[-47.32981040565773,-15.687927533268955],[-47.32776859250911,-15.687401887709106],[-47.32773512217994,-15.686672588640404],[-47.32830921032519,-15.686148723187344],[-47.3283423887019,-15.68518319527199],[-47.3278565366771,-15.68439817182661],[-47.32821417126307,-15.683265689517446],[-47.32913908925602,-15.683528987419384],[-47.32870328596897,-15.684226307139486],[-47.32926927670026,-15.684699723005743],[-47.32961514425432,-15.683647783409537],[-47.33001207923565,-15.68381113740474],[-47.33167556241079,-15.682988854286492],[-47.331481004388245,-15.682522477991695],[-47.33196716094191,-15.68132524469916],[-47.331778866871836,-15.680264023931997],[-47.330798184161,-15.679692368279674],[-47.329144912135696,-15.67999309612213],[-47.32906064477215,-15.679078564104648],[-47.32857255594231,-15.678646016882471],[-47.32910772996777,-15.677204139484562],[-47.32854170060893,-15.677075421095045],[-47.32818779133645,-15.675739322445722],[-47.3272365895366,-15.675375190802539],[-47.32737252619866,-15.673559833410376],[-47.327757001547,-15.672708248012409],[-47.32684288759198,-15.671882784835242],[-47.32777170876483,-15.671095812598404],[-47.32610179005899,-15.669279659484863],[-47.32716274352867,-15.66766174011069],[-47.32866567710129,-15.666886539892406],[-47.328433163461355,-15.666238320035859],[-47.32761560941622,-15.66562110818364],[-47.32694828692426,-15.666043225814526],[-47.32650822652108,-15.665572068311103],[-47.32696335346821,-15.664872201610764],[-47.327932151467834,-15.665320434426135],[-47.328075093192474,-15.66428459034818],[-47.328578233294905,-15.663494696428192],[-47.32711187732402,-15.663466639867549],[-47.32679555985123,-15.66136301048012],[-47.32810185849636,-15.660529829194518],[-47.327929364893826,-15.658894256461517],[-47.32885842951011,-15.65784879670526],[-47.32933697284175,-15.656318775791393],[-47.328812793297054,-15.655822839052016],[-47.328509418750876,-15.6547287138202],[-47.32749010578788,-15.654697949494317],[-47.32730797236402,-15.653710913526432],[-47.32664283098157,-15.652814861362728],[-47.32704739715124,-15.65193717104497],[-47.32785777096231,-15.652096896624919],[-47.3280310730486,-15.651406882055287],[-47.328823490435454,-15.651542615379773],[-47.329207763662865,-15.650640401765195],[-47.32854029294888,-15.65016991201201],[-47.32808724380501,-15.649209285614505],[-47.32702905445146,-15.649261036046546],[-47.32752647587879,-15.64807145962324],[-47.32724027352758,-15.647199435619367],[-47.328216501492925,-15.646379202310639],[-47.32890267153786,-15.646347695399783],[-47.32900547473898,-15.645563455225501],[-47.330549011264125,-15.645441790270814],[-47.33018163894047,-15.64461012625903],[-47.32958628677412,-15.644507835808751],[-47.329246258269414,-15.643108037111832],[-47.32969977363892,-15.641772558956312],[-47.330455964665305,-15.641464306039065],[-47.329728703882644,-15.640688228808129],[-47.329541965694645,-15.63984555062134],[-47.32999706120073,-15.639133273108472],[-47.33067029370895,-15.638886374030337],[-47.330786745912484,-15.637161129290307],[-47.33161226981082,-15.636750648630795],[-47.33075258747381,-15.635883060051798],[-47.33180134900845,-15.635070767762707],[-47.3325643088405,-15.633025386579751],[-47.333327780712274,-15.632187398497578],[-47.33290567763162,-15.631884064749208],[-47.33390255337377,-15.629550028109763],[-47.33308040893754,-15.629690605775592],[-47.332874506091265,-15.628693407069491],[-47.33205965417851,-15.628598834035026],[-47.332198738537315,-15.626869820702137],[-47.33103407905966,-15.626235257011292],[-47.331000143403166,-15.625498483973487],[-47.33049479883503,-15.624824164689848],[-47.33067259968428,-15.62440322940612],[-47.330079681952355,-15.623553691243181],[-47.33014626687785,-15.622959984143604],[-47.331102599854596,-15.62251948014662],[-47.33058566971423,-15.621750678678163],[-47.33064951567643,-15.620322411033134],[-47.330078798908424,-15.619546140344333],[-47.329900469849804,-15.618532799690533],[-47.328718947197636,-15.618264870884452],[-47.32841692820922,-15.617458755111251],[-47.32916620220793,-15.616804365850765],[-47.32917868789206,-15.615908096771463],[-47.32807955153123,-15.614676528017425],[-47.328321639415456,-15.61317224154601],[-47.32759998951006,-15.612905580127773],[-47.32629683856169,-15.610355034158639],[-47.3255833884782,-15.610427692825755],[-47.325124046635764,-15.609649616234446],[-47.32530792009632,-15.609230799771264],[-47.324848527948234,-15.6080334247423],[-47.32519323398063,-15.607572298838303],[-47.324913290192015,-15.606645574319588],[-47.32421601697017,-15.60656857189411],[-47.32358495946622,-15.60550239593562],[-47.32347371389806,-15.604369841092591],[-47.3230227452524,-15.603776395968463],[-47.323220973791194,-15.602925301471402],[-47.322998742268005,-15.600930744347124],[-47.32306460404969,-15.599785981041697],[-47.32257596275594,-15.599488032096886],[-47.32272559692945,-15.598806377516548],[-47.321954779533606,-15.598704675915759],[-47.32158885170093,-15.598041190334975],[-47.320528054538116,-15.598159547969953],[-47.32010419704772,-15.59749140653201],[-47.31788036905286,-15.597027995207112],[-47.31700603160031,-15.597168279362707],[-47.315887026302015,-15.597005711047972],[-47.31576969913939,-15.595706616096681],[-47.31611066009537,-15.594331766571479],[-47.317309616352254,-15.593607644811746],[-47.31754907127439,-15.592214591808895],[-47.31712692866787,-15.591034889092988],[-47.31724887137442,-15.590230806981166],[-47.31857216883968,-15.588605410945071],[-47.31861409051905,-15.587146824216012],[-47.31927029995263,-15.586671541266218],[-47.320486173282944,-15.586942008526181],[-47.32074937786456,-15.58638675498015],[-47.32158009941512,-15.586866366714583],[-47.32191285246436,-15.586166350478548],[-47.32417495048695,-15.587320166114942],[-47.32453067345799,-15.587995523295511],[-47.324433835070366,-15.588955975467202],[-47.32529509484902,-15.589058972014767],[-47.32568910761073,-15.58860959280306],[-47.32647839796208,-15.589124922000739],[-47.32786827675955,-15.588937115171714],[-47.32851641393199,-15.588494908799577],[-47.32899324417638,-15.587345961754087],[-47.32946273248995,-15.587024200467074],[-47.32991337235223,-15.586108605013806],[-47.33068694757599,-15.586187191658686],[-47.331707527163545,-15.58717792229871],[-47.33335120158836,-15.58702924417447],[-47.334205298200935,-15.587509947252583],[-47.335190223654855,-15.587299690196737],[-47.335323733069,-15.586763234083834],[-47.33650588274525,-15.585655533236434],[-47.33777634579706,-15.585333787472319],[-47.33961575503745,-15.583782647531768],[-47.34055678162007,-15.583696187537234],[-47.34132814698823,-15.583147369067039],[-47.341533357233416,-15.582432799695953],[-47.34230030828028,-15.582419844458643],[-47.34364711555484,-15.581337534986346],[-47.34463555611647,-15.581143043493345],[-47.3449975080057,-15.58065431625206],[-47.347038483924464,-15.579014977815055],[-47.347711681398394,-15.579499098583527],[-47.348856226698516,-15.57915390102588],[-47.34998440199922,-15.580231207546362],[-47.35050781977257,-15.580174606945398],[-47.35147671029866,-15.580591330678915],[-47.35361311245344,-15.580526073658982],[-47.35473090053452,-15.57991417354406],[-47.35611790651973,-15.579608582772089],[-47.35693815191744,-15.58001147570751],[-47.357479953713074,-15.580749766312827],[-47.35826317414804,-15.580126861019592],[-47.3589751941136,-15.580009291670413],[-47.359766856915606,-15.579318498781053],[-47.361376862483574,-15.580136031547143],[-47.361598705934554,-15.579652349260465],[-47.36160523489005,-15.578357277282793],[-47.36242567791713,-15.578007335873787],[-47.36425267064366,-15.577749517311],[-47.365341575193405,-15.578207200482572],[-47.36619280797685,-15.578150263581632],[-47.36645586703139,-15.578626934305648],[-47.368017925021064,-15.578828776417062],[-47.36839649484473,-15.579119523062795],[-47.37032111108644,-15.578314850026258],[-47.37114441434939,-15.577690070862086],[-47.37217547547967,-15.577576299730756],[-47.37253067832617,-15.577143997585946],[-47.373564077771135,-15.57726785512013],[-47.374476931389815,-15.576707887116005],[-47.374999921565085,-15.57722309473701],[-47.375889570801654,-15.57661304523005],[-47.37682975386622,-15.576558537712835],[-47.37735557642957,-15.575748786436016],[-47.37820379267029,-15.575271832997275],[-47.37850224624534,-15.574266390550912],[-47.37925322434814,-15.573543997956987],[-47.37910261999413,-15.5726336538887],[-47.37949239809759,-15.571803902934045],[-47.37968256695166,-15.569787352691632],[-47.379457879434476,-15.569166084310108],[-47.380280083159526,-15.568838848880214],[-47.38057629453963,-15.568301626330923],[-47.380151817211676,-15.567281061357004],[-47.38077396971621,-15.566610292630171],[-47.38366072474635,-15.566824946995188],[-47.38433326824674,-15.567353799302149],[-47.38587502341268,-15.566938480043872],[-47.38692109718799,-15.567044540625162],[-47.388446071824426,-15.56754452654404],[-47.38941209043656,-15.567457690209942],[-47.390204878827625,-15.566644140486147],[-47.39034034477247,-15.565103005974576],[-47.39098239675717,-15.564691895669444],[-47.39098262223431,-15.563863057661395],[-47.39143538391729,-15.562526029461472],[-47.3931609074409,-15.562193929534983],[-47.393805413622964,-15.560880914536012],[-47.393629673508975,-15.559945990064804],[-47.394031547427744,-15.55977638694604],[-47.39374326727328,-15.558316173807622],[-47.395321503921224,-15.557876474401175],[-47.39583522977096,-15.558511162861462],[-47.39697873931357,-15.557564099875378],[-47.39815110453973,-15.557614066469558],[-47.39916238117419,-15.557280168095325],[-47.39946012508017,-15.556039600603343],[-47.39890986025625,-15.554341956740616],[-47.39907393933953,-15.55347082986176],[-47.398707314414196,-15.55281007751376],[-47.398845012672524,-15.551452830338842],[-47.39920763380663,-15.550863416752215],[-47.40049531217256,-15.551549174092017],[-47.40097740834114,-15.551404141351977],[-47.4012892692718,-15.55035099903675],[-47.402144262403034,-15.550374854686751],[-47.40289847713579,-15.54954800144665],[-47.40244134514895,-15.548816523222106],[-47.402261859958564,-15.547879277358213],[-47.403805270719566,-15.547051444797248],[-47.405740425097875,-15.546717168399683],[-47.40754832682798,-15.547255800854341],[-47.40824442235849,-15.547894709938145],[-47.40966629465482,-15.547901939848732],[-47.410539971845644,-15.547544515059123],[-47.41086765480341,-15.54707629782378],[-47.41230329467978,-15.547152824044392],[-47.41413249007538,-15.548173276807598],[-47.416087066030144,-15.546306130416001],[-47.41724120264255,-15.54622828060775],[-47.4176197365336,-15.545529921863212],[-47.41840690955582,-15.545077398533568],[-47.41840691674235,-15.50181958360412],[-47.77206604704784,-15.502370222802487],[-47.97595970249181,-15.50242998097365],[-48.034776041421686,-15.50241218527359],[-48.034061234882124,-15.50395061086949],[-48.034245565585174,-15.505027075476411],[-48.03709507646363,-15.510898382283237],[-48.0394179104809,-15.516630349943958],[-48.0397313012425,-15.517901492881336],[-48.039779550654714,-15.519110412999726],[-48.03908142493166,-15.524523154156572],[-48.03872587174221,-15.525937403707905],[-48.0379125451688,-15.527666368803478],[-48.03552432098537,-15.531203767611997],[-48.03430969182172,-15.531546111511812],[-48.03278439199516,-15.530705127604737],[-48.03187223187588,-15.53094985447552],[-48.031862915448066,-15.531652062228654],[-48.03291240551641,-15.533289813257204],[-48.03621456668675,-15.536432180227417],[-48.04157430194738,-15.541216215261025],[-48.04257916550903,-15.542489005940542],[-48.043566210088706,-15.544672727037547],[-48.04387717270409,-15.54663974022011],[-48.04371857424236,-15.54772262258632],[-48.043089448116284,-15.54924517044154],[-48.041713044946384,-15.550751404050839],[-48.036147404144536,-15.554045971313231],[-48.03490434240383,-15.55514990656164],[-48.033868407913126,-15.556986960515477],[-48.03360195412513,-15.558880704070386],[-48.03397249840005,-15.560504527357729],[-48.03528653064145,-15.563283099259374],[-48.03537322255795,-15.56419455951576],[-48.034708559977545,-15.565676179085704],[-48.03083715168301,-15.568579631653288],[-48.026646147064916,-15.571646175177674],[-48.02487807573618,-15.573009039308928],[-48.023450133523475,-15.574576345341177],[-48.02182616005117,-15.576596365278863],[-48.01699885266618,-15.582402411304397],[-48.014155474586154,-15.57993576731128],[-48.01274969021826,-15.579081297917753],[-48.010728282301315,-15.578304234341278],[-48.009334742869044,-15.578038593692773],[-48.00740358060386,-15.57797343796954],[-48.00614975524942,-15.578124022015542],[-48.004102871111016,-15.578704793487836],[-48.001756393435464,-15.580053912997455],[-47.974521855454775,-15.600706219704234],[-47.97049782968168,-15.603735321092548],[-47.96154366277976,-15.610584967722215],[-47.956570863353036,-15.614323868752797],[-47.931927953288934,-15.632395355119822],[-47.92620953959998,-15.636566131161175],[-47.923166673543136,-15.63883475765359],[-47.91201463905974,-15.646964217196366],[-47.90012384266311,-15.655724585920126],[-47.88366007709124,-15.667802579609285],[-47.88308056312167,-15.668261891870431],[-47.86473471833342,-15.683936689586014],[-47.8608504443674,-15.687285892574305],[-47.85808056195235,-15.689219323017086],[-47.85255208714875,-15.692158915724306],[-47.850149606701756,-15.692806248976124],[-47.848904579447215,-15.692854027436288],[-47.838877872605075,-15.692878976944879],[-47.83757099724154,-15.692967912677448],[-47.83585318485632,-15.693399370122476],[-47.83411501305351,-15.694283712637521],[-47.79422050609563,-15.721647327478069],[-47.79231908165961,-15.723192519932077],[-47.791017794715444,-15.725136599943594],[-47.788737501316774,-15.730934202290193],[-47.783987772439716,-15.743202385999341],[-47.79091182674959,-15.745713246425488],[-47.79151242867045,-15.74807408050492],[-47.78629396696297,-15.749434412111833],[-47.787010032042254,-15.752185207974067],[-47.78521693005645,-15.752327629149786],[-47.78468654764472,-15.755954622223934],[-47.78550017874701,-15.755908369832483],[-47.78640667768337,-15.757694923693517],[-47.78517236283858,-15.758105000105598],[-47.78492858432499,-15.759679265108332],[-47.78396489953595,-15.760032108064006],[-47.78393318810811,-15.760476726058137],[-47.78659916239423,-15.761343674744438],[-47.78863803535694,-15.761548217878628],[-47.789831854148716,-15.761483933335725],[-47.80741047929382,-15.758738376380315],[-47.80981013184431,-15.75751584737065],[-47.81051071625629,-15.757293576752074],[-47.81186973073724,-15.757433508745263],[-47.813148017216875,-15.758133147379992],[-47.81174595367087,-15.760068980063448],[-47.808970339106004,-15.762917484960127],[-47.80851869313061,-15.763794325543682],[-47.80851039629064,-15.764465992976623],[-47.80906823121746,-15.765548783790695],[-47.81218268042603,-15.76871099664968],[-47.81268513152063,-15.769463562934366],[-47.813158377487035,-15.770922476197102],[-47.813191863985885,-15.772011397268168],[-47.81273534285345,-15.773515774661078],[-47.80876324419535,-15.779881736575078],[-47.807911874867976,-15.78112833472277],[-47.80613304980699,-15.782936861227942],[-47.80548174337822,-15.783957799329075],[-47.804858167942285,-15.786197757360371],[-47.80416982756762,-15.787024318846505],[-47.80351118729288,-15.787357840927731],[-47.802037670850865,-15.787202406146731],[-47.80074937893561,-15.786431798415714],[-47.79945791327245,-15.785062378867952],[-47.79865477000111,-15.78368055998119],[-47.79789387809083,-15.782745336646592],[-47.7962705738634,-15.781598023186985],[-47.79518960413256,-15.781215958521456],[-47.793632783320994,-15.781042916977961],[-47.786789691472734,-15.781960216837495],[-47.78778449300489,-15.785324537938644],[-47.78894268551082,-15.78847572876569],[-47.788391022009996,-15.78935838099698],[-47.78792258023374,-15.789272724682746],[-47.787185413728444,-15.790871431135153],[-47.78650454823525,-15.790417415279016],[-47.78579849667645,-15.790867225760572],[-47.78545233178002,-15.791785267767322],[-47.78561393959796,-15.79231451431642],[-47.78541750589309,-15.79356291779426],[-47.78437851713042,-15.79384074178722],[-47.78472911700941,-15.79457134205729],[-47.78450970350125,-15.797079563178478],[-47.78391771462734,-15.79785579731134],[-47.78585531062659,-15.802230997918485],[-47.78656545221488,-15.805573746984157],[-47.78839620259424,-15.809622814748721],[-47.7928837213247,-15.818145997387454],[-47.79368985149437,-15.820113266630257],[-47.79476958514338,-15.822325827998762],[-47.79604775124875,-15.824475861980794],[-47.79786186572737,-15.827013816318143],[-47.81239586681262,-15.845775453967654],[-47.81394185484018,-15.847464050939408],[-47.81564451354486,-15.850111686987123],[-47.81651047151245,-15.85205390081065],[-47.81984099968284,-15.862926839316188],[-47.82047310552071,-15.864016791997788],[-47.82094947672599,-15.86386042330081],[-47.830739967970906,-15.859290877574377],[-47.84301214412142,-15.86620693472701],[-47.84505408213587,-15.862811532981688],[-47.84291570458577,-15.861606904475575],[-47.85063189960139,-15.857152478196921],[-47.853565783844594,-15.856626151908108],[-47.85560831205219,-15.858540864466827],[-47.85625813356578,-15.858794186804799],[-47.85521610041261,-15.860483173420118],[-47.853930424391464,-15.864148627890874],[-47.85314869066829,-15.8644885665638],[-47.851155720718296,-15.868691651152217],[-47.856981519016315,-15.871238264878498],[-47.85607821808237,-15.873173779212978],[-47.87020461759061,-15.880161739106935],[-47.88010075879778,-15.884940959185252],[-47.8936689119508,-15.900669081704814],[-47.88255890694461,-15.9132614398788],[-47.88272422390635,-15.913664506328363],[-47.8835960281098,-15.913711216757923],[-47.88610078983672,-15.912887781218734],[-47.88702194838021,-15.91208712148976],[-47.88848329714169,-15.911321617506],[-47.88975902701603,-15.911106897203773],[-47.890517070368524,-15.911402664969879],[-47.893603678091495,-15.911723782482483],[-47.894607774491895,-15.911712377320004],[-47.89529832921374,-15.911350403458238],[-47.89606805605482,-15.911348779329712],[-47.89847915853192,-15.912126546197241],[-47.900863928693084,-15.911760509312847],[-47.901758312949525,-15.91129106228572],[-47.90241592555157,-15.911775313904645],[-47.90300393668541,-15.911398818032392],[-47.903515039454525,-15.911950179402421],[-47.90427133378717,-15.912107359956458],[-47.90581752303735,-15.911780696842548],[-47.90695306632001,-15.912413175060639],[-47.9078995097438,-15.912617629194488],[-47.90790475590506,-15.913053810737285],[-47.90704899381594,-15.91450493647872],[-47.906913304190596,-15.915181445951815],[-47.90607388874471,-15.915485481103703],[-47.90586941152479,-15.916631285567563],[-47.90669560197306,-15.918508403847612],[-47.9065793069747,-15.91906851307525],[-47.906912883779036,-15.921776088646565],[-47.90629025965899,-15.923006007276284],[-47.90632517268251,-15.923812738646427],[-47.90557590137875,-15.925520189269085],[-47.90449583714971,-15.926898256275544],[-47.904192036802094,-15.928302469589953],[-47.90343366915777,-15.929558117720372],[-47.90273687563629,-15.9302354843621],[-47.902707390233715,-15.9308262280217],[-47.90168526195062,-15.93242280720872],[-47.90105234044246,-15.932856526220585],[-47.90046458532847,-15.934065533468859],[-47.89967255960709,-15.93420398767524],[-47.89940856001644,-15.93478725385412],[-47.89873909594084,-15.935227881574908],[-47.89811819928108,-15.937211517533978],[-47.89808074851688,-15.938659485202258],[-47.897300641642694,-15.94088318637338],[-47.896305709854815,-15.942431966879703],[-47.8963425425781,-15.943318328876975],[-47.896729217900564,-15.944414724857946],[-47.89598249781222,-15.945521900505428],[-47.89577700190278,-15.946405757799047],[-47.8944548785356,-15.947403257352029],[-47.8939922713171,-15.947524551018967],[-47.89300512163454,-15.948754754078486],[-47.892147151486455,-15.948891042259538],[-47.891251355078396,-15.949954451214243],[-47.89075764728645,-15.950914411048483],[-47.889735045591195,-15.951573617450926],[-47.88881352323003,-15.953149998421898],[-47.88807810484627,-15.955833521106552],[-47.887414686432535,-15.957048191323938],[-47.88725874069585,-15.957815915071787],[-47.887704888083384,-15.959002513614987],[-47.887390015999884,-15.960836236935947],[-47.887466888432,-15.967536783181796],[-47.892388103001856,-15.969338810201828],[-47.89150550554026,-15.971272561573091],[-47.89015790954488,-15.971082906114361],[-47.890052138310075,-15.971740915649622],[-47.889341281662816,-15.97208074831432],[-47.88941926710757,-15.972186012636888],[-47.8894507656347,-15.972390322078338],[-47.88945339590185,-15.972558003708965],[-47.88943557781818,-15.972668950492958],[-47.889415176179774,-15.972795994481674],[-47.888956526938415,-15.974089717663293],[-47.88857881231091,-15.974950714886896],[-47.887947929080134,-15.975473795862627],[-47.88754766494236,-15.976654893897217],[-47.885442193579436,-15.977105162510284],[-47.884728332965864,-15.977835297526156],[-47.884589215369395,-15.97884299782187],[-47.884046994958844,-15.980528166935425],[-47.883010113643834,-15.982683314466318],[-47.88235758460797,-15.983434567161497],[-47.881651733373474,-15.984719343073504],[-47.88095987070458,-15.986446612903626],[-47.880870689556424,-15.9874353118625],[-47.88043554563281,-15.988139125642471],[-47.88039075383611,-15.988296950278732],[-47.88035917895218,-15.988504175074487],[-47.88037497313152,-15.98871023557008],[-47.88039649766403,-15.988991060616025],[-47.88047047572431,-15.989567037731788],[-47.88047697952697,-15.989890609513667],[-47.88045803046436,-15.990061406014949],[-47.88043291087408,-15.990287828468778],[-47.88029341059529,-15.990618685774956],[-47.879069169458106,-15.992338575706677],[-47.87847042345661,-15.99359575773088],[-47.87801306509432,-15.995152821209153],[-47.87793395136557,-15.996457826904773],[-47.87792699211706,-15.996818741246102],[-47.87794932423503,-15.997054204964671],[-47.87798657916649,-15.997249314021271],[-47.87834141639867,-15.99822331764772],[-47.87837838117429,-15.999111839299712],[-47.878458217148534,-15.999548722905113],[-47.878469050830866,-15.999716551016615],[-47.878472185951196,-15.999818237924286],[-47.87845140522374,-16.000000454578238],[-47.87842627754861,-16.000147344652625],[-47.87836213244743,-16.000425572586693],[-47.878063539633516,-16.001342537111515],[-47.877236073577535,-16.003247539626678],[-47.87609248228824,-16.00540832607994],[-47.87554550529826,-16.007723390120503],[-47.87476941838496,-16.00897588078449],[-47.87446533776298,-16.009875517595475],[-47.87384742081501,-16.01076563232891],[-47.87262558446783,-16.01085920563686],[-47.87217512786187,-16.011185016450504],[-47.871531248703874,-16.01239933417985],[-47.87137483404661,-16.012486023202467],[-47.87098594617359,-16.012585242743505],[-47.87077443963658,-16.012666111092763],[-47.8705390612692,-16.012764942850364],[-47.87063440396188,-16.012836424447112],[-47.87085979126667,-16.013099891999424],[-47.8710272947278,-16.01319833843957],[-47.87134743632876,-16.0137477531995],[-47.87201730913781,-16.013884422796043],[-47.87325841614446,-16.014693767000672],[-47.87498353542619,-16.01534254605586],[-47.87572342113185,-16.016692624593208],[-47.8766594710478,-16.01765713140564],[-47.87703028302067,-16.018465970744522],[-47.87714355249316,-16.020776661219173],[-47.87688950354092,-16.021399316618574],[-47.876048239362184,-16.022335925186802],[-47.874913332086734,-16.024926104649772],[-47.87487751805298,-16.02724791858257],[-47.87353629021467,-16.028645931536577],[-47.87261448488419,-16.030712853187175],[-47.87255736460853,-16.031699779787736],[-47.87162822543206,-16.032140984072832],[-47.87138602885168,-16.032958311220636],[-47.870941756248136,-16.03320458490538],[-47.87069799120927,-16.034400656905994],[-47.86971397485041,-16.03485317911382],[-47.86915037363778,-16.036398300864864],[-47.86861136111112,-16.036918739656702],[-47.868495932088685,-16.03741966269621],[-47.868536554804145,-16.037495548060477],[-47.86863440199984,-16.037564138921834],[-47.868712521293574,-16.03768691207572],[-47.8689084824846,-16.03766010496268],[-47.869301777492396,-16.037974049269394],[-47.87060391154788,-16.037932425349258],[-47.87258932397139,-16.0385554036065],[-47.87302692209237,-16.039357441365684],[-47.87377820921562,-16.03887582765556],[-47.87574300081179,-16.039300685869186],[-47.876473527868825,-16.040384738181654],[-47.877231958395214,-16.040648735699477],[-47.878902292122724,-16.041634993233693],[-47.87916737148833,-16.042974257565895],[-47.88079294216522,-16.044217017388096],[-47.88097088045671,-16.04518480292122],[-47.881691858422265,-16.046134181301046],[-47.88269424892194,-16.046751577628992],[-47.88436837174331,-16.046749282077734],[-47.885640505661556,-16.047465289046137],[-47.88661908900957,-16.048430888446195],[-47.8877309616845,-16.049225430104336],[-47.88822486980076,-16.049874006163137]]]},"properties":{"nome":"Macrorregião 3","regioesSaude":"Norte, Leste"}},
{"type":"Feature","geometry":{"type":"Polygon","coordinates":[[[-48.25850806644731,-15.977235841226909],[-48.25796655301088,-15.977715815071308],[-48.256496251639284,-15.977099024798763],[-48.25525582555562,-15.977306849316097],[-48.25350350169382,-15.977013785119132],[-48.25327801467604,-15.975878797892497],[-48.25205550010083,-15.976113490872953],[-48.25150823834491,-15.975701899026264],[-48.249265629272394,-15.975504564984403],[-48.247322845502374,-15.975627566289157],[-48.247064260057954,-15.974728691652262],[-48.24608213375446,-15.973714616916766],[-48.24561495321285,-15.972274433415983],[-48.244698284449164,-15.972714095232606],[-48.24445828694459,-15.97332233352392],[-48.243575687686366,-15.972811741975038],[-48.24151759257322,-15.97211816191313],[-48.23997483219248,-15.971852988206281],[-48.24031690885605,-15.971298755776019],[-48.23960054733273,-15.971013665417985],[-48.239050448697135,-15.97181584919472],[-48.23842282275758,-15.971808998819816],[-48.2383108118248,-15.972534120757205],[-48.237008975111685,-15.972376535867713],[-48.235838911369285,-15.971875273509909],[-48.235239108949024,-15.972187155227543],[-48.234599329701986,-15.971818884881454],[-48.23320004284853,-15.971756434361906],[-48.23254359086983,-15.971955880237337],[-48.230335204016384,-15.971010713492236],[-48.22954608883652,-15.970522873914431],[-48.228521270997454,-15.971239840837443],[-48.226085347170745,-15.970878401019169],[-48.22524967949624,-15.971326244571701],[-48.224567061389926,-15.97070335801983],[-48.2245111188056,-15.969946411013876],[-48.22370950087361,-15.969786882610055],[-48.22314870869288,-15.970720167094443],[-48.22124816460584,-15.970506577827443],[-48.22064129603755,-15.969425676808251],[-48.219768982489335,-15.969637591752896],[-48.21912280184758,-15.969046509896115],[-48.21868070855692,-15.969497911457024],[-48.21717456260884,-15.968462098008022],[-48.21701920257372,-15.968025246684379],[-48.215799472775885,-15.967449100464068],[-48.214568598478635,-15.967246086648382],[-48.21405881982626,-15.966105743745453],[-48.21289326832153,-15.965876247786458],[-48.21231227303005,-15.966208314856761],[-48.21160809984851,-15.965821521748309],[-48.211137216451306,-15.965148155770388],[-48.20935840845831,-15.964899584615988],[-48.20908738853372,-15.96522384489972],[-48.20802603621205,-15.965048174253328],[-48.207410277915706,-15.964614904026257],[-48.20685976156351,-15.96471519927124],[-48.20611293637228,-15.964249529458577],[-48.20472287970837,-15.96424893093498],[-48.203248420933626,-15.963315284639101],[-48.20233119611277,-15.963289969476195],[-48.20115697586555,-15.96285308441462],[-48.200689515049575,-15.962270866334563],[-48.20001756892885,-15.962585995756516],[-48.19975766385927,-15.963492963983027],[-48.1992186504343,-15.963430085939192],[-48.19858176915236,-15.963980375896533],[-48.19768122514802,-15.963464992182026],[-48.19708272708155,-15.963432448087394],[-48.19567858034242,-15.96270599681056],[-48.193242144476,-15.963921296434405],[-48.1925501811958,-15.962904394560836],[-48.19239765085381,-15.961520822822694],[-48.191885236544394,-15.961404018411937],[-48.19182011946607,-15.96035757256909],[-48.19102669866105,-15.959984700326736],[-48.1903983441878,-15.958964468797227],[-48.1897912636171,-15.958603739238024],[-48.18851141047562,-15.956853918862338],[-48.18840595454948,-15.95614936370994],[-48.18692810373622,-15.953431233524498],[-48.1870335084584,-15.952628822377825],[-48.18657230261175,-15.94956029794762],[-48.18693556065139,-15.948714718128286],[-48.187263866141656,-15.946708370576447],[-48.18706719258661,-15.945725725798823],[-48.18572166002144,-15.945538660731374],[-48.18171612876342,-15.945941028386205],[-48.179123439038165,-15.946676468978966],[-48.176237680239666,-15.946272681070827],[-48.175100141798765,-15.946675348700216],[-48.17300968847076,-15.947079758557214],[-48.172782186531805,-15.946273298650564],[-48.166374871919444,-15.946782591393163],[-48.163371382614756,-15.946908365681663],[-48.162733285013935,-15.94521824511587],[-48.16108229470946,-15.942673090892384],[-48.16017822481762,-15.940282203778713],[-48.158825041301185,-15.938743594963352],[-48.15679061499914,-15.937128048060757],[-48.15564429283138,-15.936990861321103],[-48.15416219927504,-15.934648239445284],[-48.153139364017804,-15.934443990864262],[-48.153572496613506,-15.94394186718796],[-48.15337487533584,-15.94714045991358],[-48.15157048961176,-15.946353228999604],[-48.15077117945173,-15.945626197561749],[-48.14840821319914,-15.94454656851278],[-48.14697031944973,-15.943444138161096],[-48.144179732664014,-15.942952404136186],[-48.14378631458702,-15.943207821905853],[-48.14187565277492,-15.943242087305055],[-48.14080737174747,-15.943736809225213],[-48.139482066547565,-15.943964210012853],[-48.137927519371985,-15.944717334593635],[-48.13580165265885,-15.945210695919544],[-48.13407180284884,-15.945159642960387],[-48.133394561159506,-15.944855628564392],[-48.13106457655257,-15.942980238006806],[-48.12925533004448,-15.942491981222865],[-48.12750482706777,-15.94275440728849],[-48.126991174879876,-15.94230866878919],[-48.126583690083855,-15.943538752688712],[-48.12695911670234,-15.944012821433573],[-48.12642581386762,-15.946954935359404],[-48.12578082439194,-15.947439050859233],[-48.123931533683425,-15.949608781906601],[-48.123927423891004,-15.950204573167971],[-48.12295212029209,-15.951717352475198],[-48.1230676481292,-15.952041983901186],[-48.12228680463647,-15.953041894552657],[-48.12253977561037,-15.954232036678912],[-48.12210059555616,-15.955659840844794],[-48.121182060093325,-15.95535146077745],[-48.12114492463779,-15.954707419755739],[-48.12026232807451,-15.954757934782501],[-48.12007151512839,-15.953678598477152],[-48.118774026261235,-15.953727829417886],[-48.117610018062166,-15.952771545229455],[-48.116325769464005,-15.952457782325903],[-48.11583780999156,-15.95204987228343],[-48.11499439614434,-15.95193892185204],[-48.11395522502367,-15.951084965275225],[-48.1127117653293,-15.951587775631355],[-48.111473504185476,-15.950829550629578],[-48.110745345087516,-15.94966264950345],[-48.10911388236068,-15.948612206297025],[-48.10819272112225,-15.947053451492145],[-48.1073066462822,-15.946661916583432],[-48.106448367113664,-15.944603836345834],[-48.10552381742998,-15.944379343686299],[-48.10525796730986,-15.94334491974548],[-48.10472958903952,-15.942551654361326],[-48.10387596134752,-15.942047401314449],[-48.103288215216686,-15.94087823350987],[-48.103529231410796,-15.940353116130265],[-48.102063222189614,-15.93713013151562],[-48.10070507907449,-15.936499424169424],[-48.09990890044155,-15.935586491978219],[-48.098880948380454,-15.935216494159295],[-48.098553018385985,-15.934672588180018],[-48.097237750062746,-15.933680944956343],[-48.09582575294634,-15.93288100301592],[-48.0943723416987,-15.932246647409817],[-48.09214561214547,-15.933517013390809],[-48.091354498214095,-15.934471916614205],[-48.091247984970856,-15.935028742939013],[-48.087744970384456,-15.937858769290969],[-48.08331229829366,-15.941323350682794],[-48.082679257309586,-15.941675161840854],[-48.08058462142562,-15.939477831065204],[-48.07970183801276,-15.939027634231447],[-48.078352403166,-15.938747939778239],[-48.077323474636195,-15.938918725480052],[-48.07529999071263,-15.93971910806222],[-48.073514310607706,-15.940894341976733],[-48.06673231677518,-15.945096436984619],[-48.06217742799167,-15.947959842211235],[-48.06154694181625,-15.948123571087665],[-48.05553233830676,-15.951839230864309],[-48.05373448872468,-15.952711764576321],[-48.05236275679425,-15.953102146697615],[-48.05089375438654,-15.9532956644521],[-48.04930237897926,-15.953271457036795],[-48.04802811695211,-15.95306506553335],[-48.045192665606166,-15.952172111506352],[-48.043932216074815,-15.951648447983626],[-48.04224712123057,-15.950579987424762],[-48.040738043181406,-15.949194244672162],[-48.039538769819224,-15.947574903744785],[-48.03822170127214,-15.945430191709772],[-48.04019769036833,-15.942556921593567],[-48.0416929981425,-15.939736286840672],[-48.043047730354495,-15.936339954657507],[-48.047590641002,-15.922156339241369],[-48.05413084878423,-15.901658042931844],[-48.05818940220359,-15.88904311386415],[-48.06033853438426,-15.882447681974877],[-48.05665782135655,-15.88121695798135],[-48.05469710901009,-15.880206997102043],[-48.051507543575774,-15.878125525764759],[-48.04844123238834,-15.87602989533611],[-48.04563022060801,-15.874279210507197],[-48.04384623023414,-15.873831293933165],[-48.04236506463748,-15.873823470740748],[-48.03287736762707,-15.875203872401947],[-48.02598016126609,-15.876167616186754],[-48.023675276486514,-15.876656317506859],[-48.01329412228103,-15.878125909398877],[-48.011525891950505,-15.878227109289318],[-48.00318420988402,-15.877518174145676],[-47.99209724486823,-15.876511181732775],[-47.993356137619195,-15.871914993270522],[-47.993327121137206,-15.871203641576647],[-47.99387214968134,-15.869001704010314],[-47.99183482721081,-15.868469075792072],[-47.99142721215907,-15.868017641578623],[-47.99194748403228,-15.86621661601263],[-47.98654475540215,-15.864780642279264],[-47.98677975557879,-15.86429181451733],[-47.98830829203533,-15.86275669677759],[-47.987946397638275,-15.862435673103862],[-47.990560266942985,-15.859868925676793],[-47.99088318254154,-15.860187132956455],[-47.994561506948905,-15.856597061733597],[-47.995211478481146,-15.856704200383149],[-47.996463391322344,-15.855366185929602],[-47.996089218752005,-15.855008523061663],[-47.997436724915836,-15.853765990616314],[-47.998004265240986,-15.853029946665401],[-48.00064467976234,-15.8504196667746],[-47.99875671658085,-15.848650917120091],[-47.9998669210843,-15.846424755010354],[-48.00103080441754,-15.846952637497647],[-48.00195125778352,-15.84831239751063],[-48.00640721959637,-15.850212328865826],[-48.00763621012647,-15.84727594821484],[-48.00802678683222,-15.84743715444171],[-48.01088513982801,-15.841126605905638],[-48.00362584144063,-15.838059539157902],[-48.00529110238172,-15.83431293855684],[-48.00784396080728,-15.835376534851402],[-48.00862501899736,-15.834402787188068],[-48.008569035988856,-15.833714270171225],[-48.011575835585354,-15.82696861120879],[-48.013655280059545,-15.822199899806181],[-48.01115149749628,-15.821154098930569],[-48.01072415903416,-15.822080883188871],[-48.00543705795414,-15.819855645187204],[-48.00382795249809,-15.819124890726647],[-48.0031188861932,-15.81808295291616],[-48.00184408158361,-15.818160814905344],[-48.0013928407484,-15.8172570281643],[-48.004121671053284,-15.815817720900501],[-48.004872526985196,-15.814554085454139],[-47.99592439496535,-15.811264037545504],[-47.99491061472619,-15.810952951315489],[-47.99287019935614,-15.81097772037169],[-47.992445446245405,-15.808608720196174],[-47.99122602187477,-15.799517913299342],[-47.99088154850603,-15.795666756486233],[-47.98976466143519,-15.787269504036555],[-47.9938878288763,-15.786545506768766],[-47.99732500683385,-15.786229100871308],[-47.99979324306132,-15.786148756047226],[-48.00301856773215,-15.786245034980631],[-48.0029985164367,-15.785779121037779],[-48.00420050989756,-15.784341930029802],[-48.00396691738097,-15.7837671488012],[-48.00489298162421,-15.78129142891049],[-48.005478974243616,-15.780620914183897],[-48.006135028268645,-15.778338593543701],[-48.00606901646831,-15.776318571807634],[-48.006575906138735,-15.776060541072821],[-48.006759625987385,-15.775072392756405],[-48.00648860606279,-15.774779048049279],[-48.00673721391936,-15.773459276033563],[-48.00638081182196,-15.772894958873188],[-48.00620118829101,-15.771666313243365],[-48.00619705514239,-15.770079546278968],[-48.006671300933704,-15.769418918143328],[-48.00677413198259,-15.76842984529935],[-48.006559715802375,-15.766163675892658],[-48.007274220508,-15.764910499245039],[-48.00711171257816,-15.76381477166576],[-48.007147532900106,-15.76239935568776],[-48.00662997214242,-15.761702120474544],[-48.00682696729434,-15.761077046988785],[-48.00615992507675,-15.759186617939518],[-48.00544398935487,-15.759027994723779],[-48.00511202502646,-15.758300357170016],[-48.00472835816188,-15.75475350823245],[-48.00690958265607,-15.75390430354359],[-48.011378272698174,-15.752804098580116],[-48.017187413535886,-15.75155882042447],[-48.03692838058793,-15.752963903344918],[-48.04761968443346,-15.75370605803636],[-48.04994601559213,-15.748300010670146],[-48.05061924091382,-15.747123677556752],[-48.05244590845021,-15.744637538225875],[-48.054029886231135,-15.743006613232573],[-48.05589203632293,-15.74149366616084],[-48.057402939748755,-15.740497756434484],[-48.0600663816841,-15.739149308204432],[-48.061902565972616,-15.738502395489856],[-48.06403361147336,-15.737973008592542],[-48.070493164017805,-15.737018552518567],[-48.072457787629006,-15.736586114459811],[-48.07454686114473,-15.73594310439307],[-48.07574071407249,-15.735400826677974],[-48.07801654464083,-15.73413618686991],[-48.08127764292122,-15.732008864118393],[-48.08367747693139,-15.72982350122538],[-48.08480141667553,-15.728208297499188],[-48.08563153545654,-15.72650298565002],[-48.08619428686291,-15.72478324330603],[-48.086516075974096,-15.723146017104908],[-48.08675319617481,-15.720420851076668],[-48.088346722148884,-15.698459791974503],[-48.08936104766542,-15.684641952570596],[-48.089717464135866,-15.67943448049127],[-48.08963577853046,-15.677842488088352],[-48.089222856232006,-15.675867209640925],[-48.085678896434956,-15.663599643171345],[-48.079302933924325,-15.641683863907302],[-48.076819061621016,-15.633049635755407],[-48.07631936386276,-15.631539906932858],[-48.07528117370238,-15.629497208621542],[-48.0735542829429,-15.627255996046046],[-48.07207844345758,-15.625932061516762],[-48.070002550922005,-15.624561738487062],[-48.05946610854662,-15.619747867812347],[-48.05408142437561,-15.617231564864051],[-48.048619383580544,-15.614745622418313],[-48.04634904082026,-15.613416583903904],[-48.045093720669186,-15.612457443611605],[-48.04352078318311,-15.610901660198374],[-48.03845706167321,-15.604771658445802],[-48.03386626453286,-15.599133441486787],[-48.02916200208728,-15.593440383149856],[-48.0275543581902,-15.591636892994638],[-48.026118335631516,-15.590267058978633],[-48.02237667640336,-15.587009553034777],[-48.01699885266618,-15.582402411304397],[-48.02182616005117,-15.576596365278863],[-48.023450133523475,-15.574576345341177],[-48.02487807573618,-15.573009039308928],[-48.026646147064916,-15.571646175177674],[-48.03083715168301,-15.568579631653288],[-48.034708559977545,-15.565676179085704],[-48.03537322255795,-15.56419455951576],[-48.03528653064145,-15.563283099259374],[-48.03397249840005,-15.560504527357729],[-48.03360195412513,-15.558880704070386],[-48.033868407913126,-15.556986960515477],[-48.03490434240383,-15.55514990656164],[-48.036147404144536,-15.554045971313231],[-48.041713044946384,-15.550751404050839],[-48.043089448116284,-15.54924517044154],[-48.04371857424236,-15.54772262258632],[-48.04387717270409,-15.54663974022011],[-48.043566210088706,-15.544672727037547],[-48.04257916550903,-15.542489005940542],[-48.04157430194738,-15.541216215261025],[-48.03621456668675,-15.536432180227417],[-48.03291240551641,-15.533289813257204],[-48.031862915448066,-15.531652062228654],[-48.03187223187588,-15.53094985447552],[-48.03278439199516,-15.530705127604737],[-48.03430969182172,-15.531546111511812],[-48.03552432098537,-15.531203767611997],[-48.0379125451688,-15.527666368803478],[-48.03872587174221,-15.525937403707905],[-48.03908142493166,-15.524523154156572],[-48.039779550654714,-15.519110412999726],[-48.0397313012425,-15.517901492881336],[-48.0394179104809,-15.516630349943958],[-48.03709507646363,-15.510898382283237],[-48.034245565585174,-15.505027075476411],[-48.034061234882124,-15.50395061086949],[-48.034776041421686,-15.50241218527359],[-48.200008974746524,-15.502278248300417],[-48.20000897564485,-15.56270158413317],[-48.20000855882655,-15.600676142900854],[-48.200008970254956,-15.623108832612502],[-48.20076835928375,-15.62298386164133],[-48.202340506252376,-15.62344818325507],[-48.20320280897508,-15.624319305761453],[-48.20435072475415,-15.62422344513707],[-48.20512765428719,-15.623721028702453],[-48.20603083305025,-15.623710173996782],[-48.20756393654169,-15.623108574804906],[-48.208877359725335,-15.623165832306174],[-48.21104244239219,-15.622591045305455],[-48.211843432401814,-15.62254111009172],[-48.21382823307261,-15.622913723214083],[-48.21517553172563,-15.622720300629078],[-48.216851632637244,-15.622079180238536],[-48.217341763337735,-15.622264975580205],[-48.21800730267385,-15.623071774930457],[-48.21849329842908,-15.624205062170665],[-48.219942993346386,-15.625858984439645],[-48.22049449964204,-15.627183432450842],[-48.22087395700119,-15.627455320439731],[-48.22328446748852,-15.62823328618053],[-48.22470182934379,-15.629181169483143],[-48.22581485994713,-15.630401205847582],[-48.22602335173805,-15.631280748999679],[-48.227530361865426,-15.632803500995891],[-48.228322353450835,-15.63334970554952],[-48.22926479398171,-15.635401378637722],[-48.22962794063025,-15.637302006233861],[-48.22993284949894,-15.637779101795863],[-48.23189406220701,-15.639396768014556],[-48.232727698790676,-15.640573703692118],[-48.23396694808132,-15.641217537800443],[-48.234072783096515,-15.64220973003863],[-48.23456147110266,-15.643483500312154],[-48.235091836446394,-15.647084921933088],[-48.235493577414495,-15.648360826132361],[-48.23628582861302,-15.649539863266886],[-48.236549727592354,-15.650506205830341],[-48.23624601168637,-15.652137922013553],[-48.23557558910836,-15.65444398403781],[-48.23475245742363,-15.656007392782739],[-48.23368475850448,-15.657371448667314],[-48.23418520186443,-15.657938715609385],[-48.23488165582274,-15.659828069967814],[-48.235161032774414,-15.661592584886776],[-48.23464293123094,-15.665272236940671],[-48.23458124751363,-15.66673970658149],[-48.23509459607095,-15.668768087667056],[-48.235933849820086,-15.669950795475337],[-48.235956657146836,-15.67032521990244],[-48.23695058910979,-15.672274210013665],[-48.23750139292288,-15.674251916426678],[-48.23791948053421,-15.676385726126732],[-48.238578499898,-15.677829182548608],[-48.23893957053993,-15.679355408099173],[-48.23950199495953,-15.679468736968573],[-48.23940530299729,-15.680861972988035],[-48.2395821435475,-15.682231209566313],[-48.24090900373116,-15.685721327361442],[-48.24128866321127,-15.686388986190298],[-48.24135810028778,-15.687944986844592],[-48.24114973066774,-15.690615673342597],[-48.24072704547879,-15.69191428431712],[-48.2406495406327,-15.6928933426507],[-48.24135998585157,-15.69310529182692],[-48.24143154025721,-15.694020748602444],[-48.239759393729464,-15.695060688925171],[-48.23952240917436,-15.696526026241377],[-48.23922872206021,-15.696730876703002],[-48.23948587648839,-15.698378184422591],[-48.24005579375578,-15.699380124684433],[-48.24003778163602,-15.700740687564158],[-48.24049792297906,-15.701838746615698],[-48.240332702137046,-15.702981815433866],[-48.24153710847277,-15.704276419799234],[-48.24107128348893,-15.705022587420668],[-48.240976751974955,-15.70594338082306],[-48.239310298969485,-15.707177274211112],[-48.23909824176519,-15.707641835179237],[-48.2375473965469,-15.708439604840066],[-48.23692549018076,-15.707918073112436],[-48.236484787482155,-15.708664447912318],[-48.23544829513766,-15.708675210764032],[-48.23480186027268,-15.708951847681172],[-48.233438685693656,-15.708505233566848],[-48.23248652898466,-15.709544223119162],[-48.23042275382397,-15.709585528386173],[-48.230043883963,-15.709280052541356],[-48.228768745180126,-15.709276461187539],[-48.22791405028958,-15.708718453277966],[-48.2270343454032,-15.708933819971952],[-48.225241190416796,-15.70975148268637],[-48.22394073710922,-15.709534613038771],[-48.22275324964357,-15.708139300308199],[-48.22194242038665,-15.708210771489995],[-48.22129079236101,-15.70902089810788],[-48.22050225210293,-15.708681454359253],[-48.21913534412558,-15.709022588718419],[-48.21722955836886,-15.709886233763667],[-48.21588017831933,-15.71014044500622],[-48.21387760807389,-15.711211581200923],[-48.21026794100538,-15.712763458655536],[-48.20777559938556,-15.717672629567703],[-48.207714585811466,-15.723797693866691],[-48.20660972448733,-15.732254447788332],[-48.20824721850299,-15.740339062425184],[-48.205557038213215,-15.747044463709097],[-48.20560872907129,-15.75033767995217],[-48.206696826035596,-15.755051192615365],[-48.21268768078392,-15.763232882007394],[-48.213506457436154,-15.766678652170611],[-48.21609076318485,-15.768861469498056],[-48.22819918454391,-15.77695199756442],[-48.2309831929668,-15.77795792058272],[-48.232007201423784,-15.778478299230278],[-48.23237307805248,-15.779921582170234],[-48.23306008532727,-15.780982819122785],[-48.23228824834357,-15.78364563640979],[-48.233215979859985,-15.78442837593442],[-48.234996879130975,-15.784715862200027],[-48.235599070171574,-15.78499518948128],[-48.23657642821754,-15.784881099904982],[-48.237458364519085,-15.785449591787295],[-48.23789575153597,-15.786612124251754],[-48.23688443178237,-15.788924711119021],[-48.237729688074246,-15.791196287197835],[-48.238640648942614,-15.79279268088079],[-48.23992757631696,-15.793887307086303],[-48.24048111550009,-15.793932147894639],[-48.24056282895328,-15.792762915061738],[-48.24114662609013,-15.79308407881237],[-48.24104170286494,-15.795985568807682],[-48.24037941004025,-15.797788759977164],[-48.240449609786445,-15.79843364861717],[-48.24131718292492,-15.799490297310669],[-48.24248384384902,-15.799182029011073],[-48.242836828755074,-15.79739535483917],[-48.243976010214645,-15.79731038219557],[-48.24458012005669,-15.796883403284301],[-48.245361941814764,-15.797702509937704],[-48.24633525564532,-15.797146769302945],[-48.24675743508276,-15.797828360887943],[-48.245928803013555,-15.79933985411341],[-48.246734738248804,-15.799406631620796],[-48.24749355325413,-15.798658740432169],[-48.248812178581595,-15.798718066339136],[-48.24907024030821,-15.799645167733376],[-48.248058580093115,-15.800722122848846],[-48.24858886908006,-15.802416526995772],[-48.24942229994953,-15.801755061233692],[-48.24876943494374,-15.801389138642957],[-48.24912572744668,-15.800686696557387],[-48.2498538497137,-15.801102925053735],[-48.250405149396826,-15.802118545650698],[-48.25147534563247,-15.801982713067867],[-48.252504050481754,-15.802198310201739],[-48.253615774036355,-15.801882041986028],[-48.255051944817055,-15.802078599832479],[-48.25666575924182,-15.801766253065551],[-48.257530415550555,-15.803034452678542],[-48.25909533108115,-15.802894148497302],[-48.25922917107533,-15.80345564382721],[-48.26062241406355,-15.805133664618078],[-48.2611671677232,-15.80555922242385],[-48.261225986713065,-15.806485875873836],[-48.262082330910474,-15.806417803315659],[-48.26221536691248,-15.805865344339484],[-48.26331247847065,-15.806841378204956],[-48.26411941353082,-15.806657600892326],[-48.26451380717821,-15.80783451787197],[-48.26449599897601,-15.808634454140833],[-48.265184561234555,-15.808702907126452],[-48.26612440743089,-15.80733134160357],[-48.26683718647286,-15.807349057193854],[-48.26631169538784,-15.809286664589884],[-48.2668758742172,-15.809305488951304],[-48.267059945307125,-15.808234125107552],[-48.26790768094917,-15.808488911626199],[-48.26822824745325,-15.809873440348685],[-48.26799248730188,-15.810383240577696],[-48.26782152712354,-15.811889792059404],[-48.26822835704772,-15.812915150407749],[-48.26965913254682,-15.811950225609253],[-48.269704183956634,-15.812787581060965],[-48.2701956711132,-15.813477310252326],[-48.271008526071085,-15.812790722001708],[-48.271342969749675,-15.814721970400369],[-48.271755447382056,-15.815412642007853],[-48.27415839764794,-15.816811477697877],[-48.27499105686457,-15.816886554528008],[-48.2754898356463,-15.81765599535703],[-48.276457589803556,-15.81820294422117],[-48.27645824018382,-15.819281905126106],[-48.27707303189292,-15.819726774274375],[-48.27719342859887,-15.82039139211525],[-48.27869931583216,-15.822340339255353],[-48.28043146802424,-15.823498364423024],[-48.28072507698496,-15.824057781033964],[-48.2808380320471,-15.825218963903687],[-48.28053380589804,-15.82569884780108],[-48.28159193506446,-15.827143581415392],[-48.280874663547756,-15.827967316375918],[-48.28134101314773,-15.828723460859749],[-48.28136024697628,-15.82939188984726],[-48.281800063037686,-15.830715085272198],[-48.28183748595412,-15.831584281133175],[-48.28251306845512,-15.833361988544244],[-48.28385010655096,-15.834605913532522],[-48.28512080406306,-15.836877395023551],[-48.28463752481325,-15.83783803878907],[-48.285172077204535,-15.83990034393669],[-48.28492188651643,-15.840643556785965],[-48.28374323847318,-15.84138385368761],[-48.28326948136538,-15.84211373864526],[-48.28437235381948,-15.842711536089029],[-48.2853509263877,-15.842873060526706],[-48.28589239670499,-15.844432267492845],[-48.284979345456954,-15.844820128124985],[-48.28516595967745,-15.846573237789638],[-48.28443479122329,-15.846822472914877],[-48.283999557468135,-15.848620775832527],[-48.284049323236566,-15.849876667930445],[-48.28307049195353,-15.850705385374635],[-48.28241842734667,-15.852901377764725],[-48.28273687113174,-15.853620692321764],[-48.28416293317054,-15.853203389811647],[-48.28405694184848,-15.854197412066053],[-48.282422788667375,-15.854676070884402],[-48.283194841246726,-15.8559927595911],[-48.28215044911763,-15.855734554818575],[-48.28142859888793,-15.857427322561866],[-48.28055101672056,-15.85688465452901],[-48.280286338901874,-15.857879312789061],[-48.28052200922173,-15.858422947694441],[-48.28154419409869,-15.858489106842937],[-48.28119709764931,-15.859230344121986],[-48.28071432325269,-15.861327836838237],[-48.27998494244596,-15.861317038019925],[-48.28028967614316,-15.8604659688609],[-48.27932139826808,-15.86002468740145],[-48.278945890801225,-15.861862080799929],[-48.28007850737269,-15.862540569748925],[-48.28005873186003,-15.862950367192346],[-48.27911927104095,-15.863331027073988],[-48.27940657831996,-15.86403106435855],[-48.279220500393684,-15.864699340143163],[-48.28042779660967,-15.865902508865677],[-48.2805041758667,-15.866884011822583],[-48.27913144950126,-15.867267063847626],[-48.280106631827614,-15.868297286668376],[-48.27946017809801,-15.868752347667604],[-48.27814465555154,-15.868560766992042],[-48.27662512650237,-15.869313553674939],[-48.27597305650561,-15.869899125930914],[-48.27592314880337,-15.87048089024137],[-48.27730798625549,-15.871631370708037],[-48.27834482445136,-15.871629527649565],[-48.277632263700006,-15.87257558384798],[-48.276996863739974,-15.875914898915335],[-48.27625639862095,-15.875851869028688],[-48.27511755672457,-15.876257624172839],[-48.274914041600326,-15.87678306540216],[-48.275688172881246,-15.877895820383943],[-48.275601114452115,-15.880316840581317],[-48.27493081314667,-15.880534137451848],[-48.27511875058558,-15.87923388748355],[-48.274917920525716,-15.878819922198842],[-48.27396529579446,-15.879063353478749],[-48.273826930986196,-15.880307433007085],[-48.273534603921384,-15.88069264982911],[-48.27334947910764,-15.882092603069987],[-48.27174224753726,-15.883235506307281],[-48.271672034316346,-15.884103896987405],[-48.27240969220011,-15.885473549037245],[-48.27307871340627,-15.885908762139945],[-48.27325093392096,-15.887169674200228],[-48.27387165540925,-15.88774597394534],[-48.273677047081044,-15.88842031062699],[-48.27405219701841,-15.889282515217534],[-48.273808886527085,-15.890342706062773],[-48.27477852534982,-15.89033590042614],[-48.275339926588316,-15.890738706110175],[-48.27573177171524,-15.891900555764877],[-48.276435898184396,-15.892520283699122],[-48.275286699611094,-15.893747266700952],[-48.27359073874518,-15.894223234471681],[-48.272870133580454,-15.895577750097285],[-48.27412073847459,-15.89533927894945],[-48.27553914507056,-15.895704125807114],[-48.2754081805836,-15.896228843257164],[-48.276054188748816,-15.896923779427363],[-48.27586894984902,-15.897360536717652],[-48.27423896215588,-15.897598735914983],[-48.273799499132366,-15.898649259375244],[-48.27389972955851,-15.899452970521628],[-48.27468525147724,-15.900024927450053],[-48.27601848430953,-15.899264934467547],[-48.276665344975946,-15.899969751479421],[-48.275837702850176,-15.901651772456708],[-48.27619730744157,-15.903068336765065],[-48.27454729630074,-15.902995261780568],[-48.27417719309863,-15.90331085923357],[-48.27440153027284,-15.904519083620647],[-48.27507777303558,-15.905578909077015],[-48.27637150335157,-15.906053004379608],[-48.27710144919862,-15.907038149989999],[-48.27625140847955,-15.907119049723422],[-48.27480907615431,-15.907761214986246],[-48.274859647711544,-15.908833095616288],[-48.27427114340262,-15.909699319720565],[-48.27234257996355,-15.910687556641864],[-48.2709716933478,-15.91077170490082],[-48.27044626963643,-15.91040961099035],[-48.269651143829,-15.911412014072981],[-48.27042987987407,-15.91196912808695],[-48.26933036801746,-15.913123357392259],[-48.270065542957774,-15.91362351742075],[-48.270677161817275,-15.916142662335718],[-48.27028285350984,-15.91703053298277],[-48.27088194356608,-15.917445478750059],[-48.27083409929405,-15.91870730575649],[-48.27000534864722,-15.918995498331258],[-48.27003406149864,-15.919451085677158],[-48.27083967334039,-15.920033572319758],[-48.27181097404639,-15.920239712728685],[-48.27286146573628,-15.91987594530272],[-48.2730708747071,-15.920294060741016],[-48.27162066505514,-15.921276510419741],[-48.27236376672952,-15.922168166234444],[-48.27419702071358,-15.922445796727796],[-48.27493181117495,-15.92204338196323],[-48.275420799218395,-15.922883546414418],[-48.27607694666822,-15.925411453730137],[-48.276804070008644,-15.925905243474872],[-48.276318277272665,-15.92676351064323],[-48.275218177019546,-15.92713746742917],[-48.27469564678171,-15.92760466084215],[-48.27485634460625,-15.928862880618507],[-48.27559226963983,-15.930443099197968],[-48.276375937435816,-15.931125212961678],[-48.27579366384169,-15.931581771353747],[-48.27454135843671,-15.931098586784966],[-48.27388633388099,-15.93110078346195],[-48.27127275024055,-15.932000408345038],[-48.27026632181367,-15.931650699151332],[-48.26893716553613,-15.932124690601833],[-48.26858868837617,-15.933050505778269],[-48.268200125693284,-15.933145402488748],[-48.26527560099703,-15.931699723865597],[-48.264996484556775,-15.93139885407996],[-48.26424986148648,-15.929229426226943],[-48.26424272526987,-15.928472275965705],[-48.26221776900755,-15.928458768341315],[-48.26149299206664,-15.927927008459891],[-48.26126477956029,-15.928757464835131],[-48.26051074179564,-15.929340658731693],[-48.259192100298506,-15.929221466977724],[-48.25868985222315,-15.9297878798458],[-48.25882205728352,-15.93131824659056],[-48.257998823190846,-15.932237198210903],[-48.25728978114046,-15.93229285769183],[-48.25663672659015,-15.931909746352304],[-48.255754650151424,-15.932282493722305],[-48.25473282549889,-15.935458974363664],[-48.25464465585375,-15.936747704893605],[-48.25231022009458,-15.93584021659054],[-48.25138114469851,-15.937473598946573],[-48.251354541989684,-15.937875984507642],[-48.252254427528925,-15.939233643709287],[-48.25270445743512,-15.940212066207355],[-48.25219750757758,-15.94121802868559],[-48.25274925821497,-15.942474510728102],[-48.25290272010991,-15.944210444759772],[-48.25202995920067,-15.944869483177833],[-48.25136990946925,-15.943839888446872],[-48.25080532370308,-15.943924002082088],[-48.25060108184176,-15.945863798818015],[-48.250157479381414,-15.947582432122287],[-48.25046092040292,-15.948105687352065],[-48.251659241550904,-15.94780436106679],[-48.25299495103844,-15.94647721473739],[-48.25343627626953,-15.94719174903427],[-48.2534395066113,-15.948524285542996],[-48.25249482927537,-15.948357016528062],[-48.25213804808891,-15.948842264456466],[-48.25208502143602,-15.951138176906682],[-48.25179601993438,-15.953252273001416],[-48.25141542440975,-15.953855494340223],[-48.25134593612926,-15.955369654801745],[-48.251925247977894,-15.95593283525901],[-48.25330159724888,-15.955855074905758],[-48.25382293632065,-15.956689414602117],[-48.25469683898861,-15.957270896619383],[-48.254356749398454,-15.958207346142215],[-48.254573449096135,-15.959034066909856],[-48.256022428954466,-15.959538817900171],[-48.2562609550186,-15.960063458364898],[-48.255316522024415,-15.960495340128347],[-48.255095796975965,-15.961750905893343],[-48.255657774034546,-15.961899237035022],[-48.257481096244824,-15.961304611966241],[-48.257465832071524,-15.962086005273404],[-48.256329024859255,-15.962509562867348],[-48.25608468759355,-15.96330407500832],[-48.25752014690855,-15.963704359229201],[-48.25771096434625,-15.96491285141357],[-48.25915946180928,-15.966241635795967],[-48.26022469395466,-15.966800057154535],[-48.260551284561046,-15.968679219198977],[-48.259703628869055,-15.969687261822566],[-48.2579778852582,-15.972953954721245],[-48.25837640396937,-15.973490328735323],[-48.25929493404234,-15.973398591286902],[-48.25969865130406,-15.974307629878544],[-48.25916688997837,-15.975210576662306],[-48.25902627578863,-15.976496385590464],[-48.25791643420456,-15.976472073890664],[-48.25850806644731,-15.977235841226909]]]},"properties":{"nome":"Macrorregião 1","regioesSaude":"Oeste, Sudoeste"}},
{"type":"Feature","geometry":{"type":"Polygon","coordinates":[[[-47.88822486980076,-16.049874006163137],[-47.8877309616845,-16.04922831698962],[-47.88661908900957,-16.048433775342993],[-47.885640505661556,-16.047468175956933],[-47.88436837174331,-16.046752169862224],[-47.882694248023626,-16.046754464550137],[-47.881691859320576,-16.046137068231136],[-47.88097088045671,-16.045187689865067],[-47.88079294216522,-16.044219904345965],[-47.87916737238665,-16.042977144541773],[-47.878902292122724,-16.041637880228976],[-47.87723195929353,-16.04065162270905],[-47.876473527868825,-16.04038762519505],[-47.87574300081179,-16.039303572898284],[-47.87377821011395,-16.038878714690817],[-47.87302692299069,-16.03936032839396],[-47.87258932397139,-16.0385582906464],[-47.87060391244619,-16.03793531326153],[-47.869301777492396,-16.037976936317715],[-47.8689084824846,-16.037662992015537],[-47.868712521293574,-16.0376897991282],[-47.86863440199984,-16.037567025976085],[-47.868536554804145,-16.037498435115722],[-47.868495932088685,-16.03742255061591],[-47.86856549582765,-16.037337646622618],[-47.86855200672535,-16.037192497679154],[-47.86861136111112,-16.036921626720307],[-47.86915037363778,-16.036401187936004],[-47.86971397485041,-16.034856066207343],[-47.87069799210758,-16.03440354400606],[-47.870941756248136,-16.03320747202277],[-47.87138602885168,-16.032961198341592],[-47.87162822543206,-16.032143871205623],[-47.87255736460853,-16.031702666926915],[-47.87261448578249,-16.030715740340646],[-47.87353629021467,-16.02864881871997],[-47.87487751805298,-16.027250805786203],[-47.874913332086734,-16.024928991887005],[-47.876048240260495,-16.02233881246152],[-47.87688950443924,-16.02140220390685],[-47.87714355249316,-16.020779548516458],[-47.877128693460044,-16.020702351290417],[-47.87710685361886,-16.02062973365065],[-47.87692849940741,-16.020243118356017],[-47.87709896191909,-16.019884187336658],[-47.87703028391899,-16.01846885807524],[-47.87665947194612,-16.017660018748057],[-47.87572342113185,-16.016695511949585],[-47.87498353542619,-16.015345433431765],[-47.87325841614446,-16.01469665352251],[-47.87201730913781,-16.01388731019303],[-47.87134743632876,-16.01375064059847],[-47.8705390612692,-16.01276782940009],[-47.870774440534895,-16.01266899850738],[-47.87098594617359,-16.012588129295832],[-47.87137483494493,-16.012488910619684],[-47.871531248703874,-16.012402221598325],[-47.87217512786187,-16.011187903886537],[-47.87262558446783,-16.01086209307761],[-47.87384742081501,-16.010768518907536],[-47.87446533776298,-16.009878405050447],[-47.87476941838496,-16.008978767388996],[-47.87554550619657,-16.007726276743107],[-47.876092483186554,-16.005411212736004],[-47.877236073577535,-16.003250427177473],[-47.878063539633516,-16.001345423826333],[-47.878362133345746,-16.00042846017827],[-47.87842627754861,-16.00015023138471],[-47.87845140522374,-16.000003341312443],[-47.878472185951196,-15.999821124661123],[-47.878469050830866,-15.999719437754917],[-47.878458217148534,-15.999551609645843],[-47.87837838117429,-15.999114726910275],[-47.87834141639867,-15.998226204407604],[-47.87798657916649,-15.99725220079522],[-47.87794932423503,-15.997057091741434],[-47.87792699301538,-15.996821628026268],[-47.877933952263895,-15.996460713690158],[-47.87801306509432,-15.995155708876922],[-47.87847042345661,-15.9935986445576],[-47.879069169458106,-15.992341462551552],[-47.88029341059529,-15.990621572644667],[-47.88043291087408,-15.990290715343264],[-47.88047697952697,-15.989893496393886],[-47.880470476622634,-15.98956992461668],[-47.880396498562355,-15.988993948372803],[-47.8803591798505,-15.988507061974724],[-47.88039075473442,-15.988299837181964],[-47.88043554653112,-15.98814201341155],[-47.880870689556424,-15.987438198778168],[-47.88095987070458,-15.986449499833565],[-47.881651734271784,-15.984722230028375],[-47.88235758460797,-15.98343745413491],[-47.883010113643834,-15.982686201450576],[-47.884046994958844,-15.980531053950784],[-47.884589215369395,-15.978845884861544],[-47.884728332965864,-15.977838184580364],[-47.885442193579436,-15.977108049575026],[-47.88754766494236,-15.976657780968464],[-47.887947929978445,-15.975476682950905],[-47.88857881231091,-15.974953601982723],[-47.88895652783674,-15.974092604771544],[-47.889415176179774,-15.972798880744948],[-47.88945339590185,-15.972560889975668],[-47.88945076653301,-15.972393209211097],[-47.889419268005895,-15.972188899772592],[-47.88934128256113,-15.972083635451538],[-47.890052139208386,-15.971743802791744],[-47.89015790954488,-15.971085793265978],[-47.89150550643857,-15.971275448721972],[-47.892388103001856,-15.969338810201828],[-47.887466888432,-15.967536783181796],[-47.887390015999884,-15.960836236935947],[-47.887704888083384,-15.959002513614987],[-47.88725874069585,-15.957815915071787],[-47.887414686432535,-15.957048191323938],[-47.88807810484627,-15.955833521106552],[-47.88881352323003,-15.953149998421898],[-47.889735045591195,-15.951573617450926],[-47.89075764728645,-15.950914411048483],[-47.891251355078396,-15.949954451214243],[-47.892147151486455,-15.948891042259538],[-47.89300512163454,-15.948754754078486],[-47.8939922713171,-15.947524551018967],[-47.8944548785356,-15.947403257352029],[-47.89577700190278,-15.946405757799047],[-47.89598249781222,-15.945521900505428],[-47.896729217900564,-15.944414724857946],[-47.8963425425781,-15.943318328876975],[-47.896305709854815,-15.942431966879703],[-47.897300641642694,-15.94088318637338],[-47.89808074851688,-15.938659485202258],[-47.89811819928108,-15.937211517533978],[-47.89873909594084,-15.935227881574908],[-47.89940856001644,-15.93478725385412],[-47.89967255960709,-15.93420398767524],[-47.90046458532847,-15.934065533468859],[-47.90105234044246,-15.932856526220585],[-47.90168526195062,-15.93242280720872],[-47.902707390233715,-15.9308262280217],[-47.90273687563629,-15.9302354843621],[-47.90343366915777,-15.929558117720372],[-47.904192036802094,-15.928302469589953],[-47.90449583714971,-15.926898256275544],[-47.90557590137875,-15.925520189269085],[-47.90632517268251,-15.923812738646427],[-47.90629025965899,-15.923006007276284],[-47.906912883779036,-15.921776088646565],[-47.9065793069747,-15.91906851307525],[-47.90669560197306,-15.918508403847612],[-47.90586941152479,-15.916631285567563],[-47.90607388874471,-15.915485481103703],[-47.906913304190596,-15.915181445951815],[-47.90704899381594,-15.91450493647872],[-47.90790475590506,-15.913053810737285],[-47.9078995097438,-15.912617629194488],[-47.90695306632001,-15.912413175060639],[-47.90581752303735,-15.911780696842548],[-47.90427133378717,-15.912107359956458],[-47.903515039454525,-15.911950179402421],[-47.90300393668541,-15.911398818032392],[-47.90241592555157,-15.911775313904645],[-47.901758312949525,-15.91129106228572],[-47.900863928693084,-15.911760509312847],[-47.89847915853192,-15.912126546197241],[-47.89606805605482,-15.911348779329712],[-47.89529832921374,-15.911350403458238],[-47.894607774491895,-15.911712377320004],[-47.893603678091495,-15.911723782482483],[-47.890517070368524,-15.911402664969879],[-47.88975902701603,-15.911106897203773],[-47.88848329714169,-15.911321617506],[-47.88702194838021,-15.91208712148976],[-47.88610078983672,-15.912887781218734],[-47.8835960281098,-15.913711216757923],[-47.88272422390635,-15.913664506328363],[-47.88255890694461,-15.9132614398788],[-47.8936689119508,-15.900669081704814],[-47.88010075879778,-15.884940959185252],[-47.87020461759061,-15.880161739106935],[-47.85607821808237,-15.873173779212978],[-47.856981519016315,-15.871238264878498],[-47.851155720718296,-15.868691651152217],[-47.85314869066829,-15.8644885665638],[-47.853930424391464,-15.864148627890874],[-47.85521610041261,-15.860483173420118],[-47.85625813356578,-15.858794186804799],[-47.85560831205219,-15.858540864466827],[-47.853565783844594,-15.856626151908108],[-47.85063189960139,-15.857152478196921],[-47.84291570458577,-15.861606904475575],[-47.84505408213587,-15.862811532981688],[-47.84301214412142,-15.86620693472701],[-47.830739967970906,-15.859290877574377],[-47.82094947672599,-15.86386042330081],[-47.82047310552071,-15.864016791997788],[-47.81984099968284,-15.862926839316188],[-47.81651047151245,-15.85205390081065],[-47.81564451354486,-15.850111686987123],[-47.81394185484018,-15.847464050939408],[-47.81239586681262,-15.845775453967654],[-47.79786186572737,-15.827013816318143],[-47.79604775124875,-15.824475861980794],[-47.79476958514338,-15.822325827998762],[-47.79368985149437,-15.820113266630257],[-47.7928837213247,-15.818145997387454],[-47.78839620259424,-15.809622814748721],[-47.78656545221488,-15.805573746984157],[-47.78585531062659,-15.802230997918485],[-47.78391771462734,-15.79785579731134],[-47.78450970350125,-15.797079563178478],[-47.78472911700941,-15.79457134205729],[-47.78437851713042,-15.79384074178722],[-47.78541750589309,-15.79356291779426],[-47.78561393959796,-15.79231451431642],[-47.78545233178002,-15.791785267767322],[-47.78579849667645,-15.790867225760572],[-47.78650454823525,-15.790417415279016],[-47.787185413728444,-15.790871431135153],[-47.78792258023374,-15.789272724682746],[-47.788391022009996,-15.78935838099698],[-47.78894268551082,-15.78847572876569],[-47.78778449300489,-15.785324537938644],[-47.786789691472734,-15.781960216837495],[-47.793632783320994,-15.781042916977961],[-47.79518960413256,-15.781215958521456],[-47.7962705738634,-15.781598023186985],[-47.79789387809083,-15.782745336646592],[-47.79865477000111,-15.78368055998119],[-47.79945791327245,-15.785062378867952],[-47.80074937893561,-15.786431798415714],[-47.802037670850865,-15.787202406146731],[-47.80351118729288,-15.787357840927731],[-47.80416982756762,-15.787024318846505],[-47.804858167942285,-15.786197757360371],[-47.80548174337822,-15.783957799329075],[-47.80613304980699,-15.782936861227942],[-47.807911874867976,-15.78112833472277],[-47.80876324419535,-15.779881736575078],[-47.81273534285345,-15.773515774661078],[-47.813191863985885,-15.772011397268168],[-47.813158377487035,-15.770922476197102],[-47.81268513152063,-15.769463562934366],[-47.81218268042603,-15.76871099664968],[-47.80906823121746,-15.765548783790695],[-47.80851039629064,-15.764465992976623],[-47.80851869313061,-15.763794325543682],[-47.808970339106004,-15.762917484960127],[-47.81174595367087,-15.760068980063448],[-47.813148017216875,-15.758133147379992],[-47.81186973073724,-15.757433508745263],[-47.81051071625629,-15.757293576752074],[-47.80981013184431,-15.75751584737065],[-47.80741047929382,-15.758738376380315],[-47.789831854148716,-15.761483933335725],[-47.78863803535694,-15.761548217878628],[-47.78659916239423,-15.761343674744438],[-47.78393318810811,-15.760476726058137],[-47.78396489953595,-15.760032108064006],[-47.78492858432499,-15.759679265108332],[-47.78517236283858,-15.758105000105598],[-47.78640667768337,-15.757694923693517],[-47.78550017874701,-15.755908369832483],[-47.78468654764472,-15.755954622223934],[-47.78521693005645,-15.752327629149786],[-47.787010032042254,-15.752185207974067],[-47.78629396696297,-15.749434412111833],[-47.79151242867045,-15.74807408050492],[-47.79091182674959,-15.745713246425488],[-47.783987772439716,-15.743202385999341],[-47.788737501316774,-15.730934202290193],[-47.791017794715444,-15.725136599943594],[-47.79231908165961,-15.723192519932077],[-47.79422050609563,-15.721647327478069],[-47.83411501305351,-15.694283712637521],[-47.83585318485632,-15.693399370122476],[-47.83757099724154,-15.692967912677448],[-47.838877872605075,-15.692878976944879],[-47.848904579447215,-15.692854027436288],[-47.850149606701756,-15.692806248976124],[-47.85255208714875,-15.692158915724306],[-47.85808056195235,-15.689219323017086],[-47.8608504443674,-15.687285892574305],[-47.86473471833342,-15.683936689586014],[-47.88308056312167,-15.668261891870431],[-47.88366007709124,-15.667802579609285],[-47.90012384266311,-15.655724585920126],[-47.91201463905974,-15.646964217196366],[-47.923166673543136,-15.63883475765359],[-47.92620953959998,-15.636566131161175],[-47.931927953288934,-15.632395355119822],[-47.956570863353036,-15.614323868752797],[-47.96154366277976,-15.610584967722215],[-47.97049782968168,-15.603735321092548],[-47.974521855454775,-15.600706219704234],[-48.001756393435464,-15.580053912997455],[-48.004102871111016,-15.578704793487836],[-48.00614975524942,-15.578124022015542],[-48.00740358060386,-15.57797343796954],[-48.009334742869044,-15.578038593692773],[-48.010728282301315,-15.578304234341278],[-48.01274969021826,-15.579081297917753],[-48.014155474586154,-15.57993576731128],[-48.01699885266618,-15.582402411304397],[-48.02237667640336,-15.587009553034777],[-48.026118335631516,-15.590267058978633],[-48.0275543581902,-15.591636892994638],[-48.02916200208728,-15.593440383149856],[-48.03386626453286,-15.599133441486787],[-48.03845706167321,-15.604771658445802],[-48.04352078318311,-15.610901660198374],[-48.045093720669186,-15.612457443611605],[-48.04634904082026,-15.613416583903904],[-48.048619383580544,-15.614745622418313],[-48.05408142437561,-15.617231564864051],[-48.05946610854662,-15.619747867812347],[-48.070002550922005,-15.624561738487062],[-48.07207844345758,-15.625932061516762],[-48.0735542829429,-15.627255996046046],[-48.07528117370238,-15.629497208621542],[-48.07631936386276,-15.631539906932858],[-48.076819061621016,-15.633049635755407],[-48.079302933924325,-15.641683863907302],[-48.085678896434956,-15.663599643171345],[-48.089222856232006,-15.675867209640925],[-48.08963577853046,-15.677842488088352],[-48.089717464135866,-15.67943448049127],[-48.08936104766542,-15.684641952570596],[-48.088346722148884,-15.698459791974503],[-48.08675319617481,-15.720420851076668],[-48.086516075974096,-15.723146017104908],[-48.08619428686291,-15.72478324330603],[-48.08563153545654,-15.72650298565002],[-48.08480141667553,-15.728208297499188],[-48.08367747693139,-15.72982350122538],[-48.08127764292122,-15.732008864118393],[-48.07801654464083,-15.73413618686991],[-48.07574071407249,-15.735400826677974],[-48.07454686114473,-15.73594310439307],[-48.072457787629006,-15.736586114459811],[-48.070493164017805,-15.737018552518567],[-48.06403361147336,-15.737973008592542],[-48.061902565972616,-15.738502395489856],[-48.0600663816841,-15.739149308204432],[-48.057402939748755,-15.740497756434484],[-48.05589203632293,-15.74149366616084],[-48.054029886231135,-15.743006613232573],[-48.05244590845021,-15.744637538225875],[-48.05061924091382,-15.747123677556752],[-48.04994601559213,-15.748300010670146],[-48.04761968443346,-15.75370605803636],[-48.03692838058793,-15.752963903344918],[-48.017187413535886,-15.75155882042447],[-48.011378272698174,-15.752804098580116],[-48.00690958265607,-15.75390430354359],[-48.00472835816188,-15.75475350823245],[-48.00511202502646,-15.758300357170016],[-48.00544398935487,-15.759027994723779],[-48.00615992507675,-15.759186617939518],[-48.00682696729434,-15.761077046988785],[-48.00662997214242,-15.761702120474544],[-48.007147532900106,-15.76239935568776],[-48.00711171257816,-15.76381477166576],[-48.007274220508,-15.764910499245039],[-48.006559715802375,-15.766163675892658],[-48.00677413198259,-15.76842984529935],[-48.006671300933704,-15.769418918143328],[-48.00619705514239,-15.770079546278968],[-48.00620118829101,-15.771666313243365],[-48.00638081182196,-15.772894958873188],[-48.00673721391936,-15.773459276033563],[-48.00648860606279,-15.774779048049279],[-48.006759625987385,-15.775072392756405],[-48.006575906138735,-15.776060541072821],[-48.00606901646831,-15.776318571807634],[-48.006135028268645,-15.778338593543701],[-48.005478974243616,-15.780620914183897],[-48.00489298162421,-15.78129142891049],[-48.00396691738097,-15.7837671488012],[-48.00420050989756,-15.784341930029802],[-48.0029985164367,-15.785779121037779],[-48.00301856773215,-15.786245034980631],[-47.99979324306132,-15.786148756047226],[-47.99732500683385,-15.786229100871308],[-47.9938878288763,-15.786545506768766],[-47.98976466143519,-15.787269504036555],[-47.99088154850603,-15.795666756486233],[-47.99122602187477,-15.799517913299342],[-47.992445446245405,-15.808608720196174],[-47.99287019935614,-15.81097772037169],[-47.99491061472619,-15.810952951315489],[-47.99592439496535,-15.811264037545504],[-48.004872526985196,-15.814554085454139],[-48.004121671053284,-15.815817720900501],[-48.0013928407484,-15.8172570281643],[-48.00184408158361,-15.818160814905344],[-48.0031188861932,-15.81808295291616],[-48.00382795249809,-15.819124890726647],[-48.00543705795414,-15.819855645187204],[-48.01072415903416,-15.822080883188871],[-48.01115149749628,-15.821154098930569],[-48.013655280059545,-15.822199899806181],[-48.011575835585354,-15.82696861120879],[-48.008569035988856,-15.833714270171225],[-48.00862501899736,-15.834402787188068],[-48.00784396080728,-15.835376534851402],[-48.00529110238172,-15.83431293855684],[-48.00362584144063,-15.838059539157902],[-48.01088513982801,-15.841126605905638],[-48.00802678683222,-15.84743715444171],[-48.00763621012647,-15.84727594821484],[-48.00640721959637,-15.850212328865826],[-48.00195125778352,-15.84831239751063],[-48.00103080441754,-15.846952637497647],[-47.9998669210843,-15.846424755010354],[-47.99875671658085,-15.848650917120091],[-48.00064467976234,-15.8504196667746],[-47.998004265240986,-15.853029946665401],[-47.997436724915836,-15.853765990616314],[-47.996089218752005,-15.855008523061663],[-47.996463391322344,-15.855366185929602],[-47.995211478481146,-15.856704200383149],[-47.994561506948905,-15.856597061733597],[-47.99088318254154,-15.860187132956455],[-47.990560266942985,-15.859868925676793],[-47.987946397638275,-15.862435673103862],[-47.98830829203533,-15.86275669677759],[-47.98677975557879,-15.86429181451733],[-47.98654475540215,-15.864780642279264],[-47.99194748403228,-15.86621661601263],[-47.99142721215907,-15.868017641578623],[-47.99183482721081,-15.868469075792072],[-47.99387214968134,-15.869001704010314],[-47.993327121137206,-15.871203641576647],[-47.993356137619195,-15.871914993270522],[-47.99209724486823,-15.876511181732775],[-48.00318420988402,-15.877518174145676],[-48.011525891950505,-15.878227109289318],[-48.01329412228103,-15.878125909398877],[-48.023675276486514,-15.876656317506859],[-48.02598016126609,-15.876167616186754],[-48.03287736762707,-15.875203872401947],[-48.04236506463748,-15.873823470740748],[-48.04384623023414,-15.873831293933165],[-48.04563022060801,-15.874279210507197],[-48.04844123238834,-15.87602989533611],[-48.051507543575774,-15.878125525764759],[-48.05469710901009,-15.880206997102043],[-48.05665782135655,-15.88121695798135],[-48.06033853438426,-15.882447681974877],[-48.05818940220359,-15.88904311386415],[-48.05413084878423,-15.901658042931844],[-48.047590641002,-15.922156339241369],[-48.043047730354495,-15.936339954657507],[-48.0416929981425,-15.939736286840672],[-48.04019769036833,-15.942556921593567],[-48.03822170127214,-15.945430191709772],[-48.039538769819224,-15.947574903744785],[-48.040738043181406,-15.949194244672162],[-48.04224712123057,-15.950579987424762],[-48.043932216074815,-15.951648447983626],[-48.045192665606166,-15.952172111506352],[-48.04802811695211,-15.95306506553335],[-48.04930237897926,-15.953271457036795],[-48.05089375438654,-15.9532956644521],[-48.05236275679425,-15.953102146697615],[-48.05373448872468,-15.952711764576321],[-48.05553233830676,-15.951839230864309],[-48.06154694181625,-15.948123571087665],[-48.06217742799167,-15.947959842211235],[-48.06673231677518,-15.945096436984619],[-48.073514310607706,-15.940894341976733],[-48.07529999071263,-15.93971910806222],[-48.077323474636195,-15.938918725480052],[-48.078352403166,-15.938747939778239],[-48.07970183801276,-15.939027634231447],[-48.08058462142562,-15.939477831065204],[-48.082679257309586,-15.941675161840854],[-48.08331229829366,-15.941323350682794],[-48.087744970384456,-15.937858769290969],[-48.091247984970856,-15.935028742939013],[-48.091354498214095,-15.934471916614205],[-48.09214561214547,-15.933517013390809],[-48.0943723416987,-15.932246647409817],[-48.09582575294634,-15.93288100301592],[-48.097237750062746,-15.933680944956343],[-48.098553018385985,-15.934672588180018],[-48.098880948380454,-15.935216494159295],[-48.09990890044155,-15.935586491978219],[-48.10070507907449,-15.936499424169424],[-48.102063222189614,-15.93713013151562],[-48.103529231410796,-15.940353116130265],[-48.103288215216686,-15.94087823350987],[-48.10387596134752,-15.942047401314449],[-48.10472958903952,-15.942551654361326],[-48.10525796730986,-15.94334491974548],[-48.10552381742998,-15.944379343686299],[-48.106448367113664,-15.944603836345834],[-48.1073066462822,-15.946661916583432],[-48.10819272112225,-15.947053451492145],[-48.10911388236068,-15.948612206297025],[-48.110745345087516,-15.94966264950345],[-48.111473504185476,-15.950829550629578],[-48.1127117653293,-15.951587775631355],[-48.11395522502367,-15.951084965275225],[-48.11499439614434,-15.95193892185204],[-48.11583780999156,-15.95204987228343],[-48.116325769464005,-15.952457782325903],[-48.117610018062166,-15.952771545229455],[-48.118774026261235,-15.953727829417886],[-48.12007151512839,-15.953678598477152],[-48.12026232807451,-15.954757934782501],[-48.12114492463779,-15.954707419755739],[-48.121182060093325,-15.95535146077745],[-48.12210059555616,-15.955659840844794],[-48.12253977561037,-15.954232036678912],[-48.12228680463647,-15.953041894552657],[-48.1230676481292,-15.952041983901186],[-48.12295212029209,-15.951717352475198],[-48.123927423891004,-15.950204573167971],[-48.123931533683425,-15.949608781906601],[-48.12578082439194,-15.947439050859233],[-48.12642581386762,-15.946954935359404],[-48.12695911670234,-15.944012821433573],[-48.126583690083855,-15.943538752688712],[-48.126991174879876,-15.94230866878919],[-48.12750482706777,-15.94275440728849],[-48.12925533004448,-15.942491981222865],[-48.13106457655257,-15.942980238006806],[-48.133394561159506,-15.944855628564392],[-48.13407180284884,-15.945159642960387],[-48.13580165265885,-15.945210695919544],[-48.137927519371985,-15.944717334593635],[-48.139482066547565,-15.943964210012853],[-48.14080737174747,-15.943736809225213],[-48.14187565277492,-15.943242087305055],[-48.14378631458702,-15.943207821905853],[-48.144179732664014,-15.942952404136186],[-48.14697031944973,-15.943444138161096],[-48.14840821319914,-15.94454656851278],[-48.15077117945173,-15.945626197561749],[-48.15157048961176,-15.946353228999604],[-48.15337487533584,-15.94714045991358],[-48.153572496613506,-15.94394186718796],[-48.153139364017804,-15.934443990864262],[-48.15416219927504,-15.934648239445284],[-48.15564429283138,-15.936990861321103],[-48.15679061499914,-15.937128048060757],[-48.158825041301185,-15.938743594963352],[-48.16017822481762,-15.940282203778713],[-48.16108229470946,-15.942673090892384],[-48.162733285013935,-15.94521824511587],[-48.163371382614756,-15.946908365681663],[-48.166374871919444,-15.946782591393163],[-48.172782186531805,-15.946273298650564],[-48.17300968847076,-15.947079758557214],[-48.175100141798765,-15.946675348700216],[-48.176237680239666,-15.946272681070827],[-48.179123439038165,-15.946676468978966],[-48.18171612876342,-15.945941028386205],[-48.18572166002144,-15.945538660731374],[-48.18706719258661,-15.945725725798823],[-48.187263866141656,-15.946708370576447],[-48.18693556065139,-15.948714718128286],[-48.18657230261175,-15.94956029794762],[-48.1870335084584,-15.952628822377825],[-48.18692810373622,-15.953431233524498],[-48.18840595454948,-15.95614936370994],[-48.18851141047562,-15.956853918862338],[-48.1897912636171,-15.958603739238024],[-48.1903983441878,-15.958964468797227],[-48.19102669866105,-15.959984700326736],[-48.19182011946607,-15.96035757256909],[-48.191885236544394,-15.961404018411937],[-48.19239765085381,-15.961520822822694],[-48.1925501811958,-15.962904394560836],[-48.193242144476,-15.963921296434405],[-48.19567858034242,-15.96270599681056],[-48.19708272708155,-15.963432448087394],[-48.19768122514802,-15.963464992182026],[-48.19858176915236,-15.963980375896533],[-48.1992186504343,-15.963430085939192],[-48.19975766385927,-15.963492963983027],[-48.20001756892885,-15.962585995756516],[-48.200689515049575,-15.962270866334563],[-48.20115697586555,-15.96285308441462],[-48.20233119611277,-15.963289969476195],[-48.203248420933626,-15.963315284639101],[-48.20472287970837,-15.96424893093498],[-48.20611293637228,-15.964249529458577],[-48.20685976156351,-15.96471519927124],[-48.207410277915706,-15.964614904026257],[-48.20802603621205,-15.965048174253328],[-48.20908738853372,-15.96522384489972],[-48.20935840845831,-15.964899584615988],[-48.211137216451306,-15.965148155770388],[-48.21160809984851,-15.965821521748309],[-48.21231227303005,-15.966208314856761],[-48.21289326832153,-15.965876247786458],[-48.21405881982626,-15.966105743745453],[-48.214568598478635,-15.967246086648382],[-48.215799472775885,-15.967449100464068],[-48.21701920257372,-15.968025246684379],[-48.21717456260884,-15.968462098008022],[-48.21868070855692,-15.969497911457024],[-48.21912280184758,-15.969046509896115],[-48.219768982489335,-15.969637591752896],[-48.22064129603755,-15.969425676808251],[-48.22124816460584,-15.970506577827443],[-48.22314870869288,-15.970720167094443],[-48.22370950087361,-15.969786882610055],[-48.2245111188056,-15.969946411013876],[-48.224567061389926,-15.97070335801983],[-48.22524967949624,-15.971326244571701],[-48.226085347170745,-15.970878401019169],[-48.228521270997454,-15.971239840837443],[-48.22954608883652,-15.970522873914431],[-48.230335204016384,-15.971010713492236],[-48.23254359086983,-15.971955880237337],[-48.23320004284853,-15.971756434361906],[-48.234599329701986,-15.971818884881454],[-48.235239108949024,-15.972187155227543],[-48.235838911369285,-15.971875273509909],[-48.237008975111685,-15.972376535867713],[-48.2383108118248,-15.972534120757205],[-48.23842282275758,-15.971808998819816],[-48.239050448697135,-15.97181584919472],[-48.23960054733273,-15.971013665417985],[-48.24031690885605,-15.971298755776019],[-48.23997483219248,-15.971852988206281],[-48.24151759257322,-15.97211816191313],[-48.243575687686366,-15.972811741975038],[-48.24445828694459,-15.97332233352392],[-48.244698284449164,-15.972714095232606],[-48.24561495321285,-15.972274433415983],[-48.24608213375446,-15.973714616916766],[-48.247064260057954,-15.974728691652262],[-48.247322845502374,-15.975627566289157],[-48.249265629272394,-15.975504564984403],[-48.25150823834491,-15.975701899026264],[-48.25205550010083,-15.976113490872953],[-48.25327801467604,-15.975878797892497],[-48.25350350169382,-15.977013785119132],[-48.25525582555562,-15.977306849316097],[-48.256496251639284,-15.977099024798763],[-48.25796655301088,-15.977715815071308],[-48.25850806644731,-15.977235841226909],[-48.25930268111335,-15.9784100692133],[-48.26042989791165,-15.978729379866715],[-48.26064440122845,-15.979139704621513],[-48.25987217527424,-15.980246028559957],[-48.25886830345265,-15.980274349501968],[-48.2584315003407,-15.981324366712254],[-48.25911954876289,-15.982210194785232],[-48.25820318003651,-15.983386369466663],[-48.25914339903368,-15.983877518036454],[-48.25954932974428,-15.984682306625427],[-48.261489765318146,-15.985116109421375],[-48.2620396034423,-15.986203529453531],[-48.26230387342584,-15.9876144603154],[-48.26284851838935,-15.988882839655725],[-48.26229141828443,-15.989568856391555],[-48.26155419608358,-15.989446572642725],[-48.26201287227439,-15.990547592601322],[-48.26296994725956,-15.991912805786573],[-48.26394116262562,-15.992587831248816],[-48.2625452166067,-15.994586490378511],[-48.262770584148555,-15.995256498300177],[-48.26404998184419,-15.996343664569649],[-48.26508743358941,-15.996418058690187],[-48.2654191913053,-15.996749743474492],[-48.265371879734225,-15.997899736038656],[-48.265877041046046,-15.99825508582048],[-48.266154425534424,-15.999145576156288],[-48.26614016477929,-16.000990749625345],[-48.26661992622645,-16.001421220151947],[-48.26721565748184,-16.00102568903641],[-48.26781520478056,-16.001357947315224],[-48.26786512326259,-16.001976868159346],[-48.26872632644737,-16.00227091384453],[-48.27002079877179,-16.004098769486692],[-48.2697130449386,-16.005034862548857],[-48.2704342950937,-16.00612953891974],[-48.27111736235764,-16.00797512625085],[-48.2720866616172,-16.008596553131344],[-48.27238604405025,-16.009112956891023],[-48.271410674874325,-16.009669723287722],[-48.27210087116836,-16.010903669111233],[-48.272258617128884,-16.01289910476755],[-48.27202942545887,-16.01390889227541],[-48.27121142405272,-16.01448408866499],[-48.271747163118505,-16.01528173414498],[-48.27099791427263,-16.015627764023424],[-48.270095176582366,-16.016697935636554],[-48.26995431535593,-16.018470768859572],[-48.27061102694775,-16.019933916586503],[-48.269930636663354,-16.022376811548714],[-48.27073415543048,-16.022955893084315],[-48.27110525935582,-16.023576023104013],[-48.272244280915274,-16.023696201678394],[-48.27233107883297,-16.024683022263808],[-48.27148267035277,-16.02474805251662],[-48.27216205452405,-16.025772894831523],[-48.271419771214894,-16.026980081913702],[-48.27203124814058,-16.027417842187337],[-48.27234902537571,-16.029005553045533],[-48.27264335658192,-16.029316746408004],[-48.27298298174308,-16.030626711697856],[-48.27185223007413,-16.031758037137102],[-48.27287489015988,-16.03241126061766],[-48.27311992631488,-16.03307133368649],[-48.274062790850564,-16.034046048349268],[-48.27409310988972,-16.034852992626917],[-48.2733009233699,-16.035209249636438],[-48.27353718747614,-16.035814507284655],[-48.27540264336819,-16.03644571737692],[-48.276042224985865,-16.03758002548989],[-48.27713770520349,-16.039097375545847],[-48.27682793016091,-16.040726210969616],[-48.27752249136891,-16.04138165060148],[-48.278569508375284,-16.041592653509213],[-48.27851660479156,-16.042217090581406],[-48.2774285392683,-16.044043017666432],[-48.278663511679866,-16.044919155562358],[-48.27820703456487,-16.045601644718722],[-48.27773308611592,-16.047335359024107],[-48.277842007742436,-16.047828111419843],[-48.277221965380505,-16.04959785091027],[-48.14641361909512,-16.049589880911512],[-48.14371226555984,-16.04961833014522],[-48.048358769740204,-16.049703660555945],[-48.03857878788579,-16.049720417226663],[-48.015954077854765,-16.04971351686263],[-48.01572815605238,-16.049960000341887],[-47.998132303915064,-16.04989361516316],[-47.99757402252555,-16.049782458334512],[-47.989691135227496,-16.049814300311585],[-47.985325401998416,-16.049904825978285],[-47.98287064948336,-16.04982276583582],[-47.95018072183396,-16.049845231501724],[-47.91179404247037,-16.04986863902565],[-47.88822486980076,-16.049874006163137]]]},"properties":{"nome":"Macrorregião 2","regioesSaude":"Central, Centro-Sul, Sul"}}
]}