{"type":"FeatureCollection", "features": [
{"type":"Feature","geometry":{"type":"Polygon","coordinates":[[[-48.219089542622505,-15.934845545481366],[-48.219496901654395,-15.934342860728735],[-48.22043643523701,-15.934036451897207],[-48.2217380410831,-15.934452953640564],[-48.22183921294366,-15.935581545894305],[-48.22265170857543,-15.936006786870704],[-48.22325074742769,-15.9354947112643],[-48.22363947360395,-15.934597429980476],[-48.2243376693956,-15.934626065751052],[-48.22458093137791,-15.934299228496267],[-48.22626785968366,-15.934005108891112],[-48.226408082207925,-15.932881591267494],[-48.226905995912034,-15.932922353382963],[-48.227139822888915,-15.93226597511898],[-48.2276796358145,-15.932100959181344],[-48.22826033735688,-15.931448824729557],[-48.22906025477803,-15.932371327729504],[-48.22991727720349,-15.93183482552968],[-48.23029533408913,-15.932474436113399],[-48.230484901071954,-15.933438441008503],[-48.230970168293496,-15.933222265517523],[-48.23164253123251,-15.933664112907934],[-48.23229065313359,-15.93360711491354],[-48.232802672184285,-15.933947385400772],[-48.2335649475001,-15.935139578338969],[-48.233974563998295,-15.935293941184154],[-48.234818149423724,-15.934415379254077],[-48.23434698754878,-15.933698300467368],[-48.23496915352804,-15.932911698343512],[-48.23564831042556,-15.932498061241443],[-48.23711029339764,-15.931010913179936],[-48.23803786411561,-15.929584536784692],[-48.23866082869716,-15.92916793164609],[-48.24000691552285,-15.92937923523629],[-48.24037781732726,-15.93038887832201],[-48.24093195478836,-15.930931012998354],[-48.24266217560259,-15.93191669051854],[-48.24358959091202,-15.93203282797046],[-48.245142883141156,-15.931869523048556],[-48.24590625529992,-15.931968368790544],[-48.246621424758864,-15.93325636158901],[-48.24830320931129,-15.933866614812665],[-48.249234617632155,-15.933900914631757],[-48.250519212980024,-15.933728101634998],[-48.25247544991974,-15.935548755410695],[-48.25237373098517,-15.93584327355326],[-48.25138114380019,-15.937473598946573],[-48.251354541091374,-15.937875984507642],[-48.252254426630614,-15.939233642845508],[-48.252704456536804,-15.940212065343582],[-48.25219750667925,-15.94121802782182],[-48.252749257316665,-15.942474510728102],[-48.25290271921158,-15.944210444759772],[-48.25202995830236,-15.94486948231408],[-48.25183080539713,-15.944245889879209],[-48.251369908570936,-15.943839887583117],[-48.25080532280476,-15.94392400121833],[-48.25060108094344,-15.945863798818015],[-48.2501574784831,-15.947582432122287],[-48.25046091950461,-15.948105687352065],[-48.251659240652586,-15.94780436020305],[-48.25299495014013,-15.94647721473739],[-48.25343627537122,-15.94719174903427],[-48.25343950571298,-15.948524285542996],[-48.25249482837705,-15.948357015664323],[-48.252138047190606,-15.948842263592732],[-48.2520850205377,-15.951138176906682],[-48.25190421841709,-15.951571079826731],[-48.25179601903607,-15.953252273001416],[-48.25141542351144,-15.953855494340223],[-48.25135039985791,-15.955398216782239],[-48.25049501236627,-15.95548099804863],[-48.24936566296749,-15.954946530379528],[-48.249104822751704,-15.954447607382718],[-48.24756646860743,-15.954132453932253],[-48.24723245612018,-15.954532546595088],[-48.245734098565606,-15.954733559120083],[-48.24555370607678,-15.954495320591782],[-48.244286650334836,-15.954320952518284],[-48.24277269802694,-15.952976556812189],[-48.24149871807079,-15.953306194897097],[-48.24108923542157,-15.952838421321356],[-48.239981380910905,-15.952897524780758],[-48.238837300938094,-15.95240951585006],[-48.238238086016025,-15.952567213185276],[-48.23712311235675,-15.952388498915099],[-48.236430045047044,-15.953206007951536],[-48.23532093738657,-15.95303468163752],[-48.23305650284592,-15.953205589912024],[-48.23214424391195,-15.953483891754342],[-48.231314728798814,-15.954053792026357],[-48.229635220577315,-15.953231642236721],[-48.22890112631029,-15.953493801177089],[-48.22695478072017,-15.952923121101756],[-48.22532769907696,-15.953776370237806],[-48.224686432219826,-15.95390898162498],[-48.22325959493492,-15.955467386006841],[-48.22214290190018,-15.957776160769765],[-48.22025208027945,-15.958299505987531],[-48.216743462002306,-15.95818347788927],[-48.21483593980214,-15.957500950022787],[-48.213609769083725,-15.956613612557895],[-48.21323065847425,-15.956153792790802],[-48.212972983921524,-15.955143714528118],[-48.21248329070058,-15.954347549700971],[-48.211148327713055,-15.953162648439012],[-48.21080414809341,-15.95254177747091],[-48.212348672765366,-15.950844357522422],[-48.21319802537493,-15.949539020730063],[-48.214425053086124,-15.949137915303192],[-48.2150627599198,-15.947935312840041],[-48.21601035678041,-15.946528849526434],[-48.2165700593047,-15.946181888191699],[-48.21703434996604,-15.944796582333264],[-48.21755128908954,-15.944033733868096],[-48.21401450323835,-15.942707504086453],[-48.213550438054156,-15.942527749693747],[-48.214494515315465,-15.941011570357368],[-48.21449369695024,-15.940619113237288],[-48.21522442433159,-15.939777213408632],[-48.21614795622405,-15.938017202783207],[-48.21712686566052,-15.937169759479454],[-48.21734287365542,-15.936588282223653],[-48.219089542622505,-15.934845545481366]]]},"properties":{"nome":"Água Quente","regiaoSaude":"Sudoeste","macrorregiaoSaude":"Macrorregião 1"}},
{"type":"Feature","geometry":{"type":"Polygon","coordinates":[[[-47.600559336372584,-15.622300046205565],[-47.60129517606621,-15.62228672753546],[-47.602286362777654,-15.622543887154347],[-47.60335101550968,-15.622319795382344],[-47.605368557975964,-15.62238734122071],[-47.607439621168545,-15.622920337109703],[-47.608776226276426,-15.622731730697142],[-47.6107382034508,-15.62282612649375],[-47.61129927770253,-15.622538590837378],[-47.61353731255362,-15.622653730764942],[-47.615403081957695,-15.623028668277387],[-47.61679157195975,-15.62287870027576],[-47.61765752633407,-15.623337251742894],[-47.62133164842253,-15.624533103012523],[-47.622557475984514,-15.62463108909119],[-47.62349789800094,-15.625000187763108],[-47.62442384636152,-15.625613723456151],[-47.62473643313094,-15.625479939344778],[-47.6254064478738,-15.626105772054824],[-47.62676885708821,-15.626544183421784],[-47.62704425809644,-15.62718813345279],[-47.626962329047586,-15.62923273811786],[-47.626822055319344,-15.629661118896035],[-47.62730269442053,-15.630341767732522],[-47.62854497732188,-15.630871813718606],[-47.63000251273499,-15.630761482276368],[-47.63139272390913,-15.63107973015245],[-47.63212711012862,-15.630800482432758],[-47.63337482244756,-15.630602775560966],[-47.63525469629991,-15.630114296772717],[-47.63661291756846,-15.630023542932344],[-47.63802655950016,-15.62908577136764],[-47.63934559535771,-15.628381898104955],[-47.64147751312259,-15.628434903878096],[-47.641533027210514,-15.629158637939204],[-47.64476329171709,-15.630144616674889],[-47.646774421110564,-15.630451570827761],[-47.647932701651385,-15.63078181284549],[-47.64999687027417,-15.632416022045508],[-47.65146812296167,-15.632654336895007],[-47.652299562266144,-15.633415021893052],[-47.654313426131324,-15.634551259778334],[-47.6565554863332,-15.635155055523779],[-47.657750543901756,-15.63537887027015],[-47.659704469476246,-15.635168198611916],[-47.66132681699789,-15.63435515692358],[-47.66476086881825,-15.63292143629768],[-47.66625325616943,-15.633090349207398],[-47.66687549042066,-15.63345645848131],[-47.66676389630617,-15.634409503752302],[-47.66724635539413,-15.636286885733735],[-47.66760332702341,-15.636089522402465],[-47.668571076689105,-15.63735666024376],[-47.66976899449352,-15.638605197492529],[-47.67031358286316,-15.638750233516147],[-47.67059724747369,-15.639526640762325],[-47.67038828945714,-15.640218799214411],[-47.670766992231464,-15.640647357697684],[-47.67023013296653,-15.642051371296688],[-47.671030547156036,-15.64310164964415],[-47.671801410365966,-15.643548987294931],[-47.67232427747203,-15.64431720260447],[-47.67210423963476,-15.645006416713747],[-47.67227975427161,-15.645647210131322],[-47.67205187054865,-15.646658502303762],[-47.673670001378355,-15.648036073354698],[-47.67470763458326,-15.64840507965732],[-47.67315984094198,-15.649294431702518],[-47.67172590966127,-15.64969488850421],[-47.670663195493646,-15.649703331903758],[-47.66932257311982,-15.649371276204661],[-47.66799639116419,-15.648755826499878],[-47.6662308728475,-15.648338493059137],[-47.66131408876863,-15.648182214244503],[-47.661253409367816,-15.650734762202804],[-47.66162848743998,-15.654502525073964],[-47.6620776199292,-15.656424028099167],[-47.662665209753186,-15.661289010164385],[-47.66261923397694,-15.661789996267705],[-47.66481236653855,-15.66240984138637],[-47.66592628737232,-15.663314018407064],[-47.66665612003164,-15.664410894934983],[-47.66697114482874,-15.665361777191332],[-47.668213280406384,-15.666214930224342],[-47.66862026034922,-15.667095647934422],[-47.66972642872209,-15.667745032736134],[-47.67025165839736,-15.668548980970199],[-47.67157108412375,-15.669454500870913],[-47.67073397824646,-15.669851409160463],[-47.67147149689135,-15.671204185720432],[-47.67070339869587,-15.671374786476084],[-47.670203899465285,-15.672085044523012],[-47.66850615634184,-15.671729432750194],[-47.66806853306802,-15.672638345456974],[-47.66874840951609,-15.673293843146148],[-47.66928576285443,-15.67486757131184],[-47.66783956328189,-15.675449329589659],[-47.66769506298023,-15.675825062912446],[-47.66675178701614,-15.675884207579259],[-47.66657790731311,-15.676462069178282],[-47.6659170356232,-15.676850395294766],[-47.66535570535162,-15.676691112864942],[-47.66435677246747,-15.675781168205528],[-47.66391259328872,-15.676266443294914],[-47.6627143053784,-15.675820203021315],[-47.662022044755844,-15.675817142128802],[-47.66135853471395,-15.675356154240323],[-47.66045557424149,-15.675548005688357],[-47.65980953643188,-15.674800895600745],[-47.65963430656098,-15.673876329838654],[-47.65841288254052,-15.67307381411585],[-47.65784327429358,-15.672500519205071],[-47.656681011521115,-15.672080584135474],[-47.65632983312709,-15.672504046337707],[-47.65569567913036,-15.67200914440349],[-47.654885389760935,-15.671747436935485],[-47.65523450113149,-15.670967525414895],[-47.65493088943008,-15.670155851656268],[-47.65433721531668,-15.669907416732816],[-47.65361823250936,-15.670098737044905],[-47.65279292690165,-15.669841388098623],[-47.65224612957472,-15.668981095492146],[-47.65127061127846,-15.669684277228335],[-47.65085175381093,-15.670453958980742],[-47.650484023059484,-15.670062058063161],[-47.64974818246754,-15.669938898389272],[-47.64907150761516,-15.669189424681742],[-47.648255926270394,-15.667420354864808],[-47.647875072030956,-15.667110610533838],[-47.647368019765466,-15.665991169115717],[-47.646428274180444,-15.665745998622667],[-47.6459639008741,-15.665155043387855],[-47.6445111031758,-15.664194505570354],[-47.64371519224081,-15.663142082345804],[-47.64299351089438,-15.663358998718197],[-47.64229096905339,-15.663295652791724],[-47.642038263980815,-15.663835716059415],[-47.640516162156665,-15.663574954760195],[-47.64019692965078,-15.664437023389254],[-47.63951625100718,-15.663974237525636],[-47.63962809934488,-15.663362795874948],[-47.63883915664155,-15.662554140018102],[-47.63857881499074,-15.661818412882948],[-47.63661640123514,-15.66077621430491],[-47.6361434705774,-15.659982014841328],[-47.635185627532664,-15.65929275000185],[-47.63431129726663,-15.658016280849987],[-47.6333858223182,-15.658265806263929],[-47.632240090343586,-15.658230769480577],[-47.630823625006954,-15.657927825524407],[-47.63008982179408,-15.657452903077703],[-47.62912864779628,-15.657487202165726],[-47.628766362632085,-15.657289389602285],[-47.62797135450395,-15.658098942513057],[-47.626691410632624,-15.65841721533686],[-47.625617420811544,-15.657734399699924],[-47.623905557070145,-15.657483174814907],[-47.62138378933657,-15.65811696865897],[-47.62102365204422,-15.657489323963711],[-47.62043309688149,-15.657739477131237],[-47.61903686789327,-15.657912710016296],[-47.61829373477785,-15.65771917346009],[-47.61744753345831,-15.657990672291987],[-47.61686203760726,-15.657400313092174],[-47.61653365396358,-15.657516255140031],[-47.616644155726675,-15.65837785628909],[-47.61589451701197,-15.65894440510418],[-47.615352061242824,-15.658665089022472],[-47.614565870977515,-15.658716901934485],[-47.613058373064945,-15.659443629815836],[-47.61188188636825,-15.659508196547243],[-47.61086631937999,-15.660667927337713],[-47.609584996594705,-15.66047428699925],[-47.608098570463746,-15.66004541715302],[-47.60752553334738,-15.66014106464957],[-47.60691698313288,-15.660632594282271],[-47.60617605268654,-15.66069184368429],[-47.60505120564395,-15.660064838323775],[-47.603968485994955,-15.66052996845436],[-47.60321497284642,-15.659701745249071],[-47.6022323982836,-15.660114888072679],[-47.6012081778242,-15.659982699032817],[-47.601700177918794,-15.659248217716925],[-47.6014378797373,-15.658849782043102],[-47.602131647732904,-15.658524501853778],[-47.610834398644684,-15.65531744330894],[-47.620320340347035,-15.651798291959546],[-47.621220650789404,-15.650963904795555],[-47.621464429302996,-15.650173316698398],[-47.62154002612742,-15.64831330974376],[-47.622385236605204,-15.647281378495121],[-47.62333952411804,-15.646985257206879],[-47.624412999204466,-15.641386180889636],[-47.61618628352805,-15.635725811493645],[-47.61293588418269,-15.633526969609152],[-47.60041113501195,-15.624958036606433],[-47.59707189497994,-15.62265778735044],[-47.600559336372584,-15.622300046205565]]]},"properties":{"nome":"Arapoanga","regiaoSaude":"Norte","macrorregiaoSaude":"Macrorregião 3"}},
{"type":"Feature","geometry":{"type":"Polygon","coordinates":[[[-47.92926830943061,-15.78015148279392],[-47.93609728694913,-15.777997948094425],[-47.938514856397944,-15.777271462612257],[-47.94116623126408,-15.78513174921088],[-47.94618425008558,-15.80015155524262],[-47.94166838681296,-15.801589783701518],[-47.94041098526537,-15.802318760396847],[-47.93962962973293,-15.80333874683176],[-47.937537750778574,-15.806476871966387],[-47.93299424724298,-15.803627192494115],[-47.93274154845861,-15.80135972588569],[-47.93240802285824,-15.80115566201504],[-47.93319575642919,-15.799915917113251],[-47.93346996537305,-15.798908704526909],[-47.93349060775996,-15.793661513260133],[-47.933325721989554,-15.791979280219458],[-47.931032217068,-15.78538706789815],[-47.92926830943061,-15.78015148279392]]]},"properties":{"nome":"Cruzeiro","regiaoSaude":"Central","macrorregiaoSaude":"Macrorregião 2"}},
{"type":"Feature","geometry":{"type":"Polygon","coordinates":[[[-47.99209724486823,-15.876511181732775],[-47.993356137619195,-15.871914993270522],[-47.993327121137206,-15.871203641576647],[-47.99387214968134,-15.869001704010314],[-47.99183482721081,-15.868469075792072],[-47.99142721215907,-15.868017641578623],[-47.99194748403228,-15.86621661601263],[-47.98654475540215,-15.864780642279264],[-47.98677975557879,-15.864291813653228],[-47.98830829203533,-15.86275669677759],[-47.987946397638275,-15.862435672239753],[-47.990560266942985,-15.859868925676793],[-47.99088318254154,-15.860187132956455],[-47.994561506948905,-15.856597060869463],[-47.995211478481146,-15.85670419951902],[-47.996463391322344,-15.855366185929602],[-47.996089218752005,-15.855008523061663],[-47.997436724915836,-15.853765990616314],[-47.998004265240986,-15.853029946665401],[-48.00064467976234,-15.85041966591044],[-47.99875671658085,-15.848650916255925],[-47.9998669210843,-15.846424755010354],[-48.00103080441754,-15.84695263663347],[-48.00195125778352,-15.84831239751063],[-48.00313450699767,-15.848866976070223],[-48.00640721959637,-15.850212328865826],[-48.006454854560936,-15.849917265387381],[-48.00763621012647,-15.84727594821484],[-48.00802678683222,-15.84743715444171],[-48.01088513982801,-15.841126605905638],[-48.0122412590388,-15.841631170652295],[-48.01538346708798,-15.842397914317477],[-48.016658450462295,-15.84282298924385],[-48.02185073166913,-15.845015285733139],[-48.02650023281499,-15.846793642307862],[-48.03296777317894,-15.849516192849725],[-48.030561882727135,-15.855716355232762],[-48.02897053786257,-15.858703789941728],[-48.03020635738546,-15.85933072567192],[-48.02551681203917,-15.868004777093292],[-48.03061563791373,-15.870539770799825],[-48.028608645262146,-15.874203539810107],[-48.02776445257559,-15.875907725569666],[-48.02598016126609,-15.876167616186754],[-48.023675276486514,-15.876656316642812],[-48.01329412228103,-15.87812590853484],[-48.011525891950505,-15.878227108425275],[-48.00048033028616,-15.877268154387346],[-47.99209724486823,-15.876511181732775]]]},"properties":{"nome":"Arniqueira","regiaoSaude":"Sudoeste","macrorregiaoSaude":"Macrorregião 1"}},
{"type":"Feature","geometry":{"type":"Polygon","coordinates":[[[-48.034776041421686,-15.50241218527359],[-48.191786695849295,-15.502287841260816],[-48.200008974746524,-15.50227824743478],[-48.20000897564485,-15.56270158413317],[-48.20000855882655,-15.600676142900854],[-48.200008970254956,-15.623108832612502],[-48.20076835928375,-15.622983860776204],[-48.20164612021586,-15.623369570221952],[-48.202340506252376,-15.623448182389941],[-48.20320280897508,-15.624319305761453],[-48.20435072385584,-15.62422344513707],[-48.20512765428719,-15.623721027837329],[-48.20603083305025,-15.623710173131657],[-48.20756393654169,-15.623108574804906],[-48.208877359725335,-15.623165832306174],[-48.21104244239219,-15.622591044440322],[-48.211843432401814,-15.62254111009172],[-48.21382823307261,-15.622913723214083],[-48.21517553262394,-15.622720300629078],[-48.216851632637244,-15.622079179373412],[-48.217341763337735,-15.622264975580205],[-48.218007301775536,-15.623071774930457],[-48.21849329842908,-15.624205061305542],[-48.2193653299063,-15.625358823049536],[-48.219942993346386,-15.62585898357453],[-48.22049449964204,-15.627183431585731],[-48.22087395700119,-15.627455319574624],[-48.22328446748852,-15.62823328618053],[-48.22470182844548,-15.629181169483143],[-48.22581485994713,-15.630401205847582],[-48.22602335173805,-15.631280748999679],[-48.226833071575584,-15.631937346444353],[-48.227530361865426,-15.632803500995891],[-48.228322353450835,-15.633349704684436],[-48.2287492131109,-15.63404695858182],[-48.22926479398171,-15.635401378637722],[-48.22962794063025,-15.637302005368799],[-48.22993284949894,-15.637779101795863],[-48.23189406220701,-15.639396768014556],[-48.232727698790676,-15.640573703692118],[-48.23396694808132,-15.641217537800443],[-48.234072783096515,-15.642209729173583],[-48.23456147020433,-15.643483499447115],[-48.234751807941684,-15.64511280198185],[-48.2350690381028,-15.646226784351285],[-48.235091836446394,-15.647084921068066],[-48.235493577414495,-15.648360825267343],[-48.23628582861302,-15.649539862401877],[-48.236549727592354,-15.650506205830341],[-48.23624601168637,-15.652137921148547],[-48.23557558910836,-15.65444398403781],[-48.23510378314136,-15.655102503556352],[-48.23475245742363,-15.656007392782739],[-48.23368475850448,-15.657371448667314],[-48.23418520186443,-15.657938715609385],[-48.23488165582274,-15.659828069102842],[-48.235161032774414,-15.661592584021815],[-48.23464293123094,-15.665272236940671],[-48.23458124751363,-15.66673970658149],[-48.23509459607095,-15.668768087667056],[-48.23588981350654,-15.669860381928514],[-48.235956657146836,-15.67032521990244],[-48.23695058910979,-15.672274210013665],[-48.23750139292288,-15.674251916426678],[-48.23791948053421,-15.676385725261834],[-48.238578499898,-15.677829182548608],[-48.23893957053993,-15.679355408099173],[-48.23950199495953,-15.679468736968573],[-48.23940530299729,-15.680861972123157],[-48.2395821435475,-15.682231209566313],[-48.24090900373116,-15.685721327361442],[-48.24128866321127,-15.686388986190298],[-48.24135810028778,-15.687944986844592],[-48.24120785525989,-15.688756675487763],[-48.24114973066774,-15.690615673342597],[-48.24130761317219,-15.690874254437981],[-48.24072704547879,-15.69191428431712],[-48.2406495406327,-15.692893341785872],[-48.24135998585157,-15.69310529182692],[-48.2414315393589,-15.694020748602444],[-48.24050361560301,-15.694458497145817],[-48.239759393729464,-15.695060688925171],[-48.23952240917436,-15.696526026241377],[-48.23922872206021,-15.696730876703002],[-48.23948587648839,-15.698378183557782],[-48.24005579375578,-15.69938012381963],[-48.24003778163602,-15.700740686699366],[-48.24049792297906,-15.701838745750905],[-48.240332702137046,-15.702981815433866],[-48.24077156328933,-15.703631965517811],[-48.24145130049852,-15.70380009441191],[-48.24153710847277,-15.70427641893445],[-48.24107128348893,-15.705022587420668],[-48.240976751974955,-15.705943379958287],[-48.24019336984322,-15.706660754067524],[-48.239310298969485,-15.707177273346343],[-48.23909824176519,-15.707641834314469],[-48.2375473965469,-15.708439604840066],[-48.23692549018076,-15.707918072247665],[-48.236484787482155,-15.708664447047553],[-48.23584460758649,-15.708946780171567],[-48.235448296035976,-15.708675209899267],[-48.23480186027268,-15.708951846816408],[-48.233438685693656,-15.708505233566848],[-48.23264377099031,-15.709114143689488],[-48.23248652898466,-15.709544223119162],[-48.23150575913725,-15.709661802800802],[-48.23042275382397,-15.709585528386173],[-48.230043883963,-15.709280052541356],[-48.228768745180126,-15.709276461187539],[-48.22791405028958,-15.708718452413201],[-48.2270343454032,-15.708933819971952],[-48.225241190416796,-15.709751481821609],[-48.22394073710922,-15.709534612174012],[-48.223555718280124,-15.70887038009857],[-48.22318541116045,-15.708856531782368],[-48.22275324964357,-15.708139299443433],[-48.22194242038665,-15.708210770625227],[-48.22129079236101,-15.70902089810788],[-48.22050225210293,-15.708681453494485],[-48.21913534412558,-15.709022587853655],[-48.21722955836886,-15.70988623289891],[-48.21588017831933,-15.71014044500622],[-48.21387760807389,-15.711211580336167],[-48.21026794100538,-15.712763458655536],[-48.20777559938556,-15.717672629567703],[-48.207714585811466,-15.723797693866691],[-48.20660972448733,-15.732254447788332],[-48.20824721850299,-15.740339062425184],[-48.205557038213215,-15.7470444628445],[-48.20560872907129,-15.75033767995217],[-48.20344436505666,-15.750384673698322],[-48.196747029354825,-15.749444751751229],[-48.193270188980854,-15.748590880268319],[-48.18951424653968,-15.747217078596927],[-48.18879774577749,-15.746656849820006],[-48.18710120370157,-15.746276883479462],[-48.18638983142135,-15.746233354117175],[-48.18530628532227,-15.746451474638],[-48.18199983828971,-15.747996610054892],[-48.17936336198256,-15.749667014532092],[-48.17763522615811,-15.750665014849268],[-48.17591374684991,-15.751817916348413],[-48.17511325271034,-15.752741651087897],[-48.17426044428188,-15.752596013975317],[-48.17388330637277,-15.75184563133942],[-48.17403114391571,-15.751031432736047],[-48.17368830907405,-15.75078653229356],[-48.17244068029844,-15.75065494329347],[-48.170871733128855,-15.751532708328863],[-48.169872084287434,-15.752413314897513],[-48.16828634041866,-15.75309328791195],[-48.167355514206086,-15.753281689974752],[-48.16672578980203,-15.75472329935915],[-48.165948657249736,-15.755494841964323],[-48.16535119673742,-15.755509031202312],[-48.16469081013777,-15.756390303533891],[-48.163814951837445,-15.756865711264707],[-48.16342520607332,-15.756796760941727],[-48.162975257015496,-15.757556510040963],[-48.161255218605014,-15.759109268442174],[-48.16113596096284,-15.759641927911716],[-48.16033422535155,-15.76050273671666],[-48.159894168541626,-15.761212466066544],[-48.15901238136042,-15.762147757557782],[-48.15921804884809,-15.763006388353201],[-48.15889333122908,-15.763669554011663],[-48.157937225526105,-15.763929249162645],[-48.158421947470266,-15.76533170478269],[-48.157999935119456,-15.766342450650427],[-48.158343367340784,-15.767019083209565],[-48.15712059764404,-15.767497259292547],[-48.15652304280861,-15.767286346358325],[-48.154516510992764,-15.767780328559374],[-48.153423165172256,-15.767786585901028],[-48.15165034714557,-15.768143788324156],[-48.15092148376845,-15.768012954917836],[-48.149736151361154,-15.768704155793232],[-48.149159073622634,-15.768671034736961],[-48.1483725051666,-15.769006078281796],[-48.1471579963772,-15.768608654369991],[-48.14659633732222,-15.76876162485892],[-48.14573911457246,-15.768641457297178],[-48.14527491733591,-15.768816751091336],[-48.143823966573834,-15.768059554678402],[-48.14278506494775,-15.768270830767841],[-48.141779712702586,-15.767672625829766],[-48.14043024282153,-15.7677676020699],[-48.1390257142984,-15.768125388935932],[-48.13822547258542,-15.768173479951924],[-48.13753753735095,-15.767698296677073],[-48.135914215157214,-15.768196713680041],[-48.13556315174754,-15.76782409017933],[-48.13464848173537,-15.767953854306342],[-48.13425569786896,-15.769317018847781],[-48.13366911146316,-15.76977517970591],[-48.132645935744435,-15.769802162604165],[-48.13234909464533,-15.770507380454184],[-48.13154371816219,-15.771411848692058],[-48.130155138328604,-15.771009452573418],[-48.12912076870313,-15.770235176596339],[-48.128944537210685,-15.769789345468586],[-48.12814240634067,-15.769543634270102],[-48.126831967360395,-15.769836205901314],[-48.12630648795348,-15.769234637461677],[-48.12518956854329,-15.769094334949946],[-48.124882580973036,-15.769818769723855],[-48.12363958750429,-15.769954472577265],[-48.12340301617422,-15.769598366075867],[-48.122347557699136,-15.769933960507029],[-48.12105146391563,-15.770013991025479],[-48.120875515392505,-15.770632821227693],[-48.12024690939097,-15.771069029498031],[-48.11881894202545,-15.770726442275183],[-48.11699078238737,-15.771167099916026],[-48.11658888780735,-15.77101436897791],[-48.11420313039769,-15.77146885707846],[-48.11191552561092,-15.770436889037036],[-48.11090446636875,-15.770263921288414],[-48.11003876531933,-15.76964543144029],[-48.10860348566739,-15.769045801524554],[-48.10766927100957,-15.7692516544038],[-48.10576821847607,-15.76806040708659],[-48.105231716740626,-15.767570737760414],[-48.102665444671246,-15.766846734999246],[-48.09916179946752,-15.765285227157996],[-48.09754826891037,-15.765867842316743],[-48.09630855608904,-15.765266533572678],[-48.094869375053825,-15.76514236292521],[-48.09369730806834,-15.764498170656251],[-48.09133144205402,-15.763491720967053],[-48.08970537999866,-15.762496851057225],[-48.08862607125279,-15.761550189027734],[-48.08720386747812,-15.761314118714813],[-48.08642573599923,-15.76070655534686],[-48.08591540757789,-15.76062459754982],[-48.08529338173583,-15.760110209364091],[-48.084243500900335,-15.760038170257248],[-48.08303414035583,-15.759575125202906],[-48.08146253327469,-15.759255531139905],[-48.08045140665888,-15.758214489756295],[-48.077727192796246,-15.757449050878787],[-48.07698413963088,-15.757106235765509],[-48.07572815292987,-15.757936818395477],[-48.075185735788274,-15.757716941327072],[-48.07487813916027,-15.75813556467192],[-48.074056847225236,-15.758332534097883],[-48.073448273654535,-15.75875650082773],[-48.07259043915207,-15.759022527310659],[-48.071253878959965,-15.758665474829007],[-48.06875545754231,-15.759434824659088],[-48.06829615163249,-15.758528904198261],[-48.06720522677167,-15.757827249055994],[-48.06642891617786,-15.756904845525154],[-48.06584683212826,-15.755436253853551],[-48.06565941211896,-15.754623153812535],[-48.06659077462575,-15.751952608437152],[-48.06715435248218,-15.751095922900474],[-48.06680799893955,-15.750206314589471],[-48.067735125889776,-15.749666343610508],[-48.067799351839334,-15.748725718883787],[-48.06825771541642,-15.748114743336256],[-48.06841183487814,-15.74714609924],[-48.06978663545358,-15.745689893402842],[-48.07070524098502,-15.74439359844227],[-48.071509176570444,-15.742407189113436],[-48.072509783914285,-15.741366383892423],[-48.07216778360752,-15.740366719322383],[-48.07269091122502,-15.738868922634696],[-48.07332782933787,-15.738266824958261],[-48.07367283001769,-15.737588246282924],[-48.072907732195254,-15.736457251140223],[-48.07454686114473,-15.735943103528424],[-48.07574071407249,-15.735400826677974],[-48.07801654464083,-15.734136186005253],[-48.08127764292122,-15.732008863253727],[-48.081948162517286,-15.731490846251818],[-48.08367747693139,-15.72982350122538],[-48.08480141667553,-15.728208297499188],[-48.08563153545654,-15.72650298478533],[-48.08619428686291,-15.724783242441335],[-48.086516075974096,-15.723146016240207],[-48.08675319617481,-15.720420850211951],[-48.088346722148884,-15.698459791109693],[-48.08936104766542,-15.68464195170573],[-48.08966266241196,-15.680784265933047],[-48.089717464135866,-15.67943448049127],[-48.08963577853046,-15.677842487223458],[-48.089222856232006,-15.675867208776022],[-48.085678896434956,-15.663599642306393],[-48.084048778486085,-15.658067282576736],[-48.083096593929326,-15.654713095514866],[-48.079302933924325,-15.641683863907302],[-48.076819061621016,-15.633049635755407],[-48.07631936386276,-15.631539906932858],[-48.07528117370238,-15.62949720775644],[-48.074296243756876,-15.628106349356372],[-48.0735542829429,-15.627255996046046],[-48.07207844345758,-15.625932061516762],[-48.07000255182033,-15.624561738487062],[-48.06665114231116,-15.623062079459702],[-48.06438885474404,-15.621980957623826],[-48.05946610854662,-15.619747866947211],[-48.05408142437561,-15.617231564864051],[-48.048619383580544,-15.614745621553148],[-48.04634904082026,-15.613416583903904],[-48.045093720669186,-15.612457443611605],[-48.04352078318311,-15.610901660198374],[-48.04019243612224,-15.606831120629575],[-48.03845706167321,-15.604771657580597],[-48.03386626453286,-15.599133441486787],[-48.02916200208728,-15.593440382284603],[-48.0275543581902,-15.59163689212938],[-48.026118335631516,-15.590267058978633],[-48.02237667640336,-15.587009553034777],[-48.01699885266618,-15.582402411304397],[-48.02182616005117,-15.57659636441354],[-48.023450133523475,-15.574576344475844],[-48.02487807573618,-15.573009039308928],[-48.026646147064916,-15.571646174312335],[-48.03083715168301,-15.568579631653288],[-48.034708559977545,-15.565676179085704],[-48.035116407692946,-15.565095063602785],[-48.03537322255795,-15.56419455951576],[-48.03528653064145,-15.563283098393994],[-48.03467804690229,-15.56184238475246],[-48.03397249840005,-15.560504527357729],[-48.03360195412513,-15.558880703204993],[-48.033868407913126,-15.556986960515477],[-48.034187811997235,-15.556224556543548],[-48.03490434240383,-15.55514990656164],[-48.036147404144536,-15.554045971313231],[-48.041713044946384,-15.550751404050839],[-48.043089448116284,-15.549245169576102],[-48.04371857424236,-15.54772262258632],[-48.04387717270409,-15.54663974022011],[-48.043566210088706,-15.54467272617209],[-48.04257916550903,-15.542489005075076],[-48.04157430194738,-15.541216215261025],[-48.03621456668675,-15.536432180227417],[-48.03347939966586,-15.533905372870537],[-48.03291240551641,-15.5332898123917],[-48.03186291454975,-15.531652061363141],[-48.03187223187588,-15.53094985447552],[-48.03278439199516,-15.530705126739225],[-48.03430969182172,-15.531546110646298],[-48.035069854299984,-15.531562676538764],[-48.03552432098537,-15.531203767611997],[-48.0379125451688,-15.52766636793795],[-48.03872587174221,-15.525937402842368],[-48.03908142493166,-15.524523154156572],[-48.039779550654714,-15.519110412999726],[-48.0397313012425,-15.517901492881336],[-48.0394179104809,-15.516630349943958],[-48.03709507646363,-15.510898382283237],[-48.03648388879545,-15.50957280860382],[-48.034245565585174,-15.505027074610789],[-48.034061234882124,-15.50395061086949],[-48.034776041421686,-15.50241218527359]]]},"properties":{"nome":"Brazlândia","regiaoSaude":"Oeste","macrorregiaoSaude":"Macrorregião 1"}},
{"type":"Feature","geometry":{"type":"Polygon","coordinates":[[[-47.93231984602658,-15.851287864408835],[-47.93172246995589,-15.848495693632218],[-47.93148333932559,-15.845098956748503],[-47.940110825789596,-15.84456389063215],[-47.94136018831371,-15.844337865608914],[-47.94509497632825,-15.843170128854261],[-47.946458887525814,-15.8426749202471],[-47.95329693713039,-15.840579121918777],[-47.95454509321707,-15.848391689283035],[-47.95874374249824,-15.87455138923969],[-47.957290104875156,-15.874576053720737],[-47.95626882190673,-15.874286585236192],[-47.95523178428487,-15.873763178404458],[-47.95176676753667,-15.871790387793592],[-47.944175746467685,-15.866937318331024],[-47.936084911757774,-15.86172335212563],[-47.93499327453294,-15.861064292622556],[-47.93231984602658,-15.851287864408835]]]},"properties":{"nome":"Candangolândia","regiaoSaude":"Centro-Sul","macrorregiaoSaude":"Macrorregião 2"}},
{"type":"Feature","geometry":{"type":"Polygon","coordinates":[[[-48.11191552561092,-15.770436889037036],[-48.11420313039769,-15.77146885707846],[-48.11658888780735,-15.77101436897791],[-48.11699078238737,-15.771167099916026],[-48.11881894202545,-15.770726442275183],[-48.12024690939097,-15.771069029498031],[-48.120875515392505,-15.770632821227693],[-48.12105146391563,-15.770013991025479],[-48.122347557699136,-15.769933960507029],[-48.12340301617422,-15.769598366075867],[-48.12363958750429,-15.769954472577265],[-48.124882580973036,-15.769818769723855],[-48.12518956854329,-15.769094334949946],[-48.12630648795348,-15.769234637461677],[-48.126831967360395,-15.769836205901314],[-48.12814240634067,-15.769543634270102],[-48.128944537210685,-15.769789345468586],[-48.12912076870313,-15.770235176596339],[-48.130155138328604,-15.771009452573418],[-48.13154371816219,-15.771411848692058],[-48.13234909464533,-15.770507380454184],[-48.132645935744435,-15.769802162604165],[-48.13366911146316,-15.76977517970591],[-48.13425569786896,-15.769317018847781],[-48.13464848173537,-15.767953854306342],[-48.13556315174754,-15.76782409017933],[-48.135914215157214,-15.768196713680041],[-48.13753753735095,-15.767698296677073],[-48.13822547258542,-15.768173479951924],[-48.1390257142984,-15.768125388935932],[-48.14043024282153,-15.7677676020699],[-48.141779712702586,-15.767672625829766],[-48.14278506494775,-15.768270830767841],[-48.143823966573834,-15.768059554678402],[-48.14527491733591,-15.768816751091336],[-48.14573911457246,-15.768641457297178],[-48.14659633732222,-15.76876162485892],[-48.1471579963772,-15.768608654369991],[-48.1483725051666,-15.769006078281796],[-48.149159073622634,-15.768671034736961],[-48.149736151361154,-15.768704155793232],[-48.15092148376845,-15.768012954917836],[-48.15165034714557,-15.768143788324156],[-48.153423165172256,-15.767786585901028],[-48.154516510992764,-15.767780328559374],[-48.15652304280861,-15.767286346358325],[-48.15712059764404,-15.767497259292547],[-48.158343367340784,-15.767019083209565],[-48.157999935119456,-15.766342450650427],[-48.158421947470266,-15.76533170478269],[-48.157937225526105,-15.763929249162645],[-48.15889333122908,-15.763669554011663],[-48.15921804884809,-15.763006388353201],[-48.15901238136042,-15.762147757557782],[-48.159894168541626,-15.761212466066544],[-48.16033422535155,-15.76050273671666],[-48.16113596096284,-15.759641927911716],[-48.161255218605014,-15.759109268442174],[-48.162975257015496,-15.757556510040963],[-48.16342520607332,-15.756796760941727],[-48.163814951837445,-15.756865711264707],[-48.16469081013777,-15.756390303533891],[-48.16535119673742,-15.755509031202312],[-48.165948657249736,-15.755494841964323],[-48.16672578980203,-15.75472329935915],[-48.167355514206086,-15.753281689974752],[-48.16828634041866,-15.75309328791195],[-48.169872084287434,-15.752413314897513],[-48.170871733128855,-15.751532708328863],[-48.17244068029844,-15.75065494329347],[-48.17368830907405,-15.75078653229356],[-48.17403114391571,-15.751031432736047],[-48.17388330637277,-15.75184563133942],[-48.17426044428188,-15.752596013975317],[-48.17511325271034,-15.752741651087897],[-48.17591374684991,-15.751817916348413],[-48.17763522615811,-15.750665014849268],[-48.17936336198256,-15.749667014532092],[-48.18199983828971,-15.747996610054892],[-48.18530628532227,-15.746451474638],[-48.18638983142135,-15.746233354117175],[-48.18710120370157,-15.746276883479462],[-48.18879774577749,-15.746656849820006],[-48.18951424653968,-15.747217078596927],[-48.193270188980854,-15.748590880268319],[-48.196747029354825,-15.749444751751229],[-48.20344436505666,-15.750384673698322],[-48.20560872907129,-15.75033767995217],[-48.206696826035596,-15.755051191750798],[-48.21268768078392,-15.763232882007394],[-48.213506457436154,-15.7666786513061],[-48.21609076318485,-15.768861469498056],[-48.22819918454391,-15.77695199756442],[-48.2309831929668,-15.777957919718247],[-48.232007201423784,-15.77847829836581],[-48.23230846672568,-15.779042108110016],[-48.23237307805248,-15.779921582170234],[-48.23306008532727,-15.780982819122785],[-48.2326508173754,-15.782102760616171],[-48.23228824834357,-15.78364563640979],[-48.232931527426956,-15.784557897767243],[-48.233215979859985,-15.78442837593442],[-48.234996879130975,-15.784715862200027],[-48.235599070171574,-15.784995188616842],[-48.23657642821754,-15.784881099904982],[-48.237458364519085,-15.785449590922857],[-48.23789575063766,-15.78661212338732],[-48.23777108603579,-15.787148985246116],[-48.237213956286475,-15.787984232931347],[-48.23688443178237,-15.788924710254594],[-48.236994552659795,-15.789495626729108],[-48.237729688074246,-15.79119628633342],[-48.238640648942614,-15.79279268088079],[-48.23992757631696,-15.793887307086303],[-48.24048111550009,-15.793932147894639],[-48.24056282895328,-15.792762914197336],[-48.24114662609013,-15.79308407881237],[-48.24116930855105,-15.794855623442269],[-48.24104170286494,-15.795985568807682],[-48.24037941004025,-15.797788759112775],[-48.240449609786445,-15.798433647752788],[-48.24131718292492,-15.799490296446294],[-48.242278929149556,-15.799490616265897],[-48.24248384384902,-15.799182029011073],[-48.242836828755074,-15.79739535483917],[-48.243976010214645,-15.797310381331185],[-48.24458012005669,-15.796883403284301],[-48.245361941814764,-15.797702509937704],[-48.24633525564532,-15.797146769302945],[-48.24675743508276,-15.797828360887943],[-48.245928803013555,-15.79933985324903],[-48.246478930395234,-15.80028034786404],[-48.246734738248804,-15.799406631620796],[-48.24749355235583,-15.798658740432169],[-48.248812178581595,-15.798718066339136],[-48.24907024030821,-15.799645166869006],[-48.24805857919481,-15.800722122848846],[-48.24858886908006,-15.80241652613141],[-48.24942229994953,-15.801755061233692],[-48.24876943494374,-15.801389138642957],[-48.24912572744668,-15.800686696557387],[-48.24985385061202,-15.801102924189362],[-48.250405149396826,-15.802118544786333],[-48.25147534563247,-15.8019827122035],[-48.252504050481754,-15.802198309337369],[-48.253615774036355,-15.801882041986028],[-48.255051944817055,-15.80207859896811],[-48.25666575924182,-15.801766252201181],[-48.257063426350115,-15.802644284402897],[-48.257530415550555,-15.803034452678542],[-48.25909533108115,-15.802894148497302],[-48.25922917107533,-15.80345564296285],[-48.26062241406355,-15.805133663753724],[-48.26116716862152,-15.80555922242385],[-48.261225986713065,-15.806485875873836],[-48.262082330910474,-15.80641780245131],[-48.26221536691248,-15.805865344339484],[-48.26331247757234,-15.806841377340612],[-48.26411941353082,-15.806657600892326],[-48.26451380717821,-15.807834517007628],[-48.26449599897601,-15.808634453276495],[-48.265184561234555,-15.808702906262118],[-48.26612440743089,-15.80733134160357],[-48.26683718647286,-15.807349057193854],[-48.26631169538784,-15.80928666372555],[-48.2668758742172,-15.809305488086967],[-48.267059945307125,-15.808234125107552],[-48.26790768094917,-15.808488910761861],[-48.26822824745325,-15.809873440348685],[-48.26799248730188,-15.810383239713362],[-48.26782152712354,-15.811889792059404],[-48.26822835704772,-15.812915149543427],[-48.2685320666655,-15.81287494050992],[-48.26965913164852,-15.811950224744928],[-48.269704183956634,-15.812787581060965],[-48.2701956711132,-15.813477310252326],[-48.271008526071085,-15.812790722001708],[-48.271342969749675,-15.814721969536059],[-48.271755447382056,-15.815412641143544],[-48.272798363579135,-15.81611800792166],[-48.27415839764794,-15.816811477697877],[-48.27499105686457,-15.816886554528008],[-48.2754898356463,-15.817655994492728],[-48.276457589803556,-15.818202943356876],[-48.27645824018382,-15.819281905126106],[-48.27707303189292,-15.819726774274375],[-48.27719342859887,-15.82039139211525],[-48.27869931583216,-15.822340338391076],[-48.27925086524692,-15.822565018144166],[-48.28043146802424,-15.823498364423024],[-48.28072507698496,-15.824057780169689],[-48.2808380320471,-15.825218963039417],[-48.28053380589804,-15.825698846936815],[-48.28153492079001,-15.826849124648612],[-48.28159193506446,-15.827143581415392],[-48.280874663547756,-15.827967315511664],[-48.28134101314773,-15.828723459995496],[-48.28136024697628,-15.829391888983011],[-48.28180006213938,-15.830715084407952],[-48.28183748595412,-15.831584281133175],[-48.28251306845512,-15.83336198768001],[-48.28385010565264,-15.834605912668296],[-48.28459117533785,-15.835781963502459],[-48.28512080406306,-15.836877394159337],[-48.28463752481325,-15.837838037924856],[-48.285172077204535,-15.83990034393669],[-48.28492188651643,-15.840643556785965],[-48.28374323847318,-15.84138385368761],[-48.28326948136538,-15.84211373864526],[-48.28437235381948,-15.842711536089029],[-48.2853509263877,-15.842873060526706],[-48.28565326517636,-15.843280967316755],[-48.28589239670499,-15.844432266628663],[-48.284979345456954,-15.844820127260807],[-48.28494091642741,-15.845661450519463],[-48.28516595967745,-15.846573237789638],[-48.28443479122329,-15.846822472050704],[-48.283999557468135,-15.848620775832527],[-48.284049323236566,-15.849876667930445],[-48.28307049195353,-15.850705384510475],[-48.28241842734667,-15.852901377764725],[-48.28273687113174,-15.853620692321764],[-48.28359297907223,-15.853180012024335],[-48.28416293317054,-15.853203389811647],[-48.284348164883816,-15.853789968916582],[-48.28405694184848,-15.85419741120191],[-48.282422788667375,-15.854676070884402],[-48.283194841246726,-15.8559927595911],[-48.28215044911763,-15.855734554818575],[-48.28171957308992,-15.855992684411298],[-48.28187618627487,-15.856650035677939],[-48.28142859888793,-15.857427322561866],[-48.28055101672056,-15.85688465452901],[-48.280286338901874,-15.857879311924933],[-48.28052200832341,-15.858422947694441],[-48.28154419409869,-15.858489106842937],[-48.28119709764931,-15.859230344121986],[-48.28071432325269,-15.861327836838237],[-48.27998494244596,-15.861317038019925],[-48.28028967614316,-15.8604659688609],[-48.27932139736977,-15.860024686537333],[-48.278945890801225,-15.86186207993582],[-48.28007850737269,-15.862540568884816],[-48.28005873186003,-15.862950366328239],[-48.27911927104095,-15.863331027073988],[-48.279406579218275,-15.864031063494448],[-48.279220499495366,-15.864699339279067],[-48.28042779660967,-15.865902508001584],[-48.2805041758667,-15.866884010958493],[-48.280112533759024,-15.867138312195518],[-48.27913144950126,-15.867267062983542],[-48.280106631827614,-15.868297286668376],[-48.28036951571067,-15.869070279110671],[-48.27990103800179,-15.86915988760614],[-48.279460177199695,-15.868752346803523],[-48.27814465555154,-15.868560766127962],[-48.27662512650237,-15.869313552810862],[-48.27597305650561,-15.869899125930914],[-48.27592314880337,-15.870480889377292],[-48.27730798625549,-15.871631369843968],[-48.27834482445136,-15.871629527649565],[-48.277632263700006,-15.872575582983917],[-48.276996863739974,-15.875914898915335],[-48.27625639862095,-15.87585186816464],[-48.275871048313526,-15.87622519728192],[-48.275117555826256,-15.876257624172839],[-48.274914041600326,-15.87678306540216],[-48.275420415637775,-15.877224360287634],[-48.275688172881246,-15.877895819519901],[-48.27560111535043,-15.880316840581317],[-48.27493081314667,-15.880534136587816],[-48.27511875058558,-15.87923388748355],[-48.274917920525716,-15.878819922198842],[-48.27396529579446,-15.879063353478749],[-48.273826930986196,-15.880307432143052],[-48.273534603921384,-15.88069264982911],[-48.27334947910764,-15.88209260220596],[-48.27267027549773,-15.882727999980725],[-48.27205007862557,-15.882800836079452],[-48.27174224753726,-15.883235505443261],[-48.271672034316346,-15.884103896123388],[-48.27240969220011,-15.885473549037245],[-48.27307871340627,-15.885908762139945],[-48.2733224173597,-15.886487194402832],[-48.27325093392096,-15.887169674200228],[-48.27387165540925,-15.88774597394534],[-48.273677047081044,-15.888420309762996],[-48.27405219701841,-15.889282514353539],[-48.273808886527085,-15.890342706062773],[-48.27477852534982,-15.89033590042614],[-48.275339926588316,-15.890738705246191],[-48.27573177171524,-15.891900554900896],[-48.276435898184396,-15.892520282835145],[-48.275286699611094,-15.893747266700952],[-48.27359073874518,-15.894223234471681],[-48.272870133580454,-15.895577750097285],[-48.27412073847459,-15.89533927894945],[-48.27553914507056,-15.895704124943146],[-48.2754081805836,-15.896228843257164],[-48.276054188748816,-15.896923778563403],[-48.27586894984902,-15.897360535853693],[-48.27423896215588,-15.89759873505103],[-48.273799499132366,-15.898649259375244],[-48.27389972955851,-15.899452970521628],[-48.27468525147724,-15.900024927450053],[-48.27601848430953,-15.899264934467547],[-48.276665344975946,-15.89996975061547],[-48.275837702850176,-15.901651772456708],[-48.27619730744157,-15.903068335901128],[-48.27454729630074,-15.902995261780568],[-48.27417719309863,-15.90331085923357],[-48.27440153027284,-15.904519082756723],[-48.27507777303558,-15.905578908213096],[-48.27637150335157,-15.906053004379608],[-48.27710144919862,-15.907038149989999],[-48.27625140847955,-15.907119049723422],[-48.27480907615431,-15.907761214122335],[-48.274859647711544,-15.908833094752376],[-48.27427114340262,-15.909699319720565],[-48.27234257996355,-15.910687555777962],[-48.2709716933478,-15.91077170490082],[-48.27044626963643,-15.910409610126445],[-48.269651143829,-15.911412013209086],[-48.26982490585272,-15.911842455915513],[-48.27042987987407,-15.91196912808695],[-48.26933036801746,-15.913123356528372],[-48.270065542957774,-15.91362351742075],[-48.27007131283685,-15.914260109709796],[-48.27049173067802,-15.915024817231359],[-48.270677161817275,-15.916142661471838],[-48.27028285350984,-15.917030532118895],[-48.27088194356608,-15.917445477886185],[-48.27083409929405,-15.91870730575649],[-48.27000534864722,-15.918995498331258],[-48.27003406149864,-15.919451084813295],[-48.27083967334039,-15.920033571455898],[-48.27125930246074,-15.919758063592674],[-48.27181097404639,-15.920239711864827],[-48.27286146573628,-15.91987594530272],[-48.2730708747071,-15.920294060741016],[-48.27162066505514,-15.921276510419741],[-48.27236376672952,-15.922168166234444],[-48.27419702071358,-15.922445795863949],[-48.27459475250056,-15.922907200314226],[-48.27493181117495,-15.92204338196323],[-48.27612796917973,-15.922557536615022],[-48.275420799218395,-15.922883545550569],[-48.27543042736161,-15.923480920127368],[-48.27676039302123,-15.923829752928174],[-48.276766933654805,-15.924297834292764],[-48.27578559517381,-15.92417897903545],[-48.27607694756654,-15.925411453730137],[-48.276804070008644,-15.925905242611037],[-48.276318277272665,-15.926763509779395],[-48.275218177019546,-15.927137466565338],[-48.27469564678171,-15.927604659978323],[-48.27485634460625,-15.928862880618507],[-48.27522566627406,-15.929379110846122],[-48.27559226963983,-15.930443098334154],[-48.276375937435816,-15.931125212097868],[-48.27579366384169,-15.931581771353747],[-48.27454135843671,-15.931098585921152],[-48.27388633388099,-15.93110078259814],[-48.27226552158016,-15.931573223078587],[-48.27127275024055,-15.932000408345038],[-48.27026632181367,-15.931650698287523],[-48.26893716553613,-15.932124689738023],[-48.26858868837617,-15.933050505778269],[-48.268200125693284,-15.933145401624945],[-48.26527560099703,-15.931699723001786],[-48.264996484556775,-15.931398853216148],[-48.26424986148648,-15.929229425363122],[-48.26424272526987,-15.928472275965705],[-48.263327501895475,-15.928370122644107],[-48.26221776900755,-15.92845876747749],[-48.26149299206664,-15.927927007596068],[-48.26069419574296,-15.928054708807915],[-48.26126477956029,-15.928757463971305],[-48.26051074179564,-15.929340658731693],[-48.259192100298506,-15.929221466113908],[-48.259013061570805,-15.928461536899052],[-48.25933753574637,-15.927823744842762],[-48.25892357230051,-15.927451582643874],[-48.258747362367636,-15.925578386837696],[-48.258328342305056,-15.924946093464847],[-48.25880026505304,-15.924294678676185],[-48.25846951794184,-15.923444290462601],[-48.25954764091154,-15.921788826163377],[-48.25933675600871,-15.921009456234664],[-48.25831513707037,-15.920113311840325],[-48.25793986675875,-15.918741670363657],[-48.258249240254386,-15.918334064105663],[-48.257699941119405,-15.917911110371712],[-48.2562118962243,-15.917790099433764],[-48.25630670172444,-15.917123326821764],[-48.25556564551396,-15.917285542298487],[-48.254124196232645,-15.917089234057922],[-48.253750159307906,-15.916643010084764],[-48.25420027275743,-15.916211204960167],[-48.25509185516849,-15.916181475486235],[-48.25517548382987,-15.915548634204464],[-48.254441329375716,-15.914883455792939],[-48.25501555406489,-15.913865380967835],[-48.25479915350621,-15.9134041414867],[-48.25551281828705,-15.91252728241167],[-48.25494459883554,-15.911562699404692],[-48.25352612756088,-15.910945634804296],[-48.253307564757314,-15.911607327467001],[-48.252479050367405,-15.910583426308262],[-48.25274541971376,-15.910103365205382],[-48.251592765321575,-15.909005266552278],[-48.250983088619705,-15.909092314790277],[-48.25049364063884,-15.908614718316862],[-48.249268583831366,-15.90877540722284],[-48.248667910045285,-15.908541831088849],[-48.248100782046855,-15.909454405890306],[-48.24684119759312,-15.908318066986876],[-48.24719372705333,-15.907442938606984],[-48.24659423545016,-15.907480500761189],[-48.24597107054431,-15.907023603360408],[-48.244288331981046,-15.906328846362792],[-48.24313222356658,-15.90504946961421],[-48.24243374211068,-15.904661351696012],[-48.24157867891086,-15.904873086243187],[-48.240610284254785,-15.904471645355793],[-48.23969839901999,-15.903162605736627],[-48.23848483256332,-15.903815337411293],[-48.2379977678129,-15.90356160258304],[-48.236785246995225,-15.903632129628303],[-48.23584866258169,-15.902839979942149],[-48.23608232876013,-15.90233125997927],[-48.236859504431564,-15.901568698578036],[-48.23698569796604,-15.90094934236552],[-48.236419064041016,-15.90009715166256],[-48.23709760289762,-15.899106645792276],[-48.2362457547682,-15.899296105783836],[-48.235604884966406,-15.899913086912473],[-48.23541227898297,-15.899091727090092],[-48.235048530463175,-15.89898156641891],[-48.23474762089415,-15.900728793188536],[-48.233318097646546,-15.900448790540059],[-48.23183208114736,-15.90078766835719],[-48.23171400658641,-15.901540439092782],[-48.23093704112076,-15.901004568176095],[-48.23015905157569,-15.901715636606133],[-48.22847059074407,-15.90181853782757],[-48.227975136627215,-15.901052866881498],[-48.2286906142083,-15.900798312141255],[-48.22880127587152,-15.900181708680622],[-48.22796512131011,-15.900088297938627],[-48.227354389087786,-15.900400007880283],[-48.22704910202837,-15.900018697529504],[-48.22633947697136,-15.90000365362266],[-48.22637597192811,-15.901024743826683],[-48.22471890002914,-15.901272425626209],[-48.224315231276435,-15.901649956455195],[-48.22483424640656,-15.902235482183459],[-48.22407534246801,-15.902528014601318],[-48.22335098234541,-15.902061686430509],[-48.2231537230888,-15.900719684628978],[-48.22225066290335,-15.900407636516247],[-48.2213548260711,-15.901085057372566],[-48.22086491455954,-15.901038130615522],[-48.22035743649261,-15.900473590079471],[-48.22006549660168,-15.89968858144413],[-48.22047903155116,-15.898905968938744],[-48.21981170636425,-15.897811709035325],[-48.21847292374012,-15.899024904802904],[-48.218199108258375,-15.89769207178488],[-48.217478841758506,-15.897288529240118],[-48.21690212065116,-15.897425934027062],[-48.21501852957016,-15.897245075575526],[-48.214331811552896,-15.897707201396324],[-48.214110650821524,-15.897323863414341],[-48.21308350814251,-15.897612560094164],[-48.21250967242385,-15.897145201919244],[-48.212636627729694,-15.896485988754282],[-48.21177325421518,-15.895624717006601],[-48.21063009950711,-15.896239047525249],[-48.210987713431834,-15.896638611041274],[-48.210366933553054,-15.897020498012719],[-48.209813847120834,-15.896528258955138],[-48.20932650029941,-15.895668899344107],[-48.208537190185126,-15.895744252674596],[-48.20773533150464,-15.894616207307749],[-48.2083050646174,-15.893158974005459],[-48.208072960609236,-15.892933117515359],[-48.20718724240033,-15.893272344079072],[-48.20675356812051,-15.893715935553722],[-48.20580636651864,-15.89258197524889],[-48.20603087886433,-15.891755718684797],[-48.20579280914436,-15.891437514608638],[-48.20463578085504,-15.891359993657442],[-48.203836119453754,-15.89209522370713],[-48.20370419915933,-15.891582618024515],[-48.20218646763903,-15.891378629791875],[-48.20242525062134,-15.890514589566928],[-48.201833637243205,-15.889268313765117],[-48.201367139421215,-15.889223317004742],[-48.20060492519085,-15.888554503948109],[-48.20023317178356,-15.887786746079149],[-48.20071371027344,-15.887185697980795],[-48.2006570256807,-15.885380297357502],[-48.20006088209859,-15.885043113839385],[-48.20027075999,-15.884346681645708],[-48.19881219151432,-15.882806593913678],[-48.19786150355081,-15.883212709167605],[-48.1977574894207,-15.882021042878693],[-48.19783723556341,-15.880770047011564],[-48.19696821883229,-15.88019436668358],[-48.1969343244983,-15.879533945381874],[-48.19606940857644,-15.87902210608629],[-48.19630876648053,-15.878338167824408],[-48.19613495954104,-15.877497292807334],[-48.19484461587367,-15.8763442467769],[-48.19488335033041,-15.875216459930659],[-48.19369514690747,-15.874402716228893],[-48.19258619555385,-15.873218287908285],[-48.19220159803463,-15.87247167486691],[-48.19266313356299,-15.871866843970345],[-48.19209610168429,-15.871331910208923],[-48.19079710364747,-15.871570478916068],[-48.19031730806433,-15.871061879528801],[-48.18964020202061,-15.87113766027861],[-48.18939935740473,-15.870420869952296],[-48.18871654616065,-15.869864004691088],[-48.188733971680534,-15.869329355079696],[-48.187598440075966,-15.869054685928816],[-48.187142138132444,-15.868494369205264],[-48.18468421815769,-15.86645539124364],[-48.18480739155619,-15.865950059910146],[-48.18425168922986,-15.865701054935057],[-48.18377543031399,-15.86468818376867],[-48.183826108770745,-15.864188732530447],[-48.18323260443894,-15.863312774599205],[-48.18333960007749,-15.862506619821312],[-48.18301960580023,-15.861720065910962],[-48.181994155547216,-15.860540955150507],[-48.17944558208557,-15.861655970456363],[-48.17795150051176,-15.862110818321781],[-48.177664263301345,-15.86140094336265],[-48.17823068432565,-15.860765389334084],[-48.17726240734889,-15.858596861472423],[-48.17721108929166,-15.857683294852098],[-48.176833778007705,-15.857251921471367],[-48.17577918101698,-15.85751018392654],[-48.175357809164964,-15.857070744376355],[-48.17548824184927,-15.85642885210703],[-48.17639540553895,-15.855903476208068],[-48.17598833486627,-15.855386239987773],[-48.17639091306421,-15.855082959194998],[-48.177141292889026,-15.851902960955293],[-48.176756981932385,-15.85148790255969],[-48.177249812070286,-15.850813579697167],[-48.17737922876001,-15.849992727430198],[-48.17774542249401,-15.849642615598343],[-48.17765541309917,-15.84876447037733],[-48.178016758625574,-15.8480626163416],[-48.17874465361883,-15.847366219707986],[-48.179783274072236,-15.846765006136147],[-48.180233428844254,-15.846153495823442],[-48.18138334337484,-15.845742781932895],[-48.1829702855962,-15.845561486481447],[-48.184059496471455,-15.844992339088732],[-48.18420818202402,-15.844437602972143],[-48.18523274204659,-15.844990092213456],[-48.18622333137838,-15.844138735545028],[-48.18648676862365,-15.843328587643448],[-48.18606699128128,-15.842358103493225],[-48.18653066390169,-15.841561705606804],[-48.186293640719036,-15.841198642092944],[-48.18688369731678,-15.840363698793611],[-48.186988076162905,-15.839795157247917],[-48.18880821115056,-15.838351695476664],[-48.18920747905668,-15.837265231277435],[-48.18992579082248,-15.836525777447646],[-48.19015150870729,-15.835632412386353],[-48.189071556767665,-15.834818256646779],[-48.1890317506208,-15.834047049843205],[-48.18860285807324,-15.833330452695568],[-48.188713520634764,-15.83209472665813],[-48.18802628788285,-15.83162891308318],[-48.18817934373927,-15.830893786629671],[-48.187510391703384,-15.830037137526407],[-48.18698275184821,-15.828975183721914],[-48.1866713580415,-15.82767453055357],[-48.18601357745449,-15.82694639886371],[-48.18582536692773,-15.826224781094503],[-48.18498803018341,-15.825552162906519],[-48.18469335582076,-15.824736429016914],[-48.18386410121905,-15.824068579252442],[-48.184103274070196,-15.82350169706641],[-48.183442250565,-15.823227588692964],[-48.18320619396959,-15.822584249209363],[-48.183502406248,-15.822027055773258],[-48.18438971716989,-15.821004878382208],[-48.18472088379433,-15.820247294507155],[-48.1845861418916,-15.819349929276934],[-48.18517085531004,-15.817922043920746],[-48.186204047244175,-15.816829698939761],[-48.186178063474586,-15.816278433476931],[-48.18677629833468,-15.81580205532515],[-48.18710117944707,-15.815175844456578],[-48.187978952057264,-15.814708899405728],[-48.18895243027952,-15.81480871189529],[-48.189448788999876,-15.814033172862935],[-48.190044401677646,-15.813527302374524],[-48.19085247849654,-15.811983454546409],[-48.19083815845259,-15.811302551089874],[-48.1911259660932,-15.810531521656436],[-48.19118216110412,-15.80951281697607],[-48.19085846307296,-15.80731226207706],[-48.19008010521862,-15.806873360730103],[-48.19007532797794,-15.806316733381957],[-48.18955291182614,-15.805360066256817],[-48.18933872291968,-15.804224439925095],[-48.188893716392556,-15.803218062137223],[-48.18847755207426,-15.801582148735795],[-48.18857647455334,-15.800412436259219],[-48.18836177450548,-15.799554855912616],[-48.18884900544423,-15.799013659222425],[-48.18855529856715,-15.79800936722239],[-48.185156232533835,-15.799016216920876],[-48.184226267805634,-15.799185130401545],[-48.18253498267077,-15.799184846020985],[-48.18144035136108,-15.799000225902645],[-48.17458459775889,-15.797026460383922],[-48.17276167260397,-15.796457409742102],[-48.166607308304265,-15.79475646669925],[-48.163942104772644,-15.793962187556964],[-48.16360324317948,-15.795012386979876],[-48.15914722387446,-15.80950194796933],[-48.15800944378674,-15.81023859217523],[-48.15590468658447,-15.809627173585232],[-48.15545982738105,-15.810407090055786],[-48.154488165552294,-15.809484776234001],[-48.15385975718013,-15.809216799477085],[-48.15148291015977,-15.8085322763676],[-48.15051722661923,-15.808472242850176],[-48.14785879548654,-15.808883489720163],[-48.14610251454592,-15.808438346066612],[-48.145899205135876,-15.809108243196572],[-48.143246755884654,-15.809366012299554],[-48.14237554456929,-15.809607964625059],[-48.141082636211785,-15.810248755848],[-48.1407671245278,-15.810237555841864],[-48.13679791934324,-15.809080923254957],[-48.1363960588992,-15.810670584551934],[-48.134723039209,-15.815019185558421],[-48.13329894088741,-15.814516584639454],[-48.13266528455734,-15.816150205056971],[-48.13160846423629,-15.815783235889745],[-48.13080630641681,-15.81788008567755],[-48.13184279965962,-15.818250119295207],[-48.13125063202096,-15.8196948914461],[-48.12869656176809,-15.818788841922661],[-48.12670642240954,-15.823999141874902],[-48.12561928484597,-15.823909703469065],[-48.124173227207244,-15.826047045312494],[-48.12399337730084,-15.827931270862901],[-48.12376588703997,-15.828358860962677],[-48.12113273000781,-15.826388359238543],[-48.11925065797795,-15.828888767213375],[-48.11799318097188,-15.828403748579936],[-48.11512192816859,-15.832159579066001],[-48.11639985801706,-15.834238325375976],[-48.122627974899906,-15.838695299513848],[-48.12388979795532,-15.837044985744518],[-48.12422025041911,-15.836965686059058],[-48.12701491286127,-15.83896074049818],[-48.128395461756206,-15.839817822752165],[-48.130286657076084,-15.841257857001892],[-48.130512517793036,-15.841759019078461],[-48.13042071356425,-15.842620824368606],[-48.12947235044071,-15.843681607186715],[-48.12810119792364,-15.845514672097739],[-48.1204919644106,-15.85547364409978],[-48.113412776441045,-15.850417418231421],[-48.11084236313821,-15.853815398113486],[-48.111303481848275,-15.854151472470626],[-48.11042552149018,-15.85574428154208],[-48.10930290406614,-15.857196216168495],[-48.10886948580617,-15.857346276700062],[-48.10789913821267,-15.859072410244021],[-48.107353618290084,-15.859447897041369],[-48.10699654155791,-15.858757903112126],[-48.105828163953305,-15.858007983076607],[-48.10549222008818,-15.85730646450392],[-48.10459034298396,-15.857339063807759],[-48.10366581036827,-15.857001460927767],[-48.102580441587484,-15.857292656569237],[-48.102085243490485,-15.856540404839077],[-48.10061802513693,-15.856397928211837],[-48.09958976046213,-15.855687483553712],[-48.09934413591062,-15.855232890813626],[-48.09815741380959,-15.855296819802396],[-48.09702524909071,-15.854593014787836],[-48.09657432266585,-15.854677193403981],[-48.09596350779852,-15.854046828977435],[-48.09473263350128,-15.853728673365476],[-48.09391126341283,-15.853686274067726],[-48.09301455880801,-15.853192881776138],[-48.091898708393,-15.853397996629198],[-48.090796110823376,-15.85262906524252],[-48.0899329564978,-15.852667681514077],[-48.08892169064311,-15.852308791952144],[-48.087656512380114,-15.851235010038392],[-48.08997903647861,-15.846844588879195],[-48.090701381680034,-15.845917808468371],[-48.09091363022548,-15.844456549366873],[-48.09085686298773,-15.842872720899301],[-48.0906786686764,-15.841479355348184],[-48.09189238784666,-15.841891400132097],[-48.0933032054751,-15.837730082084926],[-48.09145635009933,-15.837025529630631],[-48.08787152414336,-15.835871286897657],[-48.09188551214148,-15.825327961820172],[-48.093306924500375,-15.821815302487709],[-48.09247073220973,-15.821511165766074],[-48.09318969345748,-15.8196027329398],[-48.09312895027629,-15.819117312601634],[-48.09402148490155,-15.816801577967345],[-48.0946591782605,-15.815794826255928],[-48.096115483879984,-15.812707785246268],[-48.096671694652755,-15.811697139254997],[-48.09966577410484,-15.807635457292857],[-48.101453900322284,-15.805312016909838],[-48.101726395280565,-15.805372961527542],[-48.10388676179218,-15.803070923572873],[-48.106738807716376,-15.79994407846473],[-48.10760391677602,-15.798838620601503],[-48.10859558498447,-15.79954638328879],[-48.1124171116279,-15.794522139635625],[-48.11170855646439,-15.794009108961221],[-48.111023646755804,-15.794013494930326],[-48.108250392963505,-15.790127598853086],[-48.10726451529537,-15.79049978200771],[-48.10706275368256,-15.78980837017105],[-48.10591082602743,-15.789101656576984],[-48.1048361750463,-15.787961550381182],[-48.10426965071574,-15.78704162301553],[-48.10330867883887,-15.786494545006214],[-48.10293537314276,-15.785849862994548],[-48.10310299518152,-15.78505741180215],[-48.10287791779551,-15.7844039303897],[-48.10291485472336,-15.78330851990299],[-48.10359292106612,-15.780992051515497],[-48.10265380699674,-15.78040853753589],[-48.102497616019974,-15.778418532570319],[-48.10413740882444,-15.775257364906304],[-48.10483582380502,-15.775368499917995],[-48.10543041509832,-15.774524377333284],[-48.10526167375872,-15.77371466993375],[-48.10615447518362,-15.772980411171751],[-48.10638196364786,-15.772277752174116],[-48.1068055417622,-15.771947159264489],[-48.107718763690144,-15.771747133227441],[-48.10881449453774,-15.771954869693309],[-48.11006773239398,-15.771560438393065],[-48.110449896377105,-15.771075309215222],[-48.11132787020992,-15.77117751625346],[-48.11191552561092,-15.770436889037036]]]},"properties":{"nome":"Ceilândia","regiaoSaude":"Oeste","macrorregiaoSaude":"Macrorregião 1"}},
{"type":"Feature","geometry":{"type":"Polygon","coordinates":[[[-47.76378524829975,-15.52733752937514],[-47.76374661625095,-15.526615349484356],[-47.76398218865443,-15.525977234768439],[-47.76359388378803,-15.525457569476504],[-47.764107586281575,-15.525130507804619],[-47.76350373066275,-15.524238180599731],[-47.76258327100855,-15.52480695451306],[-47.76197916745472,-15.524225396539109],[-47.76196107179164,-15.523517178250135],[-47.761592724795904,-15.522835426861283],[-47.76157693600646,-15.52125740784576],[-47.7617205352979,-15.520463313417943],[-47.76219856209825,-15.519954056446977],[-47.76290387883515,-15.519846989206009],[-47.76399132721582,-15.520304411591292],[-47.7640100516996,-15.51974915052284],[-47.764712032093534,-15.519729470257676],[-47.76518703336801,-15.520715182035993],[-47.76576289388932,-15.520329486829253],[-47.76784070522632,-15.520883862602767],[-47.767348149074564,-15.519861695082716],[-47.767477123793164,-15.519153601168826],[-47.76829020871977,-15.518912818528262],[-47.76816198499274,-15.518031156795416],[-47.768427489261484,-15.517276723426109],[-47.769068179400215,-15.517429643027324],[-47.76989255255666,-15.517220952913293],[-47.770656796081255,-15.516593921382933],[-47.770450246447986,-15.515903290530835],[-47.771923433208286,-15.516113817864937],[-47.772308155593336,-15.515331503225193],[-47.773516936724484,-15.51479813059634],[-47.772554305659284,-15.514450367181462],[-47.771244839554456,-15.514284761969481],[-47.77169002215138,-15.513051506972337],[-47.77248750513812,-15.51208078442384],[-47.77253513920438,-15.511439978629626],[-47.77223540912331,-15.510793621492969],[-47.77119912518796,-15.510581824957178],[-47.77115951487382,-15.509925187837183],[-47.77168962150276,-15.509745660962883],[-47.7716293265809,-15.508659154801167],[-47.77109224812703,-15.50912683517257],[-47.77017388064914,-15.508694741660767],[-47.77055894169905,-15.506080933175413],[-47.771111674195055,-15.504558064010897],[-47.771013926712364,-15.503400181903888],[-47.7712689458451,-15.502941014169894],[-47.77206604704784,-15.502370222802487],[-47.97595970249181,-15.50242998097365],[-47.97465808856087,-15.50488474538236],[-47.97420455792001,-15.506243007188088],[-47.973977485375755,-15.507376556556688],[-47.97403865795166,-15.51080080423106],[-47.97350058596109,-15.512613265590918],[-47.97328099278988,-15.514699268997814],[-47.97350114111994,-15.519189932334864],[-47.97316102368201,-15.520338355343819],[-47.96939162447788,-15.524122377062126],[-47.96896135750793,-15.525211282446305],[-47.96945214487688,-15.5264413401897],[-47.97045992975985,-15.528349752183349],[-47.97027330565788,-15.529688877845357],[-47.969821594105476,-15.53018661757582],[-47.967474301657965,-15.531490450449589],[-47.96690901430755,-15.532399454906027],[-47.9655658811425,-15.537155057067494],[-47.96525040628945,-15.537569067214529],[-47.96295909954539,-15.539470881643688],[-47.962305785381965,-15.539895383638381],[-47.95962344828293,-15.541263196486044],[-47.95873349002591,-15.541856679285031],[-47.957973933012155,-15.542598250185168],[-47.955860250149215,-15.545208453450739],[-47.95071021760852,-15.550334052999066],[-47.950425837939015,-15.550821583567972],[-47.950666598113266,-15.55170363555703],[-47.952007492676614,-15.553204095267985],[-47.95206563433675,-15.5540184051795],[-47.951072940252246,-15.556897767553956],[-47.95077279335289,-15.5580419121833],[-47.95080775937701,-15.558550593868393],[-47.95126695030248,-15.559443588535027],[-47.955423915957844,-15.564351747801823],[-47.95577496050288,-15.565346237284393],[-47.9556002723161,-15.56638986345912],[-47.95452658792222,-15.569965963639872],[-47.95419497483508,-15.57072399687465],[-47.95147323672937,-15.575018585131753],[-47.95104357252898,-15.575478143490837],[-47.95020024671667,-15.575624133616843],[-47.948439748185784,-15.574961911272885],[-47.94802899711538,-15.574618619340585],[-47.94738078628109,-15.573523409903059],[-47.94673511318748,-15.573294535539242],[-47.94440588136875,-15.574563362783332],[-47.94302476563687,-15.574607385618627],[-47.938989783112255,-15.573209483361309],[-47.9383201106275,-15.57326539793805],[-47.93791860052642,-15.573709116809383],[-47.93690938103397,-15.576932283970555],[-47.936409701242006,-15.577895199501512],[-47.935032653980045,-15.579349116936028],[-47.931520823327446,-15.581618794382425],[-47.92991501379017,-15.583200981852674],[-47.92735854144223,-15.585854545889006],[-47.92674631981317,-15.58639249958082],[-47.92533948621301,-15.587220973320614],[-47.91346681781881,-15.591190611001215],[-47.90398124532405,-15.593542650637286],[-47.90229127891601,-15.593861696940387],[-47.90114440877593,-15.593680757609295],[-47.90018652440869,-15.593165112779971],[-47.89698540753814,-15.59055527757571],[-47.89621114061159,-15.590246121302856],[-47.895562369228564,-15.590347451569494],[-47.890549462719356,-15.593188683121056],[-47.88962146799657,-15.59339729103453],[-47.88899060632535,-15.593314436265825],[-47.886183193196054,-15.592334884919971],[-47.88528333370797,-15.592428715851185],[-47.88503640210772,-15.593133401274628],[-47.88578891183807,-15.593425063874905],[-47.88688599375185,-15.593278665021254],[-47.887156196209524,-15.594047283363082],[-47.88808394748887,-15.594291293748116],[-47.8875693143407,-15.594731392876687],[-47.88821163132842,-15.596324763775904],[-47.888684883583025,-15.596670546792863],[-47.888491211299346,-15.59723643049812],[-47.8889130682416,-15.597623519104213],[-47.88927836994853,-15.598484863475878],[-47.88995796252895,-15.598873371297644],[-47.889796937717634,-15.600309587453749],[-47.89027239892954,-15.601071856445323],[-47.89036721251452,-15.601999791487266],[-47.89110087020031,-15.602927264635882],[-47.891147130742496,-15.603521967634178],[-47.89153971518291,-15.603928243329827],[-47.8912867963113,-15.6052027534401],[-47.89209953358988,-15.606153291258824],[-47.891810320984156,-15.607105337896607],[-47.89223471117551,-15.607626064440332],[-47.891931549530064,-15.608374197621158],[-47.890176052818674,-15.608991634888177],[-47.88848221826504,-15.61053264601485],[-47.887850598415724,-15.611316706273195],[-47.887276685441954,-15.612428820288596],[-47.88633569569026,-15.615139704812423],[-47.88592123547605,-15.615551062790919],[-47.8860690029504,-15.616146352960076],[-47.88378199195002,-15.617530444023473],[-47.881710377191844,-15.616468223445285],[-47.880464485758,-15.616069453595209],[-47.87991610919281,-15.616105784947493],[-47.878285604968376,-15.616686269003601],[-47.877846679137406,-15.616613801157921],[-47.877237207251426,-15.617329563950776],[-47.87642755658416,-15.616335655826722],[-47.87624861936609,-15.61546693393919],[-47.87480151069848,-15.614189913755121],[-47.87364637965105,-15.613670769829481],[-47.8730593494775,-15.613746792816134],[-47.87204764344833,-15.61425031256141],[-47.87029149545836,-15.613143568143027],[-47.870522606828146,-15.612162442545202],[-47.86946738191503,-15.613188272244997],[-47.869133961417546,-15.613778589382358],[-47.86873179824126,-15.617553199189649],[-47.868343777242494,-15.618543408104014],[-47.867422984313336,-15.619651984285928],[-47.86631527263479,-15.620155296599542],[-47.86525248750026,-15.620057495250514],[-47.86569050872774,-15.61940317052154],[-47.865917362083074,-15.618061058681667],[-47.86539960369603,-15.616772908893783],[-47.86471480268358,-15.616576789884842],[-47.86259259211365,-15.614432943313403],[-47.86211485816409,-15.613281325370975],[-47.86163456042271,-15.613320190427741],[-47.86143535631351,-15.611904986989643],[-47.8609440667863,-15.610777284813658],[-47.86038510716876,-15.61047367625512],[-47.860450075126735,-15.609293250525504],[-47.86104298836708,-15.609030004141475],[-47.86164604089203,-15.607274532509287],[-47.86158214552251,-15.606662059756449],[-47.861954118118724,-15.606417533715575],[-47.861868696420046,-15.605595999355483],[-47.861548422766745,-15.604745894413371],[-47.862090893807256,-15.60429883368725],[-47.86218165149872,-15.602971313404232],[-47.86270420419444,-15.602658682969114],[-47.86281774405984,-15.601953135616293],[-47.86149576082985,-15.601742839709553],[-47.86051344767677,-15.602181446803709],[-47.86008891195833,-15.602644678640015],[-47.859188581753024,-15.603156227973134],[-47.859072549062724,-15.602520732585425],[-47.85788823085339,-15.601551002130043],[-47.857977697665795,-15.600905319863772],[-47.8586359534616,-15.600006704033659],[-47.858235846529,-15.598859306144213],[-47.857876303023055,-15.599133153366093],[-47.85709397012358,-15.59883165690155],[-47.85712013984444,-15.598440802496446],[-47.856405820191746,-15.597584733270644],[-47.856036927918645,-15.598103741401378],[-47.85506496515427,-15.597664095098578],[-47.85434562391916,-15.597900520882316],[-47.85173550508076,-15.596955085201845],[-47.85128859412523,-15.59650895320756],[-47.85055045833773,-15.596762790627643],[-47.85005252487069,-15.596502292602457],[-47.84921887121904,-15.597067404981058],[-47.84814150013923,-15.596213885944747],[-47.8472979506464,-15.595991471654688],[-47.84640728451693,-15.596648010810718],[-47.84492408603278,-15.596254684584316],[-47.84446139167771,-15.595462612585434],[-47.84393412642001,-15.595709161637906],[-47.843423346146096,-15.595434183301348],[-47.84291509103644,-15.595616956265529],[-47.842258348003575,-15.596791106381646],[-47.84181179547584,-15.59707783453576],[-47.841002885918684,-15.59853391249591],[-47.840307811772654,-15.598784227660959],[-47.83993820803384,-15.598562847510047],[-47.8386098036462,-15.598495200378936],[-47.837711296122606,-15.598725034755851],[-47.83724130475248,-15.59834552851295],[-47.83582030741524,-15.598346056303631],[-47.836078979996245,-15.596264628781006],[-47.836686098296184,-15.593672795575943],[-47.837358950817034,-15.592932331181194],[-47.84234085466916,-15.5907183917877],[-47.84303830755406,-15.59012684019371],[-47.84228334452467,-15.589403283333867],[-47.840946912791644,-15.589014419269507],[-47.840968722988436,-15.588604027375654],[-47.84229364550604,-15.588432248377018],[-47.84375888666764,-15.587429884086607],[-47.844019828393066,-15.58636738998984],[-47.84393896384782,-15.584450866459099],[-47.84419400993002,-15.583450067957052],[-47.843603830263085,-15.582850684403077],[-47.84387797093497,-15.581572673828054],[-47.84315095808733,-15.581191485751873],[-47.84294747799738,-15.57988730918116],[-47.843501957716605,-15.578634815582758],[-47.84255263788729,-15.5768839021458],[-47.84353469142724,-15.575073475532607],[-47.84389644209384,-15.573754245724755],[-47.843810045723075,-15.57328221488265],[-47.84297200829283,-15.572983782705844],[-47.84287668715973,-15.572495209995726],[-47.841589323204154,-15.572493954388072],[-47.84090172663454,-15.571809229981989],[-47.839464826421825,-15.571481718387108],[-47.8391200009135,-15.56898777034897],[-47.83962390099066,-15.569026043234688],[-47.8399728650375,-15.568587379185423],[-47.84003528088176,-15.567791542644313],[-47.840871211762654,-15.566594634728142],[-47.841020673459624,-15.565932872234747],[-47.840276191972976,-15.565714588450485],[-47.83989073027444,-15.565138459340847],[-47.839216099987645,-15.564814997446824],[-47.83887402512072,-15.563457986078934],[-47.83905486766551,-15.562076333488921],[-47.83952036835753,-15.561592896025012],[-47.84030464341465,-15.561268838362349],[-47.84075409211086,-15.560200821984106],[-47.840860094212694,-15.558938949593923],[-47.84059734956851,-15.557958639019725],[-47.84108892565829,-15.55717389824485],[-47.83595323561941,-15.550159775542856],[-47.83558788091188,-15.549399833550865],[-47.8353440089735,-15.548150861863324],[-47.83543015291767,-15.547241734765349],[-47.83623842736592,-15.543547884926113],[-47.83654361291571,-15.541435205283928],[-47.83653898749031,-15.539657461388252],[-47.835928016316124,-15.532187095466362],[-47.83582154170043,-15.531400549709835],[-47.835443279100595,-15.53077457826278],[-47.83477127279275,-15.53029575409355],[-47.83407459784888,-15.53017567397397],[-47.83160387598301,-15.530092713247926],[-47.82943758059053,-15.529561366017838],[-47.82131871125723,-15.5262817713139],[-47.815014729851995,-15.523781581414003],[-47.81310200281307,-15.523404531818949],[-47.81140151713306,-15.52341186991636],[-47.81000042466588,-15.523687792749161],[-47.8053343235519,-15.52528606147518],[-47.80352731474717,-15.525619680205274],[-47.80192475351797,-15.525580300020309],[-47.79266564630633,-15.524347584255818],[-47.790525719162375,-15.524612063388357],[-47.78354430382835,-15.527579924181975],[-47.78096682347917,-15.528728388762831],[-47.78002501087068,-15.529074809054007],[-47.77763544640085,-15.52953504728431],[-47.77588045454265,-15.529528467600406],[-47.77467376379117,-15.52923777813301],[-47.77315587237076,-15.52853041921187],[-47.771194560848,-15.527102171044943],[-47.76979740659503,-15.52657487978406],[-47.76894917059138,-15.52654729526065],[-47.767877661917105,-15.526780589065575],[-47.7655076070586,-15.52759650943472],[-47.76378524829975,-15.52733752937514]]]},"properties":{"nome":"Fercal","regiaoSaude":"Norte","macrorregiaoSaude":"Macrorregião 3"}},
{"type":"Feature","geometry":{"type":"Polygon","coordinates":[[[-48.03822170127214,-15.945430191709772],[-48.039538769819224,-15.947574902881046],[-48.040738043181406,-15.949194244672162],[-48.04224712033225,-15.950579987424762],[-48.043932216074815,-15.951648447983626],[-48.045192665606166,-15.952172111506352],[-48.04802811695211,-15.95306506553335],[-48.04930237897926,-15.953271457036795],[-48.05089375438654,-15.953295663588385],[-48.05236275679425,-15.953102145833894],[-48.05373448872468,-15.9527117637126],[-48.05553233830676,-15.951839230864309],[-48.06154694181625,-15.94812357022393],[-48.06217742799167,-15.947959841347496],[-48.06673231677518,-15.945096436984619],[-48.06935202602755,-15.943503735869164],[-48.073514310607706,-15.940894341976733],[-48.07529999071263,-15.939719107198446],[-48.077323474636195,-15.938918724616274],[-48.078352403166,-15.938747939778239],[-48.07970183801276,-15.939027634231447],[-48.08058462142562,-15.93947783020143],[-48.08154721925315,-15.940395965331513],[-48.082679257309586,-15.941675160977086],[-48.08331229829366,-15.941323349819026],[-48.087744970384456,-15.937858768427184],[-48.091247984970856,-15.935028742939013],[-48.091354498214095,-15.934471916614205],[-48.09214561214547,-15.933517012527005],[-48.09437234080038,-15.932246646546007],[-48.09494956316766,-15.932353702595691],[-48.09582575294634,-15.932881002152113],[-48.096325784877884,-15.932860056594233],[-48.096565079899904,-15.933431320679071],[-48.097237750062746,-15.933680944956343],[-48.098553018385985,-15.934672588180018],[-48.098880948380454,-15.935216494159295],[-48.09990890044155,-15.935586491978219],[-48.10070507907449,-15.936499424169424],[-48.102063222189614,-15.93713013151562],[-48.10280406370274,-15.938656343631944],[-48.10281657813296,-15.9389847234096],[-48.103529231410796,-15.940353115266491],[-48.103288215216686,-15.94087823350987],[-48.10387596134752,-15.942047401314449],[-48.10472958903952,-15.942551654361326],[-48.10525796730986,-15.94334491974548],[-48.10552381742998,-15.944379343686299],[-48.106448367113664,-15.944603836345834],[-48.10666401129088,-15.945359260423183],[-48.1073066462822,-15.946661916583432],[-48.10819272112225,-15.947053450628399],[-48.10911388236068,-15.948612205433289],[-48.110745345087516,-15.94966264863972],[-48.111473504185476,-15.950829549765844],[-48.1127117653293,-15.951587775631355],[-48.11395522502367,-15.951084964411498],[-48.11433329089246,-15.951192315302752],[-48.11499439614434,-15.95193892185204],[-48.11583780999156,-15.952049871419709],[-48.116325769464005,-15.952457782325903],[-48.117610018062166,-15.952771544365737],[-48.118774026261235,-15.953727829417886],[-48.12007151512839,-15.95367859761343],[-48.12026232807451,-15.954757934782501],[-48.12114492463779,-15.954707418892031],[-48.121182060093325,-15.955351459913743],[-48.12210059555616,-15.955659840844794],[-48.12253977561037,-15.954232036678912],[-48.12228680463647,-15.953041894552657],[-48.1230676481292,-15.952041983901186],[-48.12295212029209,-15.951717352475198],[-48.123927423891004,-15.95020457230424],[-48.123931533683425,-15.949608781042867],[-48.12482740375334,-15.948661733880298],[-48.12578082349362,-15.947439050859233],[-48.12642581386762,-15.946954934495661],[-48.12695911670234,-15.944012820569812],[-48.126583690083855,-15.943538752688712],[-48.126991174879876,-15.94230866878919],[-48.12750482706777,-15.942754406424731],[-48.12925533004448,-15.942491980359103],[-48.13106457655257,-15.942980238006806],[-48.133394561159506,-15.944855628564392],[-48.13451406592109,-15.945214152656842],[-48.13623636718778,-15.94509506102617],[-48.13797277020779,-15.944655740245011],[-48.139482066547565,-15.943964210012853],[-48.140435996530925,-15.943750765839484],[-48.14187099411186,-15.94321489179019],[-48.144500000029105,-15.942912646886523],[-48.14720662487848,-15.943534265457247],[-48.14840821319914,-15.94454656851278],[-48.14941376397199,-15.94511063103631],[-48.15077117855342,-15.945626197561749],[-48.15157048961176,-15.94635322813586],[-48.15273482389929,-15.946751397215321],[-48.15337487533584,-15.94714045991358],[-48.153572496613506,-15.94394186718796],[-48.153139364017804,-15.934443990864262],[-48.153281408325476,-15.933866237331495],[-48.15416219927504,-15.934648238581488],[-48.15564429283138,-15.936990860457312],[-48.15679061499914,-15.937128048060757],[-48.158825041301185,-15.938743594963352],[-48.16017822481762,-15.940282203778713],[-48.16108229470946,-15.942673090892384],[-48.162733285013935,-15.945218244252116],[-48.163047131221376,-15.945983303727989],[-48.16299421056968,-15.946663308942313],[-48.163371382614756,-15.946908365681663],[-48.166374871919444,-15.94678259052942],[-48.17209137579011,-15.946360872301392],[-48.172782186531805,-15.946273298650564],[-48.17300968847076,-15.947079758557214],[-48.175100141798765,-15.946675348700216],[-48.176237680239666,-15.946272681070827],[-48.179123439038165,-15.94667646811522],[-48.18049285062021,-15.946211139024824],[-48.18171612876342,-15.945941028386205],[-48.18572166002144,-15.945538659867623],[-48.18706719258661,-15.945725725798823],[-48.187263866141656,-15.946708369712702],[-48.18693556065139,-15.948714717264552],[-48.18657230261175,-15.949560297083883],[-48.18703350756008,-15.952628821514107],[-48.18692810373622,-15.953431232660781],[-48.187768759755514,-15.95513872228622],[-48.18840595454948,-15.95614936370994],[-48.18851141047562,-15.956853918862338],[-48.1897912636171,-15.958603739238024],[-48.1903983441878,-15.958964467933535],[-48.19102669866105,-15.959984700326736],[-48.19182011946607,-15.96035757256909],[-48.191885236544394,-15.961404017548256],[-48.19239765085381,-15.961520822822694],[-48.1925501811958,-15.962904393697162],[-48.19235444817685,-15.963136273350395],[-48.193242144476,-15.963921295570735],[-48.19372751859705,-15.96387976072494],[-48.194197036555025,-15.963100436008233],[-48.19454513552426,-15.9632581767501],[-48.19567858034242,-15.96270599681056],[-48.19708272708155,-15.963432448087394],[-48.19768122514802,-15.96346499131835],[-48.19858176915236,-15.963980375896533],[-48.1992186504343,-15.963430085939192],[-48.19975766385927,-15.963492963119357],[-48.20001756892885,-15.962585995756516],[-48.200689515049575,-15.96227086547089],[-48.20115697586555,-15.96285308441462],[-48.20233119611277,-15.963289969476195],[-48.203248420933626,-15.963315284639101],[-48.20472287970837,-15.96424893093498],[-48.20611293637228,-15.964249529458577],[-48.206859760665196,-15.96471519927124],[-48.207410277915706,-15.964614903162587],[-48.20802603621205,-15.965048173389661],[-48.20908738853372,-15.965223844036053],[-48.20935840845831,-15.964899583752318],[-48.211137216451306,-15.965148155770388],[-48.21160809984851,-15.965821521748309],[-48.21231227303005,-15.966208314856761],[-48.21289326832153,-15.965876246922791],[-48.21405881982626,-15.966105743745453],[-48.214568598478635,-15.967246086648382],[-48.215799472775885,-15.967449100464068],[-48.21701920257372,-15.968025246684379],[-48.21717456260884,-15.968462098008022],[-48.217945754602155,-15.968354011037766],[-48.217871733422754,-15.968961795341205],[-48.21868070855692,-15.969497910593372],[-48.21912280094927,-15.969046509032468],[-48.219768982489335,-15.969637590889251],[-48.22064129603755,-15.969425676808251],[-48.22124816460584,-15.970506577827443],[-48.22314870869288,-15.970720167094443],[-48.22370950087361,-15.969786881746407],[-48.2245111188056,-15.969946411013876],[-48.22456706049161,-15.970703357156186],[-48.22524967949624,-15.97132624370806],[-48.226085347170745,-15.970878400155527],[-48.226358885073076,-15.971423223534172],[-48.227000824768375,-15.970959748288719],[-48.22774362550714,-15.970963475765236],[-48.228521270997454,-15.971239840837443],[-48.22954608883652,-15.970522873914431],[-48.230335204016384,-15.971010712628598],[-48.23091448083071,-15.97101784716878],[-48.23131517615983,-15.97146843850954],[-48.23254359086983,-15.971955879373702],[-48.23320004284853,-15.97175643349827],[-48.234599329701986,-15.971818884017816],[-48.235239108949024,-15.972187155227543],[-48.235838911369285,-15.971875273509909],[-48.23700897421337,-15.972376535867713],[-48.2383108118248,-15.972534119893572],[-48.23842282275758,-15.971808998819816],[-48.239050448697135,-15.97181584919472],[-48.23960054733273,-15.971013664554345],[-48.24031690885605,-15.971298755776019],[-48.23997483219248,-15.971852988206281],[-48.24151759257322,-15.97211816104949],[-48.243575687686366,-15.972811741975038],[-48.24445828694459,-15.97332233352392],[-48.244698284449164,-15.972714095232606],[-48.24561495321285,-15.972274433415983],[-48.24608213375446,-15.973714616916766],[-48.24647279669848,-15.973837724684286],[-48.247064260057954,-15.974728691652262],[-48.247322845502374,-15.975627565425535],[-48.249265629272394,-15.975504564120786],[-48.25150823834491,-15.975701899026264],[-48.25205550010083,-15.976113490872953],[-48.25327801467604,-15.975878797028875],[-48.25350350169382,-15.977013784255515],[-48.254398048545326,-15.977015858659549],[-48.25525582555562,-15.977306849316097],[-48.256496251639284,-15.977099023935146],[-48.25715111988814,-15.977528574334851],[-48.25796655301088,-15.977715815071308],[-48.258508065548995,-15.977235840363296],[-48.25930268111335,-15.9784100692133],[-48.26042989791165,-15.978729379003106],[-48.26064440122845,-15.979139704621513],[-48.25987217437592,-15.980246026832758],[-48.25886830345265,-15.980274349501968],[-48.2584315003407,-15.981324366712254],[-48.25911954876289,-15.982210193058044],[-48.25820318003651,-15.983386369466663],[-48.25914339903368,-15.983877517172868],[-48.25954932974428,-15.984682305761842],[-48.261489765318146,-15.985116108557797],[-48.262039602543986,-15.986203529453531],[-48.26230387342584,-15.987614459451832],[-48.26284851838935,-15.988882839655725],[-48.26229141828443,-15.989568854664432],[-48.26155419608358,-15.9894465709156],[-48.26201287227439,-15.99054759173777],[-48.26296994725956,-15.991912804059469],[-48.26394116262562,-15.992587829521721],[-48.26337541443946,-15.99324827606146],[-48.2625452166067,-15.994586488651429],[-48.262770584148555,-15.995256497436642],[-48.26404998184419,-15.996343664569649],[-48.26508743358941,-15.996418058690187],[-48.2654191913053,-15.996749743474492],[-48.265371879734225,-15.99789973517513],[-48.265877041046046,-15.998255084956954],[-48.266154425534424,-15.99914557529277],[-48.26614016477929,-16.000990748761833],[-48.26661992622645,-16.001421220151947],[-48.26721565748184,-16.001025688172895],[-48.26781520478056,-16.001357946451712],[-48.26786512326259,-16.00197686643233],[-48.26872632644737,-16.002270912981025],[-48.27002079787347,-16.004098769486692],[-48.2697130449386,-16.00503486082187],[-48.270024354303686,-16.005786770392746],[-48.2704342950937,-16.00612953805625],[-48.27111736235764,-16.007975125387368],[-48.2720866616172,-16.008596552267864],[-48.27238604405025,-16.009112956027547],[-48.271410674874325,-16.009669723287722],[-48.27210087116836,-16.010903668247764],[-48.272258617128884,-16.012899103904083],[-48.27202942545887,-16.01390889141195],[-48.27121142405272,-16.01448408866499],[-48.271160821952776,-16.014853340738206],[-48.271747163118505,-16.01528173241808],[-48.27099791427263,-16.01562776315998],[-48.270095176582366,-16.01669793390967],[-48.27016888604638,-16.017409365495734],[-48.26995431535593,-16.01847076799614],[-48.27061102694775,-16.019933914859642],[-48.27026269800981,-16.020620232501212],[-48.27031746200447,-16.021269869530087],[-48.269930636663354,-16.022376810685294],[-48.27073415543048,-16.022955892220896],[-48.27110525935582,-16.023576022240604],[-48.272244280915274,-16.02369619995157],[-48.27256465517988,-16.024221372305842],[-48.27233107883297,-16.0246830214004],[-48.27148267035277,-16.02474805251662],[-48.27126652401731,-16.025268151313842],[-48.271982261211505,-16.025390993340586],[-48.27216205452405,-16.025772893968124],[-48.271419771214894,-16.026980081050304],[-48.27203124724227,-16.02741784132394],[-48.27226654296464,-16.02795260915158],[-48.27234902537571,-16.029005552182145],[-48.27264335658192,-16.029316744681225],[-48.27298298174308,-16.030626711697856],[-48.27185223007413,-16.03175803627372],[-48.27287489015988,-16.032411259754284],[-48.27311992631488,-16.03307133282312],[-48.274062790850564,-16.034046046622528],[-48.27409311078804,-16.034852992626917],[-48.2733009233699,-16.03520924877308],[-48.27353718747614,-16.03581450555793],[-48.274392553408205,-16.03622112319749],[-48.27540264336819,-16.03644571737692],[-48.2758865577269,-16.036983812540623],[-48.276042224985865,-16.03758002548989],[-48.27713770520349,-16.039097375545847],[-48.2771742226181,-16.039700508784115],[-48.27682793016091,-16.04072621010628],[-48.27752249136891,-16.0413816488748],[-48.27817054499803,-16.041291838495063],[-48.278569508375284,-16.041592652645875],[-48.27851660479156,-16.042217090581406],[-48.27795617283526,-16.04333367451781],[-48.2774285392683,-16.04404301593978],[-48.278663511679866,-16.044919154699038],[-48.27820703456487,-16.045601643855402],[-48.27773308611592,-16.047335358160794],[-48.277842007742436,-16.047828111419843],[-48.277221965380505,-16.049597849183662],[-48.26314591554562,-16.049600837069814],[-48.14641446710474,-16.049589880911512],[-48.14371226555984,-16.049618329281916],[-48.07650448687987,-16.049682897303725],[-48.048358769740204,-16.049703659692636],[-48.048189132780266,-16.049522975038467],[-48.04296120462633,-16.043001414476088],[-48.047121568608404,-16.037401452829084],[-48.048157279418604,-16.03646693613507],[-48.04905287640067,-16.03606597227855],[-48.05001366861449,-16.035891037327154],[-48.051759918966646,-16.036194666411262],[-48.053041813080455,-16.03682741898161],[-48.05407836830702,-16.037053829841796],[-48.0533308091922,-16.035534576055817],[-48.05281873983584,-16.034981366371028],[-48.05237006548741,-16.034034826281445],[-48.051658343762526,-16.03323108353029],[-48.05117576969022,-16.032158117789404],[-48.050905376789686,-16.031038166222235],[-48.050154568468486,-16.030563448118365],[-48.049514392166095,-16.029868128478714],[-48.04927857272592,-16.029245582398502],[-48.04950021315765,-16.02863987311363],[-48.049151276060265,-16.028300864470065],[-48.049215796657236,-16.027593087624833],[-48.04883088742261,-16.027213103773054],[-48.0480605012181,-16.027030665886805],[-48.04780888310702,-16.0255623181076],[-48.04649810546188,-16.023979136068697],[-48.04587713963184,-16.022472846201122],[-48.04568373594443,-16.021045192639498],[-48.04504848779969,-16.020217465892532],[-48.04382608731052,-16.019622942577026],[-48.043047309044624,-16.019828633373503],[-48.041980252420906,-16.019631658051576],[-48.04043798521525,-16.020302340047156],[-48.03954856415076,-16.020019377993787],[-48.037439169845,-16.017922534468553],[-48.03643229854869,-16.01743820096252],[-48.03514686597098,-16.016021743962376],[-48.03456840482691,-16.01590610336237],[-48.033335407810654,-16.01467463634518],[-48.032397879267755,-16.01429131136396],[-48.031419456718176,-16.012770466409584],[-48.03094010759773,-16.012557548935625],[-48.02983996961536,-16.011625196266493],[-48.029248362525436,-16.01066680044511],[-48.02840685669988,-16.0103716946889],[-48.027685465509286,-16.00910811796765],[-48.026483119010514,-16.00847681015719],[-48.025865301775546,-16.008483496078313],[-48.025198591934604,-16.007866903482174],[-48.02406066901476,-16.00716417031719],[-48.02301113672559,-16.006127872384848],[-48.02150157897608,-16.005143932212555],[-48.02108259574442,-16.005160220296197],[-48.020727014707184,-16.004098145177377],[-48.01920621723683,-16.003134710101076],[-48.01894000329901,-16.00276518594268],[-48.0179775599817,-16.002615265164184],[-48.01775514340556,-16.001703452129078],[-48.01498841856874,-15.999501984123095],[-48.01427767870246,-15.999396983733334],[-48.01345095106166,-15.998639186799476],[-48.0132094560655,-15.997940194778387],[-48.011526084189974,-15.99705293212321],[-48.01061849290223,-15.99289098994157],[-48.00996851238683,-15.991276593063409],[-48.00928842034311,-15.989938991306298],[-48.00881361490137,-15.98939883063029],[-48.00766018436477,-15.987397153275705],[-48.00704695033437,-15.986087384537052],[-48.00452534609419,-15.97782837567749],[-48.006744392356794,-15.977286045715529],[-48.00808595257177,-15.976822898402006],[-48.010236310054495,-15.975834756709938],[-48.01145621682044,-15.975165440258335],[-48.01309953012251,-15.974074475492868],[-48.01487079136881,-15.972623339380618],[-48.015965911362,-15.971540044555745],[-48.02072421645507,-15.966143723295877],[-48.022592962876004,-15.963873515512619],[-48.031541892599826,-15.953361999682077],[-48.03713747874166,-15.946760916557773],[-48.03822170127214,-15.945430191709772]]]},"properties":{"nome":"Gama","regiaoSaude":"Sul","macrorregiaoSaude":"Macrorregião 2"}},
{"type":"Feature","geometry":{"type":"Polygon","coordinates":[[[-47.948400442400526,-15.810152656871043],[-47.9520666952471,-15.809567961510195],[-47.96195060140009,-15.808069028326852],[-47.96682138005832,-15.807355213049947],[-47.96892321054939,-15.807355957249893],[-47.97050402266726,-15.808074633576052],[-47.97070098907307,-15.80754723123886],[-47.97028727625718,-15.804943174910312],[-47.97181862893213,-15.804714522889212],[-47.97182687995801,-15.803752697475542],[-47.9796053560706,-15.80253989169745],[-47.98034040704339,-15.801116593342753],[-47.98135719574045,-15.800931062209838],[-47.98202990812412,-15.799630521734974],[-47.9855415618086,-15.801406341318042],[-47.986454860093346,-15.801994280022255],[-47.98851005005487,-15.80373137459958],[-47.99007723293324,-15.804229022746355],[-47.99069721780299,-15.804649407559081],[-47.991192524596144,-15.805450770496678],[-47.991298607546355,-15.806181163785189],[-47.992109367633,-15.806079396203536],[-47.992445446245405,-15.808608720196174],[-47.99287019935614,-15.810977719507365],[-47.99491061472619,-15.810952951315489],[-47.99592439496535,-15.811264037545504],[-48.004872526985196,-15.814554085454139],[-48.00458239630125,-15.815304401067642],[-48.004121671053284,-15.815817720900501],[-48.0013928407484,-15.8172570281643],[-48.00084664259778,-15.817796445740777],[-48.00038074844366,-15.818058307460275],[-48.00018460130138,-15.819247762101732],[-48.00040514489014,-15.819697542226589],[-48.00011950488431,-15.820286865094436],[-47.99876578597196,-15.821407159622913],[-47.998490069655055,-15.821970411650655],[-47.99803860244441,-15.821944086505557],[-47.99737430637664,-15.822600191692743],[-47.99630697486844,-15.823066006198667],[-47.99587959867708,-15.824114498899126],[-47.996578196015655,-15.825477074601439],[-47.99638447971453,-15.82666910258053],[-47.99547690639309,-15.827233946604265],[-47.995156964218125,-15.828018700688217],[-47.995563311747006,-15.829578211591985],[-47.99514375269525,-15.829814161733095],[-47.99533882635077,-15.83092163167684],[-47.99513745730173,-15.831840893753272],[-47.994454750262214,-15.83207700977869],[-47.99418908609335,-15.832550820825206],[-47.99362315734582,-15.832570215145083],[-47.99313798804066,-15.833839738332692],[-47.993296476907915,-15.83459935145497],[-47.99312542060983,-15.835567651836735],[-47.992423629760424,-15.83709745579686],[-47.99193060109483,-15.837126279146233],[-47.991598491239344,-15.838100512330918],[-47.991778755269095,-15.839206779674935],[-47.99111464155933,-15.840142673671295],[-47.99032671664721,-15.840683981531134],[-47.98991654768511,-15.841323041776793],[-47.99023283731013,-15.842638103905792],[-47.99000069108115,-15.842853856454173],[-47.98983282110737,-15.844059551853718],[-47.9894835498367,-15.844396598245947],[-47.99005411299277,-15.844836271072683],[-47.98999620489462,-15.84539562082072],[-47.98880228010163,-15.846766491653312],[-47.98803094707282,-15.847436676554407],[-47.98640033954212,-15.847552567215445],[-47.98571352540513,-15.847832868068052],[-47.98517709463659,-15.848593649620447],[-47.98440903956025,-15.850604844848402],[-47.983820368164665,-15.850218481688096],[-47.98296371404848,-15.85011122120441],[-47.981696364557436,-15.850284407611412],[-47.98132779118626,-15.851361480967089],[-47.980930273198304,-15.851897157302293],[-47.979589730774535,-15.852944684583601],[-47.9792640645346,-15.853832058828653],[-47.979261731609796,-15.854957656324025],[-47.97771871880246,-15.857009004794444],[-47.97774848358109,-15.857798674113127],[-47.97711102558075,-15.858413333436395],[-47.976727273376206,-15.858322838756418],[-47.975600093408836,-15.85921461537607],[-47.97496630772138,-15.858774886601372],[-47.974107573107,-15.858872688105691],[-47.97333389906855,-15.858671331710708],[-47.9727924664805,-15.85939169979596],[-47.971869640663854,-15.859395145046854],[-47.97155077197566,-15.860056454120041],[-47.97179894684425,-15.86159356691208],[-47.971141362988284,-15.86174016340704],[-47.97074347579275,-15.861114695519323],[-47.970163147051224,-15.861635167836893],[-47.96682324496085,-15.86089647557324],[-47.965180212831456,-15.86178401444634],[-47.96438348532788,-15.862619998506819],[-47.9633587483372,-15.862692852243525],[-47.96334885339434,-15.86324742669921],[-47.96221233633791,-15.864275092450981],[-47.96163199052838,-15.863804769077179],[-47.96060272513035,-15.863397654684857],[-47.96025985794934,-15.863847778896199],[-47.959348921335476,-15.863389596915285],[-47.95964658978297,-15.862950449282406],[-47.96072102516844,-15.862292441089714],[-47.96266326366108,-15.860920985320458],[-47.96262317274826,-15.860391889001976],[-47.961711357582054,-15.854217550926448],[-47.96168527140452,-15.853751937022036],[-47.96046867942197,-15.853856654984627],[-47.95647235679392,-15.85448400501344],[-47.95548267296394,-15.84825218137088],[-47.95454509321707,-15.848391689283035],[-47.95329693713039,-15.840579121918777],[-47.95234670461274,-15.834620308965166],[-47.95194216359589,-15.83230779145704],[-47.9505414106919,-15.823232419130917],[-47.94953740502134,-15.816997105766509],[-47.948400442400526,-15.810152656871043]]]},"properties":{"nome":"Guará","regiaoSaude":"Centro-Sul","macrorregiaoSaude":"Macrorregião 2"}},
{"type":"Feature","geometry":{"type":"Polygon","coordinates":[[[-47.675855588091565,-15.732300249885574],[-47.67689812250466,-15.732357865867368],[-47.677200869128455,-15.73192293457975],[-47.67855041446799,-15.733084189515647],[-47.678685846276856,-15.733754886305725],[-47.679919234060264,-15.733996503418199],[-47.680557542765186,-15.733764985503324],[-47.681459752246056,-15.732876482465251],[-47.68176459463941,-15.732131073206721],[-47.68293177928133,-15.732148757319266],[-47.683071214881416,-15.731525739019947],[-47.68399999742671,-15.731034711429606],[-47.68483146817222,-15.731109443885469],[-47.68511405300778,-15.73043880668116],[-47.68742917409002,-15.729408530749383],[-47.68794211750715,-15.72868723073109],[-47.68836550967023,-15.728650838122624],[-47.68870290161958,-15.727819581546173],[-47.68928185773536,-15.727450008958488],[-47.68947575369955,-15.726946247672267],[-47.691257856713015,-15.72649279789369],[-47.69300048146468,-15.725847974656341],[-47.69360932273333,-15.726052575133995],[-47.69524745724779,-15.726178754996104],[-47.69656492285021,-15.726979934118013],[-47.69760214193177,-15.727058833254981],[-47.69836545749668,-15.72736649688142],[-47.69871717218493,-15.727108867428703],[-47.70000730834147,-15.727558046890968],[-47.70089403805336,-15.72737320683307],[-47.7012105989696,-15.72837532092798],[-47.70261309909682,-15.728360010034786],[-47.70260136440426,-15.727736640311539],[-47.70302555786458,-15.727296217042062],[-47.70331948123565,-15.726357673020953],[-47.70387065695127,-15.726266404233753],[-47.70427798723707,-15.726817967097091],[-47.70507658593139,-15.727087954141707],[-47.707158320211235,-15.726879432486887],[-47.70824850935184,-15.727092389979235],[-47.708722087694895,-15.727464965399683],[-47.70942697413878,-15.727524286178127],[-47.7099058166094,-15.726683654381775],[-47.71070606281396,-15.726940392016619],[-47.71107327254254,-15.727466037607954],[-47.712449682000646,-15.727772152836465],[-47.713338543414714,-15.728327998703513],[-47.71457008426191,-15.72767920460434],[-47.715385435637955,-15.727717063889012],[-47.71662837071621,-15.727102314841115],[-47.71802957098121,-15.726994538666528],[-47.71872120547803,-15.725571596756366],[-47.71959701976091,-15.725319254359457],[-47.72105768310784,-15.726504468590235],[-47.72200461791008,-15.726768215604498],[-47.72305235267035,-15.726853768587718],[-47.723809782473516,-15.726598863116958],[-47.72500749725868,-15.726880611919372],[-47.725556766749264,-15.727197767465205],[-47.72614869274111,-15.727056867824123],[-47.727702793454,-15.727873769466864],[-47.728495916916664,-15.72778904181985],[-47.729340154519,-15.728337540451715],[-47.73067949409859,-15.727011249589141],[-47.731875215522145,-15.726790275499267],[-47.733276334938765,-15.726251221155861],[-47.73429837788192,-15.726792394846981],[-47.73530575942131,-15.726715288968109],[-47.7357576865694,-15.727161908965876],[-47.736955368116895,-15.727913876889007],[-47.73754350321825,-15.728017281610466],[-47.73821750737928,-15.727701000672],[-47.73994765273503,-15.727904896299696],[-47.74114512946664,-15.727826912324954],[-47.74182010021494,-15.72748733650515],[-47.74258035342304,-15.727652818795503],[-47.74350302293283,-15.72669099125429],[-47.74384538346401,-15.725580661323793],[-47.74446675802751,-15.725186484133264],[-47.74440726979276,-15.724509452861742],[-47.74579472224067,-15.723977482142752],[-47.747506521303364,-15.724001883944434],[-47.74814745488554,-15.723531553834015],[-47.74796884465423,-15.723185224439133],[-47.750076209665764,-15.721832077618982],[-47.75101392146499,-15.720952882109765],[-47.75104874914855,-15.720373875482288],[-47.75214346939145,-15.719423487486413],[-47.75299542442038,-15.719072071737926],[-47.75408275691838,-15.718147094489089],[-47.75563395247964,-15.718103081778722],[-47.75639615143865,-15.71753207959968],[-47.757367727927445,-15.717648231330895],[-47.75848398168601,-15.716346398916068],[-47.75922799694705,-15.71565587432988],[-47.759561315036585,-15.714996409624137],[-47.760386121181,-15.714873818409027],[-47.761316672509096,-15.714436712119184],[-47.761773749698705,-15.71395813102993],[-47.7618745065376,-15.713254881413555],[-47.76535671165045,-15.716931032547345],[-47.769871365790685,-15.721638308565018],[-47.771141254819035,-15.722654745332838],[-47.772814557478554,-15.72359625765528],[-47.774128287886036,-15.72408071678962],[-47.776668330945746,-15.72451477679892],[-47.77860489657736,-15.724437445235795],[-47.78135398658684,-15.723967391970962],[-47.781619394735856,-15.724436258871568],[-47.79007396179588,-15.727506987312596],[-47.783987772439716,-15.743202385999341],[-47.79091182674959,-15.74571324556088],[-47.79151242867045,-15.748074079640322],[-47.78629396696297,-15.749434412111833],[-47.787010032042254,-15.752185207974067],[-47.78521693005645,-15.752327629149786],[-47.78468654764472,-15.755954621359367],[-47.78550017874701,-15.755908369832483],[-47.78640667768337,-15.757694922828962],[-47.78588082637392,-15.758036194583957],[-47.78517236283858,-15.75810499924104],[-47.78492858432499,-15.759679265108332],[-47.78396489953595,-15.760032108064006],[-47.78393318810811,-15.760476725193593],[-47.780969105199986,-15.759430844279665],[-47.77713570013356,-15.75800596977246],[-47.774505558745794,-15.757091808885653],[-47.76225290208809,-15.752629384923345],[-47.76120180044214,-15.752290786869537],[-47.759729988104226,-15.75200822080494],[-47.757827497367956,-15.751960848748382],[-47.75622930823924,-15.752256572037124],[-47.75493828903878,-15.752694978645],[-47.75289629712541,-15.753792572327232],[-47.74675117379503,-15.757621987185328],[-47.73985545234922,-15.76183729447112],[-47.73774795528533,-15.7627336721393],[-47.736382424425315,-15.763036637491686],[-47.735339332158425,-15.763129525462215],[-47.73303797596128,-15.762924261171648],[-47.73158147271244,-15.76246021897501],[-47.729435976912036,-15.761301965009975],[-47.716501037219636,-15.752188067136634],[-47.70760077103139,-15.745880178525827],[-47.70432751674858,-15.743632091633588],[-47.69461569007478,-15.738660436403034],[-47.6907406238404,-15.736704373694067],[-47.68961140469734,-15.736269470724181],[-47.68835115638862,-15.735979684190037],[-47.68642230369202,-15.735840327112415],[-47.680435195816756,-15.735737988156812],[-47.67915647275589,-15.735203053377441],[-47.677980551997834,-15.734354230446874],[-47.67723732725426,-15.734065466665523],[-47.6757842259254,-15.734244292153033],[-47.675424319500074,-15.733783784881634],[-47.674736881932276,-15.733473813675948],[-47.67458280289474,-15.73306099500442],[-47.6754359284285,-15.73272746326067],[-47.675855588091565,-15.732300249885574]]]},"properties":{"nome":"Itapoã","regiaoSaude":"Leste","macrorregiaoSaude":"Macrorregião 3"}},
{"type":"Feature","geometry":{"type":"Polygon","coordinates":[[[-47.70722161011627,-15.893564243278277],[-47.70678715340384,-15.891625726454844],[-47.70769058908507,-15.89129590417668],[-47.708793870272615,-15.89181865028319],[-47.709294406159046,-15.891858820260621],[-47.70940303493477,-15.891043624924533],[-47.70866535998302,-15.890529034575907],[-47.708149714433524,-15.889744048483568],[-47.70829431444818,-15.88933591256595],[-47.709251308584975,-15.888877169066886],[-47.71004292826785,-15.888149205579303],[-47.71142352028192,-15.888355685396075],[-47.71194075225622,-15.887912191834781],[-47.711984434633536,-15.887204393253844],[-47.71164524246035,-15.886514517693048],[-47.71099387314952,-15.886097799962087],[-47.7097856166345,-15.88628465599208],[-47.70926705335696,-15.885601639237041],[-47.71038631377679,-15.884618744820356],[-47.71032231510099,-15.884007790829873],[-47.709438933410155,-15.883752876697306],[-47.70942430254913,-15.882730477993128],[-47.70921934383221,-15.881929907324052],[-47.707957037483176,-15.88076835956201],[-47.70762725336596,-15.879961167784918],[-47.70856243910261,-15.877271772141595],[-47.70932906406102,-15.877734394846454],[-47.70976226762363,-15.877378307068977],[-47.709503072223136,-15.875550730765061],[-47.71003207931417,-15.874926314947452],[-47.71087132228351,-15.87594055343097],[-47.7114224081676,-15.876005433220719],[-47.71284252066429,-15.875488318561759],[-47.713134896238124,-15.876330743427241],[-47.71362916817206,-15.87603649062813],[-47.71458623597071,-15.87680399347305],[-47.71440195287838,-15.877981808941207],[-47.71541692069035,-15.878033223719841],[-47.71633599514237,-15.87719973242069],[-47.71670850043955,-15.877666598605138],[-47.717898948752385,-15.877593273329316],[-47.71829680899846,-15.876989984576376],[-47.719538408281885,-15.87735388831953],[-47.719822277708296,-15.876236853302094],[-47.720394987837906,-15.876758030515282],[-47.72086719804678,-15.875946735709938],[-47.721455166959814,-15.876051693583301],[-47.72178836737005,-15.876635212290951],[-47.72225381955304,-15.876549589515042],[-47.72199215109056,-15.875755525639653],[-47.723288033769975,-15.87475669405866],[-47.723830236214226,-15.874627878066992],[-47.72452565172006,-15.87554388228994],[-47.724874419934174,-15.874781113986971],[-47.725335155961936,-15.874456185783403],[-47.72646202241726,-15.874592614218042],[-47.72650553591132,-15.875098469963243],[-47.727246930786656,-15.875200934620558],[-47.727176814583785,-15.874635264015948],[-47.72766605056225,-15.874168878999225],[-47.72839853055671,-15.874576667200525],[-47.72908769827975,-15.873983433968654],[-47.73089324193224,-15.874055161186499],[-47.730857269795,-15.873133638342415],[-47.73200300356625,-15.873515967367377],[-47.73213264124153,-15.872406445720905],[-47.7339041297616,-15.872067182276576],[-47.73436300178514,-15.871764573760995],[-47.735005608030384,-15.871959078850916],[-47.73654029884492,-15.871993379725941],[-47.736728268623175,-15.871006000906764],[-47.73764648069252,-15.870495201027756],[-47.738364455590094,-15.870667422906667],[-47.73898816577333,-15.870402364945805],[-47.73981207539909,-15.870603419296335],[-47.74011017054634,-15.869958164785217],[-47.74106815193163,-15.869746208599036],[-47.74097531643691,-15.868780433754694],[-47.741443919909926,-15.868849284572045],[-47.741921434670566,-15.867160543448446],[-47.74173507557161,-15.866380071886242],[-47.74265598887502,-15.865359719335865],[-47.74346657019691,-15.865433014499358],[-47.743085642295625,-15.863854228553649],[-47.743441609608425,-15.863476594886574],[-47.74344376107353,-15.86208295165344],[-47.74422246298263,-15.86217123166247],[-47.74443043105573,-15.861311496463982],[-47.74482321312551,-15.861279841413664],[-47.746368902014076,-15.860059874300152],[-47.74692028254558,-15.859468506323408],[-47.74693437082418,-15.858726198405927],[-47.747350430039596,-15.85806884007929],[-47.746583933540265,-15.856605249394532],[-47.746537231925274,-15.855872631732865],[-47.74621131056379,-15.855358804459506],[-47.745999009017744,-15.854218382232293],[-47.74557557373553,-15.853565178720762],[-47.74669293421852,-15.853433981427068],[-47.746718407745036,-15.852203677404614],[-47.747306635372865,-15.852153905704727],[-47.74831988380938,-15.852458361824867],[-47.74846807888181,-15.850947047107594],[-47.749382151514325,-15.850393045473563],[-47.74979113290361,-15.84954486319763],[-47.75025886411249,-15.849333167274187],[-47.750735432947124,-15.848481582635815],[-47.75127080100869,-15.84806837257555],[-47.75218086805335,-15.847753599408717],[-47.75224117195838,-15.846919499863345],[-47.75362420289845,-15.845977208655778],[-47.75402253116678,-15.845228801831208],[-47.7547323331919,-15.845025542717279],[-47.755046651014865,-15.84417602950771],[-47.755968105104074,-15.843659187545708],[-47.756107009799834,-15.843222398551333],[-47.75707132340956,-15.84319480408676],[-47.75747962657081,-15.842562700471184],[-47.758276074698344,-15.842028285285837],[-47.759381354637405,-15.841947306696285],[-47.75998826632482,-15.84128830963613],[-47.76011622684547,-15.840749754147938],[-47.76090515966733,-15.840797502973322],[-47.761525076265116,-15.840519198165207],[-47.76256240943272,-15.839472856907122],[-47.763304708911555,-15.83932349260001],[-47.764293157558015,-15.83860073506885],[-47.76574069831528,-15.83843848300504],[-47.76640077230121,-15.837817281246048],[-47.76730751557932,-15.837455535842016],[-47.76821492271243,-15.836741746531372],[-47.76899564672922,-15.836461694732384],[-47.77015610837956,-15.835465210258205],[-47.77105404726957,-15.8351034718767],[-47.77175173102151,-15.834398454812503],[-47.772284221779216,-15.832648030070763],[-47.77241025271863,-15.831464057512042],[-47.77189680355001,-15.830222380961441],[-47.77119152454234,-15.828093610012528],[-47.77060446292775,-15.826846736697068],[-47.771748987566625,-15.826508066457889],[-47.77233912860601,-15.825824686523347],[-47.7727797064388,-15.824746532326541],[-47.77334030278679,-15.823942514726019],[-47.77332929932288,-15.823136170753084],[-47.77292404324707,-15.823012314736795],[-47.77304264242414,-15.821935484312718],[-47.77181501823159,-15.8220515391249],[-47.76951381115478,-15.822086431871554],[-47.76894903494576,-15.82121427215554],[-47.768156977783335,-15.821052331966701],[-47.7674390513948,-15.819777190947184],[-47.77073545526249,-15.818951324108104],[-47.7740287752138,-15.818050074157386],[-47.77552530649339,-15.817485838007373],[-47.78185557979035,-15.815730109480176],[-47.77889142142375,-15.81449154635079],[-47.777421031118934,-15.81355936768167],[-47.77557131640562,-15.811674360827986],[-47.77266491432189,-15.808252145730792],[-47.7711375789129,-15.806840605479703],[-47.770621406052335,-15.805672066924295],[-47.77075704806697,-15.804633354752198],[-47.771938405429125,-15.801508767304865],[-47.7731477462107,-15.797938721136182],[-47.77358705202903,-15.79750810621442],[-47.773880934975914,-15.796597860143462],[-47.77468036551019,-15.795925995748371],[-47.775813855244124,-15.79578029542161],[-47.776459268724615,-15.79615690943448],[-47.77635405444528,-15.797023951066057],[-47.776525392814364,-15.797764149218208],[-47.77607010776376,-15.798236434623385],[-47.77629590020873,-15.79931944182713],[-47.7770672538988,-15.7995332049956],[-47.778138538892556,-15.79922477858007],[-47.78004785502835,-15.799213638470432],[-47.781262155408605,-15.799051931342879],[-47.78391771462734,-15.797855796446955],[-47.78585531062659,-15.802230997918485],[-47.78656545221488,-15.805573746119803],[-47.78839620259424,-15.809622814748721],[-47.7928837213247,-15.818145997387454],[-47.79368985149437,-15.820113266630257],[-47.79476958514338,-15.822325827998762],[-47.79604775124875,-15.824475861980794],[-47.79786186572737,-15.827013815453885],[-47.806199325712015,-15.837763698273422],[-47.81239586681262,-15.845775453967654],[-47.81394185484018,-15.847464050939408],[-47.81564451354486,-15.850111686122967],[-47.81651047151245,-15.85205390081065],[-47.81984099968284,-15.862926838452083],[-47.82047310552071,-15.864016791997788],[-47.82094947672599,-15.863860422436707],[-47.830739967970906,-15.859290876710254],[-47.84301214412142,-15.86620693472701],[-47.84505408213587,-15.86281153211758],[-47.84291570458577,-15.861606904475575],[-47.85063189960139,-15.857152478196921],[-47.853565783844594,-15.856626151043974],[-47.85560831205219,-15.858540864466827],[-47.85625813356578,-15.858794185940674],[-47.85521610041261,-15.860483172556002],[-47.853930424391464,-15.864148627026772],[-47.85314869066829,-15.8644885665638],[-47.851155720718296,-15.868691650288138],[-47.856981519016315,-15.871238264014428],[-47.85607821808237,-15.873173779212978],[-47.87020461759061,-15.880161738242903],[-47.88010075879778,-15.884940959185252],[-47.8936689119508,-15.90066908084087],[-47.88255890694461,-15.913261439014908],[-47.88272422390635,-15.913664505464475],[-47.8835960281098,-15.913711215894033],[-47.88610078983672,-15.912887781218734],[-47.88702194838021,-15.912087120625865],[-47.88761171122885,-15.911917583756042],[-47.88848329714169,-15.911321616642104],[-47.88934736146066,-15.911340815916361],[-47.88975902701603,-15.911106897203773],[-47.890517070368524,-15.911402664969879],[-47.893603678091495,-15.91172378161859],[-47.894607774491895,-15.911712377320004],[-47.89529832921374,-15.911350403458238],[-47.89606805605482,-15.911348778465813],[-47.89631301944628,-15.911764048696305],[-47.897004165259574,-15.91165487289905],[-47.89847915853192,-15.912126546197241],[-47.900863928693084,-15.911760509312847],[-47.90098152445198,-15.911419931696924],[-47.901758312949525,-15.911291061421823],[-47.90241592555157,-15.911775313904645],[-47.90300393668541,-15.911398818032392],[-47.903515039454525,-15.911950178538525],[-47.904271332888854,-15.912107359956458],[-47.90581752303735,-15.911780696842548],[-47.907415163295425,-15.912601966819212],[-47.90780325795605,-15.912481641206819],[-47.90790475590506,-15.913053809873393],[-47.90704899381594,-15.914504935614836],[-47.906913304190596,-15.915181445951815],[-47.90607388874471,-15.915485481103703],[-47.90586941152479,-15.916631284703687],[-47.90669560197306,-15.918508403847612],[-47.9065793069747,-15.91906851307525],[-47.906912883779036,-15.921776088646565],[-47.90629025965899,-15.92300600641244],[-47.90632517268251,-15.923812738646427],[-47.90557590137875,-15.925520188405246],[-47.9044958362514,-15.926898256275544],[-47.904192036802094,-15.928302469589953],[-47.90343366915777,-15.929558117720372],[-47.90273687563629,-15.9302354843621],[-47.902707390233715,-15.930826227157889],[-47.90168526195062,-15.93242280720872],[-47.90105234044246,-15.932856525356778],[-47.90046458532847,-15.934065533468859],[-47.89967255960709,-15.93420398767524],[-47.89940856001644,-15.93478725385412],[-47.89873909594084,-15.935227881574908],[-47.89811819928108,-15.937211517533978],[-47.8982763387037,-15.937625702925716],[-47.89808074851688,-15.938659485202258],[-47.897300641642694,-15.94088318637338],[-47.896305709854815,-15.942431966015938],[-47.8963425425781,-15.943318328013216],[-47.896729217900564,-15.944414724857946],[-47.89644192589292,-15.945186300957447],[-47.89598249781222,-15.945521900505428],[-47.89577700190278,-15.946405756935293],[-47.8944548785356,-15.947403256488286],[-47.8939922713171,-15.947524551018967],[-47.89300512163454,-15.948754754078486],[-47.892147151486455,-15.948891042259538],[-47.891251355078396,-15.949954450350509],[-47.89075764728645,-15.950914411048483],[-47.889735045591195,-15.951573617450926],[-47.88881352323003,-15.953149997558183],[-47.88860770392707,-15.954243479156208],[-47.88807810484627,-15.955833520242845],[-47.887414686432535,-15.957048191323938],[-47.88725874069585,-15.957815914208089],[-47.887704888083384,-15.959002513614987],[-47.887390015999884,-15.960836236935947],[-47.88743348008659,-15.962380407567792],[-47.887301903846925,-15.963096020899755],[-47.88746046817268,-15.963978939610717],[-47.887466888432,-15.967536782318138],[-47.892388103001856,-15.969338810201828],[-47.89150550554026,-15.97127256070945],[-47.89015790954488,-15.971082905250723],[-47.890052138310075,-15.971740915649622],[-47.889341281662816,-15.97208074831432],[-47.889415176179774,-15.972795992754406],[-47.88857881231091,-15.97495071402327],[-47.887947929978445,-15.975473795862627],[-47.88754766494236,-15.976654893033604],[-47.885442193579436,-15.977105162510284],[-47.884728332965864,-15.97783529579893],[-47.884589215369395,-15.978842996958267],[-47.884126497658116,-15.979920149173322],[-47.884046994958844,-15.980528166071823],[-47.883010113643834,-15.982683312739136],[-47.88235758460797,-15.983434565434322],[-47.8821887570301,-15.984102841239745],[-47.881651733373474,-15.98471934134634],[-47.88095987070458,-15.986446611176476],[-47.880870689556424,-15.987435310998933],[-47.88035917895218,-15.988504173347357],[-47.88047047572431,-15.989567036004665],[-47.88029341059529,-15.990618684047845],[-47.879069169458106,-15.992338573979579],[-47.87847042345661,-15.993595756003794],[-47.87801306509432,-15.995152820345616],[-47.87792699211706,-15.996818739519046],[-47.87834141639867,-15.998223315920674],[-47.878472185951196,-15.999818236197251],[-47.878063539633516,-16.00134253538449],[-47.87723607267922,-16.003247538763176],[-47.87609248228824,-16.005408324352956],[-47.87554550529826,-16.007723388393533],[-47.87476941838496,-16.008975879057537],[-47.87446533776298,-16.009875516732006],[-47.87384742081501,-16.010765630601966],[-47.87323430805718,-16.01100861164434],[-47.87262558446783,-16.010859204773393],[-47.87217512786187,-16.01118501558704],[-47.871531248703874,-16.012399332452926],[-47.87053906037089,-16.012764941123443],[-47.87134743632876,-16.013747752336045],[-47.87201730913781,-16.013884421932584],[-47.87325841614446,-16.01469376527377],[-47.87498353542619,-16.015342545192407],[-47.87572342113185,-16.016692623729764],[-47.8766594710478,-16.01765712967876],[-47.87703028302067,-16.018465969881085],[-47.87714355249316,-16.020776659492324],[-47.87688950354092,-16.02139931575515],[-47.876048239362184,-16.02233592432338],[-47.874913332086734,-16.024926103786363],[-47.87487751805298,-16.027247916855774],[-47.87353628931635,-16.02864592980979],[-47.87298232972167,-16.03015748720068],[-47.87261448488419,-16.030712851460407],[-47.87255736460853,-16.03169977806098],[-47.87162822543206,-16.03214098234608],[-47.87138602885168,-16.03295830949389],[-47.870941756248136,-16.03320458404201],[-47.87069799120927,-16.03440065517926],[-47.86971397485041,-16.034853178250454],[-47.869157144240084,-16.035919240732333],[-47.86915037273947,-16.03639829913815],[-47.86861136111112,-16.036918738793347],[-47.868495932088685,-16.037419661832857],[-47.869301777492396,-16.03797404754269],[-47.87060391154788,-16.037932424485906],[-47.87113475299872,-16.038350385679674],[-47.871524336167774,-16.038143197940794],[-47.87258932397139,-16.038555401879808],[-47.87302692209237,-16.03935743963899],[-47.87377820921562,-16.03887582592887],[-47.87574300081179,-16.03930068500584],[-47.876473527868825,-16.04038473731831],[-47.877231958395214,-16.040648733972798],[-47.878902292122724,-16.041634991507024],[-47.87915223128253,-16.041971667193057],[-47.87916737148833,-16.042974255839233],[-47.88079294216522,-16.044217015661445],[-47.88097088045671,-16.045184801194576],[-47.881691858422265,-16.046134179574413],[-47.882694248023626,-16.046751575902366],[-47.88436837084499,-16.04674928121442],[-47.885640504763245,-16.047465287319515],[-47.88661908811126,-16.048430886719576],[-47.887730960786186,-16.04922542924103],[-47.888161310401145,-16.04979361994776],[-47.88642901088535,-16.049889283123083],[-47.86374677454015,-16.049918218351934],[-47.84106456963599,-16.049947155303183],[-47.81806114874579,-16.04994958721897],[-47.79189301072036,-16.04993004210865],[-47.76000230609439,-16.049906221071204],[-47.72125986243726,-16.049867763639206],[-47.72189829331305,-16.046485883150456],[-47.72257564998674,-16.04393876590722],[-47.72397485150023,-16.042838534255903],[-47.724884261876426,-16.04196796694154],[-47.72678776231908,-16.04072086344249],[-47.72763885047376,-16.040462384495942],[-47.72744108097407,-16.035635516901763],[-47.73042747533889,-16.031008156794943],[-47.73131096123431,-16.030755214217027],[-47.731726501223484,-16.03015762361561],[-47.732736802287555,-16.030733033905562],[-47.733474585935454,-16.031615556290223],[-47.73425111661651,-16.031844249798095],[-47.760676762108034,-16.030559787370734],[-47.7598894237958,-16.029470169758042],[-47.75953545882776,-16.028083076753177],[-47.760728161911956,-16.024813380624263],[-47.76200416217918,-16.02287483895251],[-47.7635207842801,-16.02175602937173],[-47.764362921621306,-16.020317442270642],[-47.764569412864084,-16.019286603886286],[-47.764482278976466,-16.018352250980517],[-47.764024563084696,-16.017171321633466],[-47.76296941183344,-16.015385820425152],[-47.76244280324421,-16.01413403051356],[-47.76243246722855,-16.013381598032854],[-47.762742960025044,-16.01144289264547],[-47.76251805781051,-16.00966398032025],[-47.763211514989024,-16.008733070827773],[-47.76485648837775,-16.00745641232011],[-47.76601056120978,-16.00670861836977],[-47.76636594461765,-16.00587783500277],[-47.76769792969,-16.00437688311726],[-47.769196041106184,-16.00105445260709],[-47.770163914739385,-15.999807984524837],[-47.77180242025805,-15.997977990399427],[-47.779499025712255,-15.989621138103157],[-47.77969546031544,-15.989004666060618],[-47.77932128594846,-15.987861940204972],[-47.77851941379324,-15.986639239175235],[-47.778241902642414,-15.985958833410242],[-47.778550923998466,-15.984931690021925],[-47.776770943704015,-15.984200811450323],[-47.775892098505366,-15.983733084137201],[-47.77502535361359,-15.983020707044345],[-47.77312019488094,-15.98346469341358],[-47.77191792294233,-15.982947742361514],[-47.769911462991715,-15.981483433395454],[-47.7687312069641,-15.981134349432153],[-47.76759186740104,-15.979599106302992],[-47.765767834623375,-15.979391705605678],[-47.76522974286988,-15.979206998529865],[-47.764633521134336,-15.978310495898096],[-47.764507211717174,-15.977769422934749],[-47.763146633269315,-15.97570531723816],[-47.76201350914972,-15.974928873828576],[-47.76106249330114,-15.973646073216354],[-47.76000565591209,-15.972920825762017],[-47.76043615015581,-15.97243693160594],[-47.761654337546304,-15.972360968839915],[-47.76177190905068,-15.971789003876491],[-47.7636633298477,-15.970230913022434],[-47.76386570860311,-15.969710974111877],[-47.76498268191223,-15.969168294832828],[-47.766360671506916,-15.969262356571388],[-47.76666748480401,-15.96890596899216],[-47.767731708141326,-15.968772246513522],[-47.76853706396321,-15.96841359529253],[-47.769395719525846,-15.96743211579254],[-47.77033592594662,-15.967354696729187],[-47.770674704894766,-15.966687283932277],[-47.771422414028244,-15.966727938990228],[-47.77204085379571,-15.965965602380797],[-47.77308843674069,-15.965787682540938],[-47.77342261541627,-15.965462328906344],[-47.77544557113046,-15.96535140403894],[-47.7759632702287,-15.964938760574547],[-47.776613003707396,-15.964927906001964],[-47.776853906713775,-15.964518332009199],[-47.77770488617231,-15.964562449956732],[-47.77884494798085,-15.964347131963535],[-47.7797170225772,-15.963856894143786],[-47.78017463246777,-15.964094878848893],[-47.781549037784494,-15.963634466499283],[-47.78239899765517,-15.962934386578478],[-47.78301377858448,-15.963114734153303],[-47.78329444731354,-15.96277296718229],[-47.784943129846056,-15.962548268589016],[-47.78568112369974,-15.962073763476488],[-47.7875207314678,-15.962036424868488],[-47.78955169117117,-15.960840956111397],[-47.79027696757537,-15.95984898367861],[-47.79151462594964,-15.959715727591233],[-47.79167016115624,-15.959010771383848],[-47.79216059369067,-15.959034873599016],[-47.79266899522571,-15.958064161629087],[-47.79395773719693,-15.957121042800711],[-47.79333264989637,-15.956129695411303],[-47.79331133556962,-15.954998838408573],[-47.79369546326995,-15.954699033980228],[-47.793753246502284,-15.953572486623113],[-47.794024217917844,-15.952890418097907],[-47.794655197268355,-15.95208918549529],[-47.7951892708576,-15.951867180104037],[-47.79553762405005,-15.951077508718605],[-47.796590605869895,-15.950228023461703],[-47.79731037470309,-15.949329229178776],[-47.79755106660537,-15.948540034944388],[-47.79900619453352,-15.947646438003257],[-47.79941063493904,-15.94684291624649],[-47.80032048099815,-15.94648115774241],[-47.800665765545595,-15.94567747843225],[-47.80148807617015,-15.945114549019372],[-47.80244713733041,-15.943322802293105],[-47.80421305809235,-15.941453956861773],[-47.80499096589073,-15.941353705257633],[-47.80548255186198,-15.94073529056857],[-47.80558798622856,-15.939870871738954],[-47.807045659982215,-15.93915701274826],[-47.80746142814348,-15.938769472092073],[-47.806339285029914,-15.935873809489907],[-47.805210050615486,-15.933655658012096],[-47.80477687490065,-15.932595341456022],[-47.804970979273975,-15.932006043837038],[-47.80453935405132,-15.931316702094216],[-47.80396242633145,-15.931334652112481],[-47.8023575169061,-15.930487894101047],[-47.80186021585301,-15.929644052227522],[-47.80105884495773,-15.92938196922851],[-47.79999341248804,-15.92835175081414],[-47.79828948715881,-15.9277204431641],[-47.79729078873495,-15.927670077680853],[-47.79568851137338,-15.926782087346657],[-47.79454696554799,-15.926593733056396],[-47.793191338613966,-15.926541446990154],[-47.792174425949405,-15.926358461200103],[-47.791411131045756,-15.92595446568283],[-47.790397202584565,-15.926008927038746],[-47.78937851035744,-15.925814079432296],[-47.78850364110222,-15.925259538313849],[-47.78730216237602,-15.924931682890703],[-47.78638351911533,-15.92505142400156],[-47.785392939665016,-15.92467931367764],[-47.781357571763145,-15.923947369639913],[-47.78019727360619,-15.923648197786342],[-47.77934729576919,-15.923084502539954],[-47.7789153803907,-15.923150351911108],[-47.77833127603003,-15.92267762122587],[-47.77774229471568,-15.921250023745444],[-47.777780267401056,-15.920609439254651],[-47.77738283026148,-15.920366031470872],[-47.77733350107429,-15.91963850332859],[-47.77692930501051,-15.918416418364725],[-47.77650448632276,-15.917703955980514],[-47.7766791664247,-15.91702958617716],[-47.77613500744977,-15.916307544528145],[-47.77540760203835,-15.915962402110578],[-47.77515243109032,-15.914818543616846],[-47.7743670511054,-15.913982305493168],[-47.77348206951505,-15.913798250863348],[-47.77254963621644,-15.912738506752566],[-47.77301950811062,-15.912361258505387],[-47.77449715231136,-15.91315905334565],[-47.77625234539218,-15.913291960243923],[-47.777357832842064,-15.91291213086418],[-47.77838788875756,-15.91294002332499],[-47.77905132603591,-15.913240647774819],[-47.78014201284318,-15.913273831515616],[-47.7807194022971,-15.913476542309748],[-47.782392398631096,-15.912617552308035],[-47.78266824430539,-15.911480968662357],[-47.78323897724306,-15.910631956829938],[-47.783383544918365,-15.910058182182961],[-47.784110956617994,-15.909552210426162],[-47.78463642973671,-15.908382344560138],[-47.78653319820461,-15.907198157662528],[-47.78752282723736,-15.907042932632683],[-47.788516895744245,-15.906524952589786],[-47.78995478051051,-15.906311925630277],[-47.790134900809804,-15.906019144724395],[-47.79038682524641,-15.90394477403311],[-47.79195758701287,-15.903179454163766],[-47.79260192610828,-15.902633474384375],[-47.79383364212695,-15.902244771237257],[-47.79432398123658,-15.900740187742821],[-47.79296309466658,-15.89767528942275],[-47.794428808342026,-15.897068503064562],[-47.79402178977164,-15.894951860251846],[-47.79290017396913,-15.893654508727685],[-47.79277858070722,-15.893209185709571],[-47.795359861828366,-15.891693433325706],[-47.79445536703341,-15.891207630017979],[-47.79381155524906,-15.890589851516914],[-47.794501436234434,-15.889614794531036],[-47.795317628433594,-15.888947210511196],[-47.79536592635485,-15.887741532987693],[-47.795128693864726,-15.886877498749849],[-47.79618826392887,-15.886277459687607],[-47.79645719167716,-15.88563776516705],[-47.79602348685462,-15.882998123889747],[-47.795145560632506,-15.881858840433106],[-47.795570261640954,-15.881024564874926],[-47.7953430309932,-15.880277025145901],[-47.795628345808915,-15.879448415425848],[-47.79794667387671,-15.881000324557398],[-47.800364173256945,-15.881054013551891],[-47.80209158324264,-15.88119021114274],[-47.80221440450155,-15.880939617043268],[-47.801524113884405,-15.87968467273499],[-47.79998811422449,-15.8791394284475],[-47.79934384609599,-15.878274154554227],[-47.79904543294512,-15.877467874715911],[-47.79846592077219,-15.87739430225118],[-47.79675208253379,-15.875739905325476],[-47.795211933555585,-15.875461892389886],[-47.794834873799914,-15.875113742113497],[-47.793205562538176,-15.874994992582248],[-47.79137735259444,-15.875074102780689],[-47.79014216099394,-15.875235809539088],[-47.78737455401151,-15.876605400068055],[-47.786132179481996,-15.87777637780261],[-47.78618645119988,-15.878092498666057],[-47.784945248971816,-15.879322913419045],[-47.78242148248674,-15.880461147599847],[-47.78206295767033,-15.880908937108444],[-47.781344209323294,-15.88090020350442],[-47.780180119377526,-15.88171363669368],[-47.779583571553545,-15.881687777275259],[-47.77841566736108,-15.882004102821474],[-47.77837286623105,-15.882775431275617],[-47.77732267188353,-15.88466087322355],[-47.776661132745375,-15.885004686940603],[-47.77553435701988,-15.885085763152386],[-47.77411890049132,-15.885517136572949],[-47.773514020793066,-15.886342133970013],[-47.77290203631924,-15.88806550663885],[-47.77137820793312,-15.889649441451638],[-47.77091826511775,-15.890520841381457],[-47.770967479320596,-15.891297459348403],[-47.76846762688669,-15.893074241240365],[-47.76813039034588,-15.893640871758953],[-47.76803322497149,-15.89512208791262],[-47.76713755792083,-15.89605988137585],[-47.76690017092048,-15.896848999344437],[-47.76481406993003,-15.898214421998151],[-47.76495854597717,-15.898721106534504],[-47.764460546933115,-15.899622507534657],[-47.763220326563655,-15.900424694248898],[-47.76206843843439,-15.902357322362153],[-47.76126303949337,-15.903031069251995],[-47.759865492676624,-15.90154802794424],[-47.75902629013146,-15.901100461462422],[-47.75799588656797,-15.902104881601074],[-47.757361141479784,-15.90250799374611],[-47.75588655514427,-15.902710915829255],[-47.75565899122155,-15.902386550205629],[-47.7546900800342,-15.902554900289664],[-47.754419455368335,-15.902977098430258],[-47.75341176660511,-15.902625213431946],[-47.75298614751845,-15.902703664820377],[-47.75224545153239,-15.902311129384472],[-47.751778079649625,-15.90173489468168],[-47.750669692438,-15.901478249204555],[-47.750257384587215,-15.901626329427327],[-47.74877200858682,-15.901290139017021],[-47.74817534847343,-15.901512247854853],[-47.747409776340525,-15.9012852266463],[-47.74679184322289,-15.90149971207894],[-47.74639492710618,-15.900812530058746],[-47.74544209486409,-15.900492161437827],[-47.74448711924175,-15.900502504584752],[-47.74426093872456,-15.900163938171744],[-47.743475474298,-15.899932428099552],[-47.74305278821074,-15.899513719105189],[-47.742546652226835,-15.899547154792904],[-47.7421137936173,-15.90026997371837],[-47.74169395339285,-15.899782551346018],[-47.74197457271456,-15.89892761870114],[-47.74013309824734,-15.898476868767622],[-47.73982009016806,-15.898644081706532],[-47.738337902288606,-15.89841479715778],[-47.73758648311301,-15.89913854457952],[-47.73643257467267,-15.899177367060735],[-47.73593901959433,-15.89868041264394],[-47.73451622652484,-15.898342225031682],[-47.733958290986706,-15.898583604141576],[-47.73291229266989,-15.898155785391792],[-47.73258465911946,-15.897692626445163],[-47.73174386925118,-15.897255200307862],[-47.730806159248594,-15.896119024875764],[-47.730130464458185,-15.895898589629905],[-47.7289130469239,-15.894699345399472],[-47.728265283450625,-15.893495358575162],[-47.72746821189228,-15.892862285190763],[-47.72678393280101,-15.892806167247857],[-47.72634893709942,-15.892212984264274],[-47.725526466574735,-15.892387142757382],[-47.72470839959158,-15.892043304498447],[-47.7242082131498,-15.891378503650222],[-47.72351324051339,-15.891045383134767],[-47.72219149443863,-15.89139006980289],[-47.721130637987,-15.891454491023376],[-47.72015837249039,-15.89117979588582],[-47.71906347977095,-15.891913632127459],[-47.71835330314836,-15.891872483269573],[-47.717799312112646,-15.892252240071956],[-47.71712703271695,-15.89206726528447],[-47.714816022325444,-15.892192738611545],[-47.71419620364402,-15.892633381979314],[-47.714061451859834,-15.894281617352608],[-47.71335813387443,-15.893134201211607],[-47.71241444738026,-15.892565908698979],[-47.711125475440326,-15.893553688964829],[-47.710355500664214,-15.89394539134037],[-47.7102399252164,-15.894688373848181],[-47.709326308928034,-15.89394549760904],[-47.7095813226709,-15.893158447843893],[-47.70868273699388,-15.893103876501584],[-47.70755390682133,-15.893744828566957],[-47.70722161011627,-15.893564243278277]]]},"properties":{"nome":"Jardim Botânico","regiaoSaude":"Leste","macrorregiaoSaude":"Macrorregião 3"}},
{"type":"Feature","geometry":{"type":"Polygon","coordinates":[[[-47.85950154491655,-15.688227457636716],[-47.860608413077024,-15.688754813469162],[-47.86187188633762,-15.689576967837981],[-47.86757576887854,-15.692289523773223],[-47.87322123307822,-15.695110992135767],[-47.87540545614884,-15.696256151754415],[-47.875937177050346,-15.679576829747386],[-47.87843293316655,-15.682948725047483],[-47.892612858791,-15.690047315798024],[-47.90211333972622,-15.694786575731715],[-47.905473633573536,-15.69639016714867],[-47.908385165935854,-15.69347307686545],[-47.90939695640665,-15.693477395818414],[-47.91025905790673,-15.693733039791262],[-47.910315761364096,-15.694503141961444],[-47.91140145802996,-15.694676516619692],[-47.911412728293506,-15.695293064643735],[-47.913146240534935,-15.695920160718746],[-47.91468395867199,-15.693921941334875],[-47.91483611351818,-15.693477410520492],[-47.92007052571185,-15.702970900078709],[-47.92182357361576,-15.710405973865518],[-47.92210123119198,-15.712432691106779],[-47.92289601474129,-15.71640781644901],[-47.92326003634893,-15.7169196708748],[-47.923179004717035,-15.718095698766255],[-47.92341053739668,-15.718869507577732],[-47.92261832752067,-15.7195117440711],[-47.922296374916094,-15.72102350224197],[-47.92241807507752,-15.721592557679605],[-47.9216118353134,-15.722240022242934],[-47.92188337536253,-15.72283991480532],[-47.92222462827098,-15.72446899716043],[-47.9217497204213,-15.72465377154551],[-47.92157323470564,-15.725214273659724],[-47.92066818834509,-15.726105728491513],[-47.9199848417051,-15.725990928774138],[-47.91925544742364,-15.726555593271783],[-47.917903962621395,-15.727301637751028],[-47.91636046652043,-15.727688187797664],[-47.91618828104004,-15.728048314171046],[-47.914968731803576,-15.728294088528699],[-47.91405296584675,-15.728211856525855],[-47.9123694637155,-15.728657976912707],[-47.91195977445376,-15.728405674660078],[-47.91077778467765,-15.728559991462966],[-47.910377303147584,-15.728216136696327],[-47.909453390369436,-15.72864345376343],[-47.908528243306094,-15.72850599395457],[-47.90815783827004,-15.727798515283395],[-47.9068066409287,-15.727842316643974],[-47.90620792367331,-15.727447740891945],[-47.90483281767067,-15.727702944479562],[-47.90443631657561,-15.727243329453838],[-47.90383411745018,-15.72720260970239],[-47.902580805033764,-15.727440270885351],[-47.90214293382494,-15.727780765076785],[-47.900856918240606,-15.727810241244732],[-47.90035519927296,-15.727355486853316],[-47.899864876333,-15.72751691042488],[-47.899077666479855,-15.72721912605376],[-47.897598064850115,-15.727930135507364],[-47.896794361928336,-15.727868775061555],[-47.896384872092604,-15.728368833232198],[-47.89555102081159,-15.728567081834186],[-47.89508966943786,-15.728924134451349],[-47.89482558989716,-15.73016526163221],[-47.89408445104167,-15.730060494413113],[-47.89356334463356,-15.729382377762654],[-47.891701994940675,-15.729703902067905],[-47.88958799137918,-15.72965858187457],[-47.88793503376423,-15.729447226718285],[-47.88699742437295,-15.729157488397126],[-47.88663700231466,-15.729430681148818],[-47.88468139599227,-15.728806221752677],[-47.88333044478931,-15.729191522076803],[-47.882627239093324,-15.729806340903213],[-47.88130497109739,-15.730012458360529],[-47.87961756848117,-15.73090164316353],[-47.878750364550285,-15.732113151309944],[-47.87797459384397,-15.732928057763102],[-47.87795635445043,-15.733481370791498],[-47.87700045356335,-15.734824157683725],[-47.87652258756143,-15.735256272651414],[-47.87636371691018,-15.736357216777467],[-47.87528162159029,-15.73810385010985],[-47.87377890810491,-15.739242073944702],[-47.872482540335255,-15.741056981065547],[-47.87027554407387,-15.742102704975334],[-47.86916135733877,-15.742388898064771],[-47.86754431796213,-15.742524435949989],[-47.86578205603834,-15.743300626372573],[-47.86416484957506,-15.744482517725507],[-47.86321481378845,-15.745647033985065],[-47.863067345453096,-15.746785468043552],[-47.86270191977868,-15.747384229934708],[-47.861422973037314,-15.747903139340677],[-47.859427580330994,-15.747902363797012],[-47.85797971618024,-15.748749243611647],[-47.85641512763642,-15.749337783707936],[-47.85534735325878,-15.749478747451253],[-47.854399918993245,-15.749999966875157],[-47.852248917418464,-15.750886841409098],[-47.85033581937532,-15.752694886999867],[-47.848658215582226,-15.753459283829434],[-47.848393632984966,-15.753734884609782],[-47.84681965345316,-15.754592173724568],[-47.84612534287512,-15.755281633241335],[-47.845170113927864,-15.757193505960371],[-47.845038376889754,-15.757748045434301],[-47.845176397643264,-15.759231694662212],[-47.844791728258826,-15.759978014306823],[-47.84264438013231,-15.76063496428489],[-47.84114691370651,-15.762118053809463],[-47.840532484018475,-15.763342892798558],[-47.839262015576764,-15.763987066256568],[-47.83745237201332,-15.764576115487829],[-47.83622800421367,-15.765454047713861],[-47.83558677778071,-15.76619807944028],[-47.83562200341796,-15.767108064341366],[-47.835090805335945,-15.767487231797382],[-47.83460894362765,-15.768832073632721],[-47.83456358140075,-15.770090393194575],[-47.83511135609469,-15.770937304085974],[-47.834914714879,-15.771683982675926],[-47.83358193839087,-15.773215597372191],[-47.83185122529987,-15.77362071657313],[-47.83113892595826,-15.773008558976564],[-47.82923144058902,-15.769741897162197],[-47.82834535496917,-15.7657975230565],[-47.82813963717585,-15.763121621907317],[-47.82731397493696,-15.76112259446653],[-47.82698091735885,-15.760654236675954],[-47.82728499079432,-15.759095951786232],[-47.828285163353556,-15.758439386741316],[-47.8294806961309,-15.756983539386217],[-47.829859940589344,-15.755956290830328],[-47.8297847246506,-15.754692804309256],[-47.82912444315384,-15.753861808114321],[-47.82870294913096,-15.753671278876425],[-47.828025093892286,-15.75268390860362],[-47.82752045899322,-15.751294439840427],[-47.82771614889303,-15.750675640603784],[-47.829582855239956,-15.749219723763385],[-47.83121255098063,-15.74823597007258],[-47.83260264267883,-15.747215636443968],[-47.83398226990229,-15.74645803870652],[-47.83567423326521,-15.745740964843066],[-47.83675480773732,-15.74554173955127],[-47.83864114766309,-15.74499993617302],[-47.84013139971884,-15.744218141767503],[-47.841052312123935,-15.74335902085055],[-47.84255101283494,-15.741139262345952],[-47.84429814353608,-15.738884095259717],[-47.84560315220046,-15.738220622148022],[-47.84733532415548,-15.737782434194505],[-47.848412106838786,-15.736628853008456],[-47.848825682212436,-15.736462028308543],[-47.84982697497084,-15.73528135098651],[-47.850797653144355,-15.734719058243577],[-47.8530932376658,-15.732524444911203],[-47.853395904339536,-15.731199007103648],[-47.855178904769964,-15.730980663562608],[-47.85595188171575,-15.730636064947445],[-47.85653469429905,-15.729608691863941],[-47.857387710238335,-15.728970583212691],[-47.85736163214563,-15.727773924571476],[-47.85775245498978,-15.726985881429254],[-47.858243498378584,-15.727181796728521],[-47.85933068624782,-15.726465790220088],[-47.859436990183596,-15.725542864764144],[-47.858770734890186,-15.725144817130332],[-47.85906352009581,-15.724496564557823],[-47.857726724545095,-15.724257360774766],[-47.85697000890258,-15.724683562915752],[-47.8554256773684,-15.725865466488983],[-47.85370059042602,-15.72734655120296],[-47.8528907654856,-15.727226863256174],[-47.852193656655444,-15.728000420315844],[-47.850911886509145,-15.72818045563609],[-47.85089511855605,-15.728536911438233],[-47.84998795217144,-15.728700958372718],[-47.8484945919448,-15.72924459852275],[-47.847464443502844,-15.73001167583123],[-47.84698021293715,-15.731300264914523],[-47.846465267175255,-15.732095149862467],[-47.846075504343155,-15.733320678266637],[-47.844456406926206,-15.734034409083211],[-47.844007744255855,-15.73484333395271],[-47.84271203674793,-15.734900165838923],[-47.840859504019555,-15.735140680024758],[-47.8402036898447,-15.734927641898956],[-47.839240650046044,-15.734225536914716],[-47.83838260623612,-15.73457804535459],[-47.838619119175696,-15.73527914785611],[-47.8380710130034,-15.736263075797396],[-47.83665312653199,-15.736786274563206],[-47.83598586332884,-15.737244224339884],[-47.83671490726734,-15.738829633589035],[-47.836333759278816,-15.7396303028942],[-47.8363824533571,-15.740198383722438],[-47.83574154223282,-15.740689724661204],[-47.835487759181895,-15.741374733575709],[-47.83561862485417,-15.742026741014621],[-47.83500836604401,-15.741999517519044],[-47.83489233604864,-15.74151989367694],[-47.83305931652488,-15.740934024251734],[-47.8325858369965,-15.741004198217064],[-47.83205867504506,-15.741679142717405],[-47.832154937612586,-15.742341670751077],[-47.831206490945725,-15.742852028120645],[-47.83062249258626,-15.742914536581877],[-47.83009536387249,-15.743668714142427],[-47.82977272495504,-15.742985784583764],[-47.8287664222923,-15.742668327698064],[-47.82802865750902,-15.743228752498304],[-47.82799565340547,-15.743695282900818],[-47.82740921971328,-15.74434170614634],[-47.82642517460834,-15.744857231456182],[-47.82533418686544,-15.744791444125182],[-47.82401232221307,-15.745593282239545],[-47.823083259393414,-15.747201174277617],[-47.8223625087016,-15.747482748416425],[-47.82165972790875,-15.748152838309029],[-47.82110993380204,-15.749117134760178],[-47.821883158682844,-15.750391937090319],[-47.822078798277,-15.75132779025231],[-47.82126685421082,-15.752340012505012],[-47.820180772167696,-15.752692944295829],[-47.81905995137422,-15.752019245925002],[-47.8171193307474,-15.751065199920456],[-47.816131254901784,-15.75150417107783],[-47.81633572493518,-15.751981145625184],[-47.817867184509645,-15.75414642322632],[-47.81798930418431,-15.754591606567491],[-47.81861932682905,-15.755197252469419],[-47.81924107868496,-15.75647730948088],[-47.819864829292385,-15.75860483259385],[-47.81957609189545,-15.759336692375914],[-47.818973376238716,-15.760164502795943],[-47.81730402975972,-15.761177470328038],[-47.81610347989151,-15.762110636949343],[-47.815289195714016,-15.762910619701445],[-47.81366006501366,-15.763672793405735],[-47.814358173668715,-15.764126455899634],[-47.81525575502925,-15.764288566957712],[-47.8162857094351,-15.764705662102216],[-47.817271131657385,-15.764745095706242],[-47.817883391914,-15.764340285574553],[-47.81840883179504,-15.764443034605408],[-47.818872737977436,-15.765145127672232],[-47.81821853448188,-15.766800519670095],[-47.81776533801431,-15.769424070596376],[-47.81726101303401,-15.771611102200087],[-47.81740752556191,-15.773854813642465],[-47.81650653419656,-15.775208692909505],[-47.81607980119894,-15.775289444052655],[-47.81512160960787,-15.77606629416885],[-47.81462190915467,-15.77624758533603],[-47.813711303120826,-15.777192026256397],[-47.811156883423315,-15.779177082100638],[-47.81064281082388,-15.780089218337556],[-47.81067512502128,-15.780499843373715],[-47.81011726673826,-15.781533247936254],[-47.80937569399649,-15.782419593077796],[-47.80810073038511,-15.783584351578547],[-47.808020749782095,-15.784011783823455],[-47.80630627194322,-15.785578203580146],[-47.80686559358183,-15.786798436979758],[-47.80640185628271,-15.787575006142085],[-47.80564692379603,-15.787859398482315],[-47.80497154251766,-15.78840949915755],[-47.80405903385205,-15.788587402847028],[-47.80367383446159,-15.788920972492129],[-47.80262473605872,-15.789196730833085],[-47.80147001554137,-15.789028173808951],[-47.799256382526664,-15.790298496667024],[-47.799151395521086,-15.789709718371542],[-47.798334192717235,-15.789895615924012],[-47.798126610021384,-15.790538386808052],[-47.79706265797529,-15.79026922406343],[-47.796643496877195,-15.789678498146483],[-47.795920736654104,-15.789491571735045],[-47.79535475580429,-15.788772486278239],[-47.79452702923688,-15.788928903567585],[-47.79468851757888,-15.7895023268481],[-47.79372582542824,-15.78985920575955],[-47.794278062952515,-15.790731268935417],[-47.79316642743283,-15.790580687841022],[-47.792216258695554,-15.79002712588094],[-47.79098510681889,-15.790322038185522],[-47.79017086486221,-15.78977367499776],[-47.78974756792055,-15.788749873834584],[-47.78939644701871,-15.788622745676783],[-47.78938307649402,-15.790488790962112],[-47.78914556911943,-15.790673540721167],[-47.78894268551082,-15.788475727901265],[-47.78778449300489,-15.785324537074208],[-47.78719975084037,-15.783276937353175],[-47.78708005661697,-15.782318331363145],[-47.786789691472734,-15.781960216837495],[-47.79241956630897,-15.781176773624642],[-47.793632783320994,-15.781042916977961],[-47.79518960413256,-15.781215957657002],[-47.7962705738634,-15.781598022322529],[-47.79789387809083,-15.782745336646592],[-47.79865477000111,-15.78368055998119],[-47.79945791327245,-15.785062378003511],[-47.80074937893561,-15.78643179755128],[-47.802037670850865,-15.7872024052823],[-47.80351118729288,-15.7873578400633],[-47.80416982756762,-15.787024318846505],[-47.804858167942285,-15.786197756495937],[-47.80548174337822,-15.783957798464632],[-47.80613304980699,-15.782936861227942],[-47.807911874867976,-15.78112833472277],[-47.80876324419535,-15.779881736575078],[-47.81273534285345,-15.773515774661078],[-47.813191863985885,-15.77201139640367],[-47.813158377487035,-15.770922476197102],[-47.81268513152063,-15.769463562069859],[-47.81218268042603,-15.76871099578517],[-47.80906823121746,-15.765548783790695],[-47.80851039629064,-15.764465992976623],[-47.80851869313061,-15.763794324679152],[-47.808970339106004,-15.762917484960127],[-47.81174595277256,-15.760068980063448],[-47.813148017216875,-15.758133147379992],[-47.81186973073724,-15.757433507880709],[-47.81051071625629,-15.757293576752074],[-47.80981013184431,-15.75751584737065],[-47.807982829199005,-15.758551777647707],[-47.80741047929382,-15.758738375515764],[-47.789831854148716,-15.76148393247119],[-47.78863803535694,-15.761548217014091],[-47.78659916239423,-15.761343673879894],[-47.78393318810811,-15.760476725193593],[-47.78396489953595,-15.760032108064006],[-47.78492858432499,-15.759679265108332],[-47.78517236283858,-15.75810499924104],[-47.78588082637392,-15.758036194583957],[-47.78640667768337,-15.757694922828962],[-47.78550017874701,-15.755908369832483],[-47.78468654764472,-15.755954621359367],[-47.78521693005645,-15.752327629149786],[-47.787010032042254,-15.752185207974067],[-47.78629396696297,-15.749434412111833],[-47.79151242867045,-15.748074079640322],[-47.79091182674959,-15.74571324556088],[-47.783987772439716,-15.743202385999341],[-47.79007396179588,-15.727506987312596],[-47.791017794715444,-15.7251365990789],[-47.792319080761295,-15.723192519932077],[-47.79422050609563,-15.721647326613361],[-47.81423262871787,-15.707917029338532],[-47.82507479832715,-15.700486042572654],[-47.82737176894908,-15.698936774122247],[-47.83411501305351,-15.694283712637521],[-47.83585318485632,-15.693399370122476],[-47.83757099724154,-15.692967912677448],[-47.83887787170676,-15.692878976080044],[-47.8489045785489,-15.692854027436288],[-47.850149606701756,-15.692806248111294],[-47.851550042500456,-15.692534902810314],[-47.85255208714875,-15.692158914859471],[-47.85808056285067,-15.689219323017086],[-47.85950154491655,-15.688227457636716]],[[-47.881545923511105,-15.704834615425023],[-47.876878209921166,-15.707440166792557],[-47.875201208897636,-15.707255453750784],[-47.87231290157868,-15.707983435659042],[-47.87158052938206,-15.709542774645808],[-47.8740799676926,-15.71135405787623],[-47.87341396213085,-15.712569284051664],[-47.871587366459686,-15.713123096910808],[-47.870777687944646,-15.7135376837835],[-47.87050763101404,-15.714608367147925],[-47.87123091046337,-15.715538349128044],[-47.86809866922227,-15.71645921519212],[-47.8696776748281,-15.719511591880755],[-47.86987994488736,-15.719174534949024],[-47.87368400468841,-15.71680425807157],[-47.8749841471789,-15.71636368748867],[-47.874662633850505,-15.715721930504204],[-47.876043580699125,-15.715238087922584],[-47.877048979656685,-15.715079383721964],[-47.87716450300222,-15.71454846236541],[-47.87823978370237,-15.714027921707384],[-47.87834685839265,-15.712947637478331],[-47.87806098033327,-15.712514808419558],[-47.879005890332856,-15.71185823045596],[-47.87994546883124,-15.712222461261327],[-47.882354504284855,-15.711119516103238],[-47.88288334339093,-15.711099146833119],[-47.883541353048344,-15.710685067796497],[-47.88423075523168,-15.710562638289831],[-47.88471189020291,-15.709974677810713],[-47.886252862037914,-15.709386505497609],[-47.88814297398956,-15.708944484226476],[-47.88938104648718,-15.708119171145086],[-47.88956915730094,-15.707317174100211],[-47.891149762806286,-15.707511789554161],[-47.891975506791866,-15.706974573692642],[-47.884735686574786,-15.701465507708338],[-47.881545923511105,-15.704834615425023]]]},"properties":{"nome":"Lago Norte","regiaoSaude":"Central","macrorregiaoSaude":"Macrorregião 2"}},
{"type":"Feature","geometry":{"type":"Polygon","coordinates":[[[-47.78585531062659,-15.802230997918485],[-47.787264929004124,-15.801794925000843],[-47.788268377719206,-15.800688248969843],[-47.788631792065715,-15.799946078629326],[-47.789361688505416,-15.800006968678058],[-47.789285349672575,-15.798492842339703],[-47.78959588648651,-15.798058326769528],[-47.789245663001644,-15.797202765169498],[-47.78921607159786,-15.796007272831911],[-47.78973527986579,-15.795705256574687],[-47.79141019500123,-15.795684756618305],[-47.79186510006448,-15.795485649517087],[-47.79286007497148,-15.796078005166684],[-47.79375877383623,-15.796332067930468],[-47.7946712330945,-15.79594614646579],[-47.795257260748194,-15.796934644224164],[-47.79590744338453,-15.796582507718263],[-47.79575575476397,-15.796039975378356],[-47.79688492809295,-15.796131087464532],[-47.797825589959565,-15.796020321695737],[-47.798240079818186,-15.797222353908346],[-47.79872570546751,-15.797030985454128],[-47.798506376401,-15.796136173544907],[-47.79896108922478,-15.795658252581555],[-47.79857504721459,-15.795214071309509],[-47.79963155043034,-15.794738297927148],[-47.80133285896715,-15.79486949182867],[-47.80129545132209,-15.794151559553356],[-47.801705711912355,-15.794043507784165],[-47.80337946822108,-15.79448108848177],[-47.80245908941527,-15.793029631685098],[-47.80270554311178,-15.792714881742427],[-47.803544858844674,-15.79280176837972],[-47.80404844720643,-15.79239116826847],[-47.80549033845886,-15.792764405297708],[-47.80676804013523,-15.792819204309417],[-47.80745026388114,-15.793058109501873],[-47.80799048374354,-15.79292831044174],[-47.809210721987824,-15.793187582598451],[-47.81042499002873,-15.79453762187676],[-47.810268441522474,-15.795042397956925],[-47.809678973321255,-15.795428645291624],[-47.812204584945924,-15.797421442014466],[-47.81278117849249,-15.798229888653408],[-47.81354674793046,-15.799751172264244],[-47.81383748497721,-15.80073373395823],[-47.8142985632631,-15.801618334650248],[-47.815256662327684,-15.802863796396212],[-47.81522437418143,-15.803881127368543],[-47.81472869368912,-15.804706896684896],[-47.813355486724994,-15.805858907524287],[-47.81390134531245,-15.806469311518882],[-47.81698907592952,-15.805689952936934],[-47.81705562582072,-15.806526204592522],[-47.81742048735315,-15.80796156827952],[-47.81840411923306,-15.808490398289072],[-47.81887523709056,-15.809019501775703],[-47.81818729466956,-15.810214586233274],[-47.81857636939216,-15.812718866703714],[-47.8185524095269,-15.813408684289774],[-47.81907561170457,-15.81514284595038],[-47.81938762534883,-15.817157477037778],[-47.81896819565447,-15.818115421992449],[-47.81827942678342,-15.819003276824619],[-47.817778649250194,-15.819225639659104],[-47.81657772029294,-15.820675223239306],[-47.81624343651446,-15.82126900123604],[-47.81685475354004,-15.821454645955761],[-47.81744976434658,-15.82101232247225],[-47.81891697102203,-15.82114626937473],[-47.81990233665043,-15.821627961512123],[-47.82060005004677,-15.82176380337754],[-47.82155786434542,-15.822247732529158],[-47.82224123883319,-15.823020168420122],[-47.82306708522671,-15.824476280287746],[-47.823099124539645,-15.825299252599526],[-47.823838846751926,-15.825378448830362],[-47.825078544301896,-15.825953386746214],[-47.82535699598882,-15.826403205537297],[-47.827138455808544,-15.82783030934055],[-47.82754522195235,-15.828597093290991],[-47.82743257860561,-15.829422329578147],[-47.82678242651199,-15.830780199124456],[-47.82550316356365,-15.832093150288042],[-47.82513825801377,-15.832838794436856],[-47.82834668267917,-15.832355372887678],[-47.829145074760966,-15.83177232069269],[-47.83022314293345,-15.831478946649945],[-47.83147940362061,-15.83078203218514],[-47.832603488891834,-15.830750358519024],[-47.83541856015893,-15.83151043784711],[-47.837130300831134,-15.832507294436978],[-47.83849777384881,-15.83385899770889],[-47.83976727660158,-15.835979685348194],[-47.8409476503085,-15.83870115972004],[-47.84140542009919,-15.839159908508508],[-47.84213016739569,-15.83900676046555],[-47.842745979590944,-15.839285745760684],[-47.843560238615616,-15.839044955881098],[-47.84670746285732,-15.8396853253998],[-47.848485566571135,-15.840165427285294],[-47.850117826103634,-15.839767860465745],[-47.85058016472587,-15.83942486319805],[-47.85155493203055,-15.839242009957072],[-47.85278861895295,-15.83939633832805],[-47.85424731768435,-15.840217293313078],[-47.85563897604441,-15.841397782834342],[-47.85676453634932,-15.842496303633043],[-47.85801591199798,-15.8440985984015],[-47.859384745064986,-15.84488918588327],[-47.85962690301781,-15.845176714996],[-47.86082740168204,-15.845582452359995],[-47.86144693829247,-15.846253075009345],[-47.86332043680125,-15.848652499410095],[-47.863818273250246,-15.849929094032484],[-47.86306337220461,-15.850059281672392],[-47.861918175625895,-15.850757227090497],[-47.860281299651156,-15.85076094729113],[-47.85844855950344,-15.851504267061907],[-47.85879183901117,-15.853196353921478],[-47.860083868816325,-15.853038169901188],[-47.860925852545606,-15.852362859309661],[-47.86248436847812,-15.852075581532999],[-47.863577627162044,-15.852015076160813],[-47.86515684387196,-15.852644279468501],[-47.866764386259405,-15.852314358815809],[-47.867536406499426,-15.85264729016718],[-47.86735068700096,-15.853238121630376],[-47.86968442476914,-15.854040334935007],[-47.868797910652916,-15.854708195335668],[-47.86876545721664,-15.855946718436467],[-47.86951915721475,-15.85671252889335],[-47.86995410440733,-15.856602555891758],[-47.87059279399792,-15.858234425715589],[-47.87203810693327,-15.859026429416804],[-47.87318266750476,-15.858690371822686],[-47.873967421363915,-15.85828708900873],[-47.874343536990224,-15.857683828019347],[-47.87341456130714,-15.857026395436776],[-47.87296986380047,-15.856189413445843],[-47.87196469032004,-15.8553713491563],[-47.87087278000736,-15.854786992034597],[-47.870403484831584,-15.853669731728477],[-47.86997580500965,-15.853280131291868],[-47.869085944668974,-15.852936686886828],[-47.868614779200776,-15.85117388567823],[-47.868138335231954,-15.850464594424913],[-47.86851853909112,-15.84933368058773],[-47.86898523274585,-15.849170225590257],[-47.86975740480114,-15.848445551153896],[-47.869787951114056,-15.847844104878465],[-47.868981699671835,-15.847079260612038],[-47.868636469921626,-15.845261960483414],[-47.86767972910974,-15.843765459370136],[-47.86665413422796,-15.8415349967178],[-47.8661053246748,-15.840867637172854],[-47.864754310589774,-15.839597389013418],[-47.86341051985794,-15.837740865745364],[-47.86163583603041,-15.835725326692],[-47.86155055087565,-15.835148140210931],[-47.860929764708665,-15.83473387270579],[-47.859314564183414,-15.833155075606602],[-47.858448263957705,-15.831985968328304],[-47.857548750320994,-15.831505438215855],[-47.85707396913378,-15.830879571558329],[-47.85599336591557,-15.830066123497222],[-47.85491428174851,-15.829508887595365],[-47.85474752209243,-15.829101184611918],[-47.854930520593896,-15.827897963306269],[-47.85570177097771,-15.827274448359036],[-47.85713373494794,-15.827032634708264],[-47.85805998154919,-15.827027900293942],[-47.86000462123859,-15.827410007274782],[-47.86169505387226,-15.828017782848967],[-47.86350081132378,-15.828306971148166],[-47.86464127378094,-15.828274747428368],[-47.86608907145637,-15.827878507175782],[-47.86719057218302,-15.828148835041347],[-47.868144482403444,-15.828599202932415],[-47.869429555655046,-15.82964475959878],[-47.87040106566851,-15.829999580814668],[-47.871342073386515,-15.829671180536794],[-47.87177679240701,-15.828863913061593],[-47.87198605944402,-15.827938389737719],[-47.87164386060958,-15.827053755484068],[-47.87084722922573,-15.826629308534509],[-47.871170956002985,-15.825579143559553],[-47.871878397255536,-15.824546097780312],[-47.872428839047565,-15.824218785402087],[-47.874781962459586,-15.824757714243827],[-47.87600888955947,-15.824577045567583],[-47.8770700460484,-15.824739802260552],[-47.8776765921215,-15.825373777468759],[-47.87909831080592,-15.825821954582304],[-47.87943099917645,-15.826169652337445],[-47.879763124303295,-15.82746758672859],[-47.88043856846374,-15.828231557178308],[-47.88186694276609,-15.82900334448515],[-47.883200447787914,-15.828586634965863],[-47.88339388111972,-15.830008382305365],[-47.88394836802548,-15.830990964695463],[-47.883934807956265,-15.831535317600588],[-47.884308809846715,-15.833031373514181],[-47.88426945195917,-15.833651702425795],[-47.884709425225765,-15.835153681621053],[-47.88613879935303,-15.83696186362659],[-47.88712089062223,-15.837778526452068],[-47.88974289596847,-15.839298275900745],[-47.8906261186575,-15.840076395297515],[-47.892309621687055,-15.84097666553614],[-47.893739418920816,-15.841088142981969],[-47.89480626354213,-15.841023353934736],[-47.89787312360021,-15.840650542125816],[-47.89873701723928,-15.841775348073183],[-47.90235692240708,-15.843814672280738],[-47.90353828695576,-15.844390981905326],[-47.90434359426863,-15.844137846297171],[-47.90568290061055,-15.845188286392705],[-47.907271684378244,-15.845916226156925],[-47.90905984742661,-15.846095307265564],[-47.91168833321931,-15.846862976791105],[-47.914476384060976,-15.848436332209365],[-47.91610655141718,-15.849651409319657],[-47.917690928948396,-15.850564029761742],[-47.91988534610086,-15.85160945283445],[-47.92085307330867,-15.851356772183589],[-47.92267494384144,-15.85157541378737],[-47.92344877418675,-15.851360353244132],[-47.92494002786405,-15.851669593655187],[-47.92518221186802,-15.850882366651824],[-47.925934720700056,-15.851073001451033],[-47.926758165896814,-15.850878754473127],[-47.92731336696322,-15.851225368648953],[-47.92811542596802,-15.851172792520476],[-47.92936306372678,-15.851407426382696],[-47.93059366583449,-15.851194997016174],[-47.93231984602658,-15.851287864408835],[-47.93499327453294,-15.861064292622556],[-47.936543290606224,-15.866715117776836],[-47.9366180915233,-15.868035717354283],[-47.93617496427174,-15.869174614972502],[-47.93662616647939,-15.870059379147072],[-47.94811101240251,-15.875553042967818],[-47.94897676196094,-15.876006605736439],[-47.9560938597338,-15.880061855246009],[-47.956258304431394,-15.881282101327933],[-47.95187303014994,-15.884524445560519],[-47.94657901653382,-15.894236106786018],[-47.946074343905515,-15.89510431954869],[-47.9410381979799,-15.896156845742132],[-47.94000183409449,-15.895520604791988],[-47.938659061153885,-15.895011528506254],[-47.9382084096135,-15.89417873819492],[-47.936552541457026,-15.89346001768076],[-47.93546210797467,-15.893221085251774],[-47.93437814775225,-15.892167362640322],[-47.93384917479719,-15.89208110021147],[-47.933331221475726,-15.891352672256732],[-47.932248839593264,-15.890707539516027],[-47.93144010880085,-15.890536001771682],[-47.927769307784,-15.887687795664409],[-47.927007450184796,-15.886917685265463],[-47.92545757874026,-15.886407884782209],[-47.923780870567505,-15.88489976656539],[-47.92191425045885,-15.884515241226003],[-47.92129096967032,-15.884131705313493],[-47.92059511039673,-15.884127998688928],[-47.919423621027974,-15.883387418051052],[-47.917912488531755,-15.883548429513215],[-47.916201958788555,-15.883433307782433],[-47.915149426126355,-15.883044401654697],[-47.91366666422344,-15.882888021802817],[-47.91186070285434,-15.882409714240712],[-47.91095647216408,-15.88247061226058],[-47.91048235573016,-15.882144877366695],[-47.90983959317807,-15.88218817790318],[-47.909511054125836,-15.881696541086018],[-47.90831854507774,-15.881323076953038],[-47.907890078331626,-15.881709263860989],[-47.90724140306833,-15.881371355325186],[-47.90608875676097,-15.881336718212344],[-47.90603858585236,-15.882657743823476],[-47.90565344575071,-15.88332614878049],[-47.90592323947492,-15.883864033275113],[-47.90579768643924,-15.884653564539372],[-47.90649372447758,-15.885264037044676],[-47.906279805964026,-15.885992830044115],[-47.90612228997222,-15.889402449497394],[-47.90547704806994,-15.890911519789002],[-47.905883351581366,-15.891454011512469],[-47.90656059147407,-15.891792820674157],[-47.906609578403135,-15.89277591074266],[-47.90737432408597,-15.893964583633881],[-47.90736767116299,-15.894679003232284],[-47.907965753309476,-15.895469050196958],[-47.908785971757744,-15.8959653853087],[-47.90836309163437,-15.89691127965182],[-47.908895956091236,-15.89771569841093],[-47.91008522132284,-15.898928376386626],[-47.91006442262906,-15.899328173875196],[-47.910577107331385,-15.900035083144552],[-47.91084468760675,-15.90099647476163],[-47.91082989594729,-15.902317019706786],[-47.910969811247725,-15.903755066152915],[-47.91143701155227,-15.905335928872487],[-47.911969209459194,-15.906365714997735],[-47.91227702527613,-15.907391366334057],[-47.91333073293473,-15.908367278817323],[-47.91272764357885,-15.908706126011433],[-47.91238890325825,-15.909362329008312],[-47.911888246099274,-15.909651338417582],[-47.911117955116175,-15.909515833074234],[-47.90921875580711,-15.909911570760089],[-47.909138044873785,-15.910740186347581],[-47.908355053509204,-15.91201132160205],[-47.90780325795605,-15.912481641206819],[-47.907415163295425,-15.912601966819212],[-47.90581752303735,-15.911780696842548],[-47.904271332888854,-15.912107359956458],[-47.903515039454525,-15.911950178538525],[-47.90300393668541,-15.911398818032392],[-47.90241592555157,-15.911775313904645],[-47.901758312949525,-15.911291061421823],[-47.90098152445198,-15.911419931696924],[-47.900863928693084,-15.911760509312847],[-47.89847915853192,-15.912126546197241],[-47.897004165259574,-15.91165487289905],[-47.89631301944628,-15.911764048696305],[-47.89606805605482,-15.911348778465813],[-47.89529832921374,-15.911350403458238],[-47.894607774491895,-15.911712377320004],[-47.893603678091495,-15.91172378161859],[-47.890517070368524,-15.911402664969879],[-47.88975902701603,-15.911106897203773],[-47.88934736146066,-15.911340815916361],[-47.88848329714169,-15.911321616642104],[-47.88761171122885,-15.911917583756042],[-47.88702194838021,-15.912087120625865],[-47.88610078983672,-15.912887781218734],[-47.8835960281098,-15.913711215894033],[-47.88272422390635,-15.913664505464475],[-47.88255890694461,-15.913261439014908],[-47.8936689119508,-15.90066908084087],[-47.88010075879778,-15.884940959185252],[-47.87020461759061,-15.880161738242903],[-47.85607821808237,-15.873173779212978],[-47.856981519016315,-15.871238264014428],[-47.851155720718296,-15.868691650288138],[-47.85314869066829,-15.8644885665638],[-47.853930424391464,-15.864148627026772],[-47.85521610041261,-15.860483172556002],[-47.85625813356578,-15.858794185940674],[-47.85560831205219,-15.858540864466827],[-47.853565783844594,-15.856626151043974],[-47.85063189960139,-15.857152478196921],[-47.84291570458577,-15.861606904475575],[-47.84505408213587,-15.86281153211758],[-47.84301214412142,-15.86620693472701],[-47.830739967970906,-15.859290876710254],[-47.82094947672599,-15.863860422436707],[-47.82047310552071,-15.864016791997788],[-47.81984099968284,-15.862926838452083],[-47.81651047151245,-15.85205390081065],[-47.81564451354486,-15.850111686122967],[-47.81394185484018,-15.847464050939408],[-47.81239586681262,-15.845775453967654],[-47.806199325712015,-15.837763698273422],[-47.79786186572737,-15.827013815453885],[-47.79604775124875,-15.824475861980794],[-47.79476958514338,-15.822325827998762],[-47.79368985149437,-15.820113266630257],[-47.7928837213247,-15.818145997387454],[-47.78839620259424,-15.809622814748721],[-47.78656545221488,-15.805573746119803],[-47.78585531062659,-15.802230997918485]]]},"properties":{"nome":"Lago Sul","regiaoSaude":"Central","macrorregiaoSaude":"Macrorregião 2"}},
{"type":"Feature","geometry":{"type":"Polygon","coordinates":[[[-47.95454509321707,-15.848391689283035],[-47.95548267296394,-15.84825218137088],[-47.95647235679392,-15.85448400501344],[-47.96046867942197,-15.853856654984627],[-47.96168527140452,-15.853751937022036],[-47.961711357582054,-15.854217550926448],[-47.96262317274826,-15.860391889001976],[-47.96266326366108,-15.860920985320458],[-47.96072102516844,-15.862292441089714],[-47.95964658978297,-15.862950449282406],[-47.959348921335476,-15.863389596915285],[-47.96025985794934,-15.863847778896199],[-47.96347130095409,-15.86532750239481],[-47.964106934476085,-15.864737014829021],[-47.96495747016687,-15.865338199899146],[-47.96917522661415,-15.864859848945686],[-47.96945681342142,-15.867214151450334],[-47.97501705085683,-15.866584289363203],[-47.97744543063178,-15.864327000671425],[-47.97791901346641,-15.864740635400526],[-47.97725620770371,-15.866249050562711],[-47.977046211234686,-15.867413097153213],[-47.97714264088885,-15.86893608749731],[-47.97738853044336,-15.86987883051068],[-47.97895250004796,-15.87336095656747],[-47.982966508707335,-15.875364091157525],[-47.984210350185705,-15.875744744875316],[-47.98524946471252,-15.8759024220287],[-47.99209724486823,-15.876511181732775],[-48.00048033028616,-15.877268154387346],[-48.00023572801745,-15.879915035333036],[-47.99855098800774,-15.879778590630224],[-47.9960201472898,-15.879768134093862],[-47.99525487070263,-15.87944151351305],[-47.994203830142105,-15.87866255147065],[-47.993437427067576,-15.878315161032681],[-47.99234657676692,-15.878084177951505],[-47.988102239170395,-15.877886182861504],[-47.98755496304143,-15.877631803599368],[-47.9863525545589,-15.877461456599708],[-47.98454294962301,-15.877752588988336],[-47.98350744183208,-15.878088537038247],[-47.982164684162825,-15.87787782066442],[-47.980768574650526,-15.878187960480112],[-47.98007182873976,-15.878103749342996],[-47.9796550912963,-15.87930887543094],[-47.97901513148789,-15.880528236987617],[-47.9778189375505,-15.882273673862791],[-47.97652143970022,-15.883181766053248],[-47.97477249709714,-15.883608667943518],[-47.962260430341594,-15.883674440384794],[-47.96101734973625,-15.883752401488138],[-47.96104327960693,-15.882258411759658],[-47.96231899331159,-15.882446764383225],[-47.96334669474271,-15.882834068042957],[-47.96449999053202,-15.882947269399601],[-47.97075996436979,-15.882904307722299],[-47.97078567684817,-15.879379837809376],[-47.968870580053526,-15.879394097849625],[-47.96888547771419,-15.880330598553012],[-47.968650306857654,-15.880622925204326],[-47.96394736403722,-15.880611009364886],[-47.96393512359316,-15.878931545487504],[-47.96230399593792,-15.878468888378425],[-47.96196980558424,-15.8763304773003],[-47.95909885820816,-15.87675351500729],[-47.95874374249824,-15.87455138923969],[-47.95454509321707,-15.848391689283035]]]},"properties":{"nome":"Núcleo Bandeirante","regiaoSaude":"Centro-Sul","macrorregiaoSaude":"Macrorregião 2"}},
{"type":"Feature","geometry":{"type":"Polygon","coordinates":[[[-47.37082312649814,-15.845854287857561],[-47.37260563555011,-15.84608646758788],[-47.372854033200895,-15.84587435755206],[-47.372769360697156,-15.844988027680731],[-47.37340393420712,-15.844637700627663],[-47.37445120274177,-15.84558305382946],[-47.375438459323846,-15.8454467708274],[-47.37615332874548,-15.846301401531894],[-47.377394877723255,-15.846810262122347],[-47.377809584974166,-15.846229769007802],[-47.37835535822166,-15.847147716132662],[-47.37898741824546,-15.847053431317915],[-47.37931589351731,-15.846293591962489],[-47.38010727873989,-15.847082806317347],[-47.38089103546909,-15.846327607703456],[-47.380864559422726,-15.84578901639934],[-47.382331161531994,-15.845676406016757],[-47.38233717575282,-15.84655590587453],[-47.3832759610388,-15.847105056200077],[-47.38350985898259,-15.846635701287257],[-47.3852909774425,-15.845994553583251],[-47.38583563588073,-15.847668048192725],[-47.38606718922162,-15.849745283307756],[-47.387101526507756,-15.856874481968438],[-47.38787710407629,-15.856956984945613],[-47.40739535361657,-15.860978397948587],[-47.41262344885714,-15.862038202004975],[-47.42171051791209,-15.863933528042896],[-47.42302024991824,-15.864152170703877],[-47.42439196028911,-15.864109640525792],[-47.42572969008771,-15.86384868101872],[-47.436522824258894,-15.861296900732475],[-47.44784922892546,-15.858726328024522],[-47.45177438791501,-15.857806069319986],[-47.45320294098211,-15.857685880324388],[-47.4545980282116,-15.857855099067997],[-47.456051209490525,-15.858369276866433],[-47.462590929487554,-15.862308937788141],[-47.46390532734329,-15.862844858973194],[-47.4654722425237,-15.863134024171563],[-47.467199950750086,-15.863060422278979],[-47.472053559009964,-15.862104552663892],[-47.48010462979383,-15.86043989155081],[-47.49083805204977,-15.85831193435386],[-47.5058922172104,-15.855293625945855],[-47.51650550956002,-15.853218787193605],[-47.51856968267438,-15.853188349321504],[-47.5204438998354,-15.853760083319472],[-47.530811642193676,-15.8593265044389],[-47.54972026893101,-15.869521564073269],[-47.55347963754668,-15.871564350075097],[-47.5554088091452,-15.872274435503194],[-47.55704050902727,-15.872382749591639],[-47.557917480340244,-15.872318261785232],[-47.56760567593218,-15.869414579991478],[-47.57597435327126,-15.866939532990576],[-47.5900144183925,-15.86275582057339],[-47.59479778468537,-15.861307598450654],[-47.60293823604337,-15.858918427877603],[-47.60415943817995,-15.858777714014321],[-47.60591586913922,-15.858982787759746],[-47.60776477267384,-15.859503075472887],[-47.62105218702922,-15.863046439324846],[-47.62363937906494,-15.85398747869314],[-47.63148698413188,-15.826357212083952],[-47.638905153170526,-15.80041399731752],[-47.641711368845556,-15.790538929660991],[-47.642546318766165,-15.788185854239279],[-47.64756541017611,-15.779245079960289],[-47.648926021861634,-15.77687569825878],[-47.656117010558184,-15.76408474241435],[-47.66351244323699,-15.751001332246748],[-47.66428752852874,-15.749015741436514],[-47.66447662120111,-15.74781305694131],[-47.664351573916925,-15.745723985702417],[-47.66216652080299,-15.735422225908415],[-47.66073070036524,-15.728515474302167],[-47.660456374640404,-15.727425204627439],[-47.66179353131386,-15.727074384628729],[-47.663427688088234,-15.726980344843932],[-47.66502119160444,-15.727463078658996],[-47.67030047913811,-15.730737785637096],[-47.671042828024284,-15.73136726109284],[-47.67351439879809,-15.733862501531071],[-47.67467584590029,-15.734367962029319],[-47.6757842259254,-15.734244292153033],[-47.67723732725426,-15.734065466665523],[-47.677980551997834,-15.734354230446874],[-47.67915647275589,-15.735203053377441],[-47.680435195816756,-15.735737988156812],[-47.68642230369202,-15.735840327112415],[-47.68835115638862,-15.735979684190037],[-47.68961140469734,-15.736269470724181],[-47.6907406238404,-15.736704373694067],[-47.69461569007478,-15.738660436403034],[-47.70432751674858,-15.743632091633588],[-47.70760077103139,-15.745880178525827],[-47.716501037219636,-15.752188067136634],[-47.729435976912036,-15.761301965009975],[-47.73158147271244,-15.76246021897501],[-47.73303797596128,-15.762924261171648],[-47.735339332158425,-15.763129525462215],[-47.736382424425315,-15.763036637491686],[-47.73774795528533,-15.7627336721393],[-47.73985545234922,-15.76183729447112],[-47.74675117379503,-15.757621987185328],[-47.75289629712541,-15.753792572327232],[-47.75493828903878,-15.752694978645],[-47.75622930823924,-15.752256572037124],[-47.757827497367956,-15.751960848748382],[-47.759729988104226,-15.75200822080494],[-47.76120180044214,-15.752290786869537],[-47.76225290208809,-15.752629384923345],[-47.774505558745794,-15.757091808885653],[-47.77713570013356,-15.75800596977246],[-47.780969105199986,-15.759430844279665],[-47.78393318810811,-15.760476725193593],[-47.78659916239423,-15.761343673879894],[-47.78863803535694,-15.761548217014091],[-47.789831854148716,-15.76148393247119],[-47.80741047929382,-15.758738375515764],[-47.807982829199005,-15.758551777647707],[-47.80981013184431,-15.75751584737065],[-47.81051071625629,-15.757293576752074],[-47.81186973073724,-15.757433507880709],[-47.813148017216875,-15.758133147379992],[-47.81174595277256,-15.760068980063448],[-47.808970339106004,-15.762917484960127],[-47.80851869313061,-15.763794324679152],[-47.80851039629064,-15.764465992976623],[-47.80906823121746,-15.765548783790695],[-47.81218268042603,-15.76871099578517],[-47.81268513152063,-15.769463562069859],[-47.813158377487035,-15.770922476197102],[-47.813191863985885,-15.77201139640367],[-47.81273534285345,-15.773515774661078],[-47.80876324419535,-15.779881736575078],[-47.807911874867976,-15.78112833472277],[-47.80613304980699,-15.782936861227942],[-47.80548174337822,-15.783957798464632],[-47.804858167942285,-15.786197756495937],[-47.80416982756762,-15.787024318846505],[-47.80351118729288,-15.7873578400633],[-47.802037670850865,-15.7872024052823],[-47.80074937893561,-15.78643179755128],[-47.79945791327245,-15.785062378003511],[-47.79865477000111,-15.78368055998119],[-47.79789387809083,-15.782745336646592],[-47.7962705738634,-15.781598022322529],[-47.79518960413256,-15.781215957657002],[-47.793632783320994,-15.781042916977961],[-47.79241956630897,-15.781176773624642],[-47.786789691472734,-15.781960216837495],[-47.78708005661697,-15.782318331363145],[-47.78719975084037,-15.783276937353175],[-47.78778449300489,-15.785324537074208],[-47.78894268551082,-15.788475727901265],[-47.78914556911943,-15.790673540721167],[-47.788391022009996,-15.789358380132558],[-47.78792258023374,-15.789272723818327],[-47.787537953070114,-15.790024655375165],[-47.78790926809955,-15.790412927230959],[-47.787185413728444,-15.79087143027074],[-47.78650454823525,-15.790417414414595],[-47.78579849667645,-15.790867225760572],[-47.78586151618857,-15.791405896796865],[-47.78545233178002,-15.79178526690291],[-47.78561393869964,-15.792314513452014],[-47.78541750589309,-15.79356291779426],[-47.784813997922285,-15.793479888449475],[-47.78437851713042,-15.793840740922818],[-47.78472911700941,-15.794571341192892],[-47.78450970350125,-15.797079563178478],[-47.78398645820446,-15.797382591311422],[-47.78391771462734,-15.797855796446955],[-47.781262155408605,-15.799051931342879],[-47.78004785502835,-15.799213638470432],[-47.778138538892556,-15.79922477858007],[-47.7770672538988,-15.7995332049956],[-47.77629590020873,-15.79931944182713],[-47.77607010776376,-15.798236434623385],[-47.776525392814364,-15.797764149218208],[-47.77635405444528,-15.797023951066057],[-47.776459268724615,-15.79615690943448],[-47.775813855244124,-15.79578029542161],[-47.77468036551019,-15.795925995748371],[-47.773880934975914,-15.796597860143462],[-47.77358705202903,-15.79750810621442],[-47.7731477462107,-15.797938721136182],[-47.771938405429125,-15.801508767304865],[-47.77075704806697,-15.804633354752198],[-47.770621406052335,-15.805672066924295],[-47.7711375789129,-15.806840605479703],[-47.77266491432189,-15.808252145730792],[-47.77557131640562,-15.811674360827986],[-47.777421031118934,-15.81355936768167],[-47.77889142142375,-15.81449154635079],[-47.78185557979035,-15.815730109480176],[-47.77552530649339,-15.817485838007373],[-47.7740287752138,-15.818050074157386],[-47.77073545526249,-15.818951324108104],[-47.7674390513948,-15.819777190947184],[-47.768156977783335,-15.821052331966701],[-47.76894903494576,-15.82121427215554],[-47.76951381115478,-15.822086431871554],[-47.77181501823159,-15.8220515391249],[-47.77304264242414,-15.821935484312718],[-47.77292404324707,-15.823012314736795],[-47.77332929932288,-15.823136170753084],[-47.77334030278679,-15.823942514726019],[-47.7727797064388,-15.824746532326541],[-47.77233912860601,-15.825824686523347],[-47.771748987566625,-15.826508066457889],[-47.77060446292775,-15.826846736697068],[-47.77119152454234,-15.828093610012528],[-47.77189680355001,-15.830222380961441],[-47.77241025271863,-15.831464057512042],[-47.772284221779216,-15.832648030070763],[-47.77175173102151,-15.834398454812503],[-47.77105404726957,-15.8351034718767],[-47.77015610837956,-15.835465210258205],[-47.76899564672922,-15.836461694732384],[-47.76821492271243,-15.836741746531372],[-47.76730751557932,-15.837455535842016],[-47.76640077230121,-15.837817281246048],[-47.76574069831528,-15.83843848300504],[-47.764293157558015,-15.83860073506885],[-47.763304708911555,-15.83932349260001],[-47.76256240943272,-15.839472856907122],[-47.761525076265116,-15.840519198165207],[-47.76090515966733,-15.840797502973322],[-47.76011622684547,-15.840749754147938],[-47.75998826632482,-15.84128830963613],[-47.759381354637405,-15.841947306696285],[-47.758276074698344,-15.842028285285837],[-47.75747962657081,-15.842562700471184],[-47.75707132340956,-15.84319480408676],[-47.756107009799834,-15.843222398551333],[-47.755968105104074,-15.843659187545708],[-47.755046651014865,-15.84417602950771],[-47.7547323331919,-15.845025542717279],[-47.75402253116678,-15.845228801831208],[-47.75362420289845,-15.845977208655778],[-47.75224117195838,-15.846919499863345],[-47.75218086805335,-15.847753599408717],[-47.75127080100869,-15.84806837257555],[-47.750735432947124,-15.848481582635815],[-47.75025886411249,-15.849333167274187],[-47.74979113290361,-15.84954486319763],[-47.749382151514325,-15.850393045473563],[-47.74846807888181,-15.850947047107594],[-47.74831988380938,-15.852458361824867],[-47.747306635372865,-15.852153905704727],[-47.746718407745036,-15.852203677404614],[-47.74669293421852,-15.853433981427068],[-47.74557557373553,-15.853565178720762],[-47.745999009017744,-15.854218382232293],[-47.74621131056379,-15.855358804459506],[-47.746537231925274,-15.855872631732865],[-47.746583933540265,-15.856605249394532],[-47.747350430039596,-15.85806884007929],[-47.74693437082418,-15.858726198405927],[-47.74692028254558,-15.859468506323408],[-47.746368902014076,-15.860059874300152],[-47.74482321312551,-15.861279841413664],[-47.74443043105573,-15.861311496463982],[-47.74422246298263,-15.86217123166247],[-47.74344376107353,-15.86208295165344],[-47.743441609608425,-15.863476594886574],[-47.743085642295625,-15.863854228553649],[-47.74346657019691,-15.865433014499358],[-47.74265598887502,-15.865359719335865],[-47.74173507557161,-15.866380071886242],[-47.741921434670566,-15.867160543448446],[-47.741443919909926,-15.868849284572045],[-47.74097531643691,-15.868780433754694],[-47.74106815193163,-15.869746208599036],[-47.74011017054634,-15.869958164785217],[-47.73981207539909,-15.870603419296335],[-47.73898816577333,-15.870402364945805],[-47.738364455590094,-15.870667422906667],[-47.73764648069252,-15.870495201027756],[-47.736728268623175,-15.871006000906764],[-47.73654029884492,-15.871993379725941],[-47.735005608030384,-15.871959078850916],[-47.73436300178514,-15.871764573760995],[-47.7339041297616,-15.872067182276576],[-47.73213264124153,-15.872406445720905],[-47.73200300356625,-15.873515967367377],[-47.730857269795,-15.873133638342415],[-47.73089324193224,-15.874055161186499],[-47.72908769827975,-15.873983433968654],[-47.72839853055671,-15.874576667200525],[-47.72766605056225,-15.874168878999225],[-47.727176814583785,-15.874635264015948],[-47.727246930786656,-15.875200934620558],[-47.72650553591132,-15.875098469963243],[-47.72646202241726,-15.874592614218042],[-47.725335155961936,-15.874456185783403],[-47.724874419934174,-15.874781113986971],[-47.72452565172006,-15.87554388228994],[-47.723830236214226,-15.874627878066992],[-47.723288033769975,-15.87475669405866],[-47.72199215109056,-15.875755525639653],[-47.72225381955304,-15.876549589515042],[-47.72178836737005,-15.876635212290951],[-47.721455166959814,-15.876051693583301],[-47.72086719804678,-15.875946735709938],[-47.720394987837906,-15.876758030515282],[-47.719822277708296,-15.876236853302094],[-47.719538408281885,-15.87735388831953],[-47.71829680899846,-15.876989984576376],[-47.717898948752385,-15.877593273329316],[-47.71670850043955,-15.877666598605138],[-47.71633599514237,-15.87719973242069],[-47.71541692069035,-15.878033223719841],[-47.71440195287838,-15.877981808941207],[-47.71458623597071,-15.87680399347305],[-47.71362916817206,-15.87603649062813],[-47.713134896238124,-15.876330743427241],[-47.71284252066429,-15.875488318561759],[-47.7114224081676,-15.876005433220719],[-47.71087132228351,-15.87594055343097],[-47.71003207931417,-15.874926314947452],[-47.709503072223136,-15.875550730765061],[-47.70976226762363,-15.877378307068977],[-47.70932906406102,-15.877734394846454],[-47.70856243910261,-15.877271772141595],[-47.70762725336596,-15.879961167784918],[-47.707957037483176,-15.88076835956201],[-47.70921934383221,-15.881929907324052],[-47.70942430254913,-15.882730477993128],[-47.709438933410155,-15.883752876697306],[-47.71032231510099,-15.884007790829873],[-47.71038631377679,-15.884618744820356],[-47.70926705335696,-15.885601639237041],[-47.7097856166345,-15.88628465599208],[-47.71099387314952,-15.886097799962087],[-47.71164524246035,-15.886514517693048],[-47.711984434633536,-15.887204393253844],[-47.71194075225622,-15.887912191834781],[-47.71142352028192,-15.888355685396075],[-47.71004292826785,-15.888149205579303],[-47.709251308584975,-15.888877169066886],[-47.70829431444818,-15.88933591256595],[-47.708149714433524,-15.889744048483568],[-47.70866535998302,-15.890529034575907],[-47.70940303493477,-15.891043624924533],[-47.709294406159046,-15.891858820260621],[-47.708793870272615,-15.89181865028319],[-47.70769058908507,-15.89129590417668],[-47.70678715340384,-15.891625726454844],[-47.70722161011627,-15.893564243278277],[-47.70698693063818,-15.89419816460254],[-47.70524905258448,-15.892783300345853],[-47.70399515356819,-15.892373505702762],[-47.70310591396337,-15.895287288868513],[-47.70232822804886,-15.895217957220128],[-47.70161094395575,-15.894273180670977],[-47.70056411829054,-15.894762149073783],[-47.70046112913816,-15.89530343641403],[-47.70139347709682,-15.896563374680579],[-47.702532760964324,-15.897291411405865],[-47.70258504111724,-15.89778318810739],[-47.70129113383314,-15.897420012459026],[-47.69941981643385,-15.897187769183477],[-47.698965691108285,-15.897534950806454],[-47.69912580412957,-15.898595120634758],[-47.699887337436955,-15.899731906716573],[-47.69935430679176,-15.900209208084295],[-47.69815261785979,-15.899245316752237],[-47.69751807579085,-15.89944829050839],[-47.69746244132868,-15.901255979636055],[-47.697681446103374,-15.901908565445924],[-47.69870089291534,-15.902541347726064],[-47.69851153434166,-15.90359729159501],[-47.69779772852532,-15.903652435468905],[-47.696698607435856,-15.90337796346661],[-47.696337138840256,-15.903605979289633],[-47.69680724339811,-15.904537554389838],[-47.69680971466345,-15.905402409540736],[-47.69620369949469,-15.905404247970381],[-47.69410966458365,-15.904577278632843],[-47.69313292278196,-15.904863510487361],[-47.69415426054761,-15.906507980902562],[-47.69404965083447,-15.907223542968454],[-47.69300056321138,-15.907215817832475],[-47.69169264310715,-15.906004562600312],[-47.69166664855778,-15.905538537089559],[-47.69221625132334,-15.904872140244233],[-47.69190531386078,-15.904054468919567],[-47.691477087863156,-15.904032411934278],[-47.69118957127669,-15.905724192355366],[-47.68998932234411,-15.906531781868463],[-47.68969614008314,-15.907139068391684],[-47.68944495765498,-15.908623245107446],[-47.68878257949034,-15.908706927719454],[-47.68842045332795,-15.907830537127237],[-47.6888730838569,-15.906887331678957],[-47.68872489147942,-15.906093538680867],[-47.68768910610906,-15.906437549897133],[-47.68745203801063,-15.906827703232187],[-47.68687224646164,-15.909042695372722],[-47.6882211459125,-15.911429825054842],[-47.687105281124445,-15.911780429898597],[-47.685642527397846,-15.91144688703579],[-47.68511242076891,-15.910766756477928],[-47.684979625515396,-15.909638134486249],[-47.68407549543645,-15.909644860854414],[-47.68334673446726,-15.910202742592993],[-47.68266525542474,-15.909881716815883],[-47.68183140324541,-15.910235121677834],[-47.681818728016744,-15.911264388556871],[-47.680585863951144,-15.911251029229756],[-47.68028713189836,-15.91180712602026],[-47.680782100924965,-15.912746502938433],[-47.68162186851044,-15.91350064308385],[-47.682481758358286,-15.914522308333135],[-47.68324417830284,-15.914604906906057],[-47.6844671591037,-15.914458677181521],[-47.68452952284566,-15.915136166452404],[-47.68338232841376,-15.915181878756536],[-47.68303968401495,-15.915407777640889],[-47.6822120320077,-15.916913207665813],[-47.68222506746079,-15.91746493832853],[-47.682636044906644,-15.918804327445613],[-47.68238110931721,-15.920895193887295],[-47.68207123276502,-15.921449946607469],[-47.681462734652804,-15.921355265515887],[-47.68097711259673,-15.9197989199418],[-47.68124156134502,-15.918875319949272],[-47.68040863083717,-15.919020188463286],[-47.679230313373935,-15.921430892562926],[-47.67790329688341,-15.922079221458906],[-47.67732059030132,-15.92354745267049],[-47.676254691606,-15.92353152076358],[-47.6753337378784,-15.924134367587207],[-47.67550077152065,-15.924756104793794],[-47.6769248608591,-15.926152002269863],[-47.67731221710456,-15.92816763160686],[-47.67726363351904,-15.928602289287461],[-47.676427460991334,-15.930224560532942],[-47.67588425692555,-15.929927784762384],[-47.67557761251173,-15.929357124882689],[-47.674488981049834,-15.928117895101156],[-47.6736302608085,-15.927804892674777],[-47.67199080577058,-15.92746370129923],[-47.671678413037256,-15.927783830834345],[-47.67173242604035,-15.928849616618457],[-47.671082950378135,-15.92911196291429],[-47.670063318513215,-15.928852118249536],[-47.67003674994037,-15.929680830202013],[-47.67109555463989,-15.930469709049133],[-47.669939929519046,-15.932289664193357],[-47.66881089812388,-15.933378191594043],[-47.66828297799433,-15.934333456546074],[-47.668347587524515,-15.934719754127437],[-47.66913581696551,-15.935934586796066],[-47.66960337120628,-15.936934985468577],[-47.66935708908798,-15.937434007321755],[-47.668301754580405,-15.938156734855289],[-47.668574041129546,-15.939231529180253],[-47.6682883301568,-15.940642589701353],[-47.66852096686593,-15.941760221345351],[-47.669193611875954,-15.943064134334605],[-47.66876910939518,-15.943334245393034],[-47.667713872803965,-15.943151342288262],[-47.66702526383303,-15.942742559914356],[-47.666378539710536,-15.943042754503846],[-47.6667969938345,-15.944083323909004],[-47.66752704927601,-15.94470721743597],[-47.66852934275764,-15.94497524463561],[-47.66879891190304,-15.945539343958444],[-47.668692869377004,-15.946174771769554],[-47.66723855711914,-15.948923590443274],[-47.666859719597525,-15.950022128061573],[-47.66658886316632,-15.951947493443573],[-47.66587697076154,-15.952638588465256],[-47.66488581099954,-15.95297930775718],[-47.664412600067436,-15.952528517627641],[-47.66383060584937,-15.95246442866069],[-47.66291731295451,-15.952962148251329],[-47.66255114886492,-15.953947435939671],[-47.66074047942542,-15.953818073011483],[-47.659962501558454,-15.954251817446544],[-47.6596587524148,-15.955322341698055],[-47.65982937302997,-15.955809170622459],[-47.661456184280276,-15.956616227851544],[-47.661846121385544,-15.957403257812258],[-47.66195070594587,-15.958356499554865],[-47.662260843009506,-15.95890453279927],[-47.66330384454654,-15.958882239142717],[-47.663572863024676,-15.95973069792862],[-47.66334600338114,-15.960556741326092],[-47.66290315460733,-15.961288789291185],[-47.661953674877886,-15.962061726370948],[-47.66197756647118,-15.962394883682006],[-47.66005047267591,-15.963195418683371],[-47.659290002075515,-15.963666254847285],[-47.65506758516855,-15.96769397546281],[-47.65442831616459,-15.968210096217886],[-47.65330376915932,-15.968796435646436],[-47.651898301896715,-15.969180431694534],[-47.65030387042083,-15.969199526112426],[-47.649048431692144,-15.968920632910446],[-47.64785620022347,-15.968346216571966],[-47.64699380677093,-15.96767968628123],[-47.64276000910763,-15.963399499788013],[-47.641880962686365,-15.96280128023221],[-47.63753822722688,-15.96055386438692],[-47.636706613649224,-15.959876307353909],[-47.63476355768968,-15.957540561005324],[-47.632577307121466,-15.95565731450053],[-47.63204566347507,-15.955072679578281],[-47.63123356579698,-15.953703630691932],[-47.630850175613496,-15.952189719351756],[-47.63061182921243,-15.949766762158275],[-47.629821902853855,-15.948051984311267],[-47.62900656046095,-15.947108708676353],[-47.62610848935318,-15.944898269502845],[-47.61838487874489,-15.939170611213129],[-47.61734935478428,-15.938637429425478],[-47.612123700266324,-15.937155776493697],[-47.61085229218683,-15.93688406860925],[-47.60934867230134,-15.936966814329665],[-47.608137277971025,-15.93741108762422],[-47.607287431288064,-15.938000230301814],[-47.606425255227826,-15.939008955007923],[-47.58728826955875,-15.969738415625],[-47.5876387858944,-15.970297416237054],[-47.58848140652921,-15.973166403110119],[-47.58944139475086,-15.974841866248468],[-47.59437727162277,-15.982848230892376],[-47.59611541018791,-15.985421035098463],[-47.59770896939965,-15.987341650727304],[-47.59830557112255,-15.988187464680541],[-47.61385102401377,-16.013316803254042],[-47.61424276403781,-16.014221292980224],[-47.6145226593174,-16.01570136781417],[-47.61488469474995,-16.020286427063304],[-47.617283966414746,-16.049813488809143],[-47.579561607373435,-16.049859515668565],[-47.45399193219446,-16.049964810648532],[-47.45174915154373,-16.04996602185817],[-47.31013553035609,-16.04999486297621],[-47.311360785691235,-16.04166682960639],[-47.31166171771815,-16.040779824367284],[-47.31169356928318,-16.039255336023835],[-47.31113468063254,-16.0374516516926],[-47.310795099488836,-16.036830485624733],[-47.31094066609074,-16.03626704959377],[-47.31257308103177,-16.035838097762742],[-47.31451984613514,-16.035721465424153],[-47.31626399083627,-16.03605795166362],[-47.31798392324554,-16.035971945441155],[-47.318744507931996,-16.035379472950858],[-47.32005884290565,-16.032315311044353],[-47.32154388922434,-16.03053811298054],[-47.32301313866874,-16.02967992472804],[-47.32516875219419,-16.0287887641788],[-47.3273776304261,-16.0280538378927],[-47.32839260901785,-16.027604844497713],[-47.328768269198314,-16.027118945841366],[-47.3289799446186,-16.025936149034447],[-47.32927392009196,-16.025527026403946],[-47.330257079458036,-16.024910183400618],[-47.330640925985676,-16.023261152132914],[-47.33128664938495,-16.022595624329288],[-47.333351253690644,-16.021969063092552],[-47.33409495454132,-16.021238785396847],[-47.33482613826683,-16.020857451995006],[-47.336094240546075,-16.01990841863724],[-47.33645953147322,-16.019373099099255],[-47.33682292066689,-16.01829264620809],[-47.33773376834754,-16.01829415376904],[-47.339439063607585,-16.01925983833498],[-47.34024273868157,-16.019422343227628],[-47.340636790070846,-16.01919784126062],[-47.34054861683245,-16.017416534644546],[-47.34065921381696,-16.016584982467187],[-47.34051168349786,-16.01572303259144],[-47.33982389379047,-16.014607063394582],[-47.33994960403132,-16.013248352569697],[-47.340683898622665,-16.012724766874708],[-47.343482618754955,-16.011831422881695],[-47.34464850892455,-16.011745115226518],[-47.34549285073146,-16.011317121787144],[-47.346002072428355,-16.010691084672814],[-47.3461277638046,-16.009805312016283],[-47.34650243583825,-16.009060233861454],[-47.347189871609416,-16.00862247217619],[-47.348518288573466,-16.007467682510907],[-47.349706137161874,-16.007145467228916],[-47.3511295204245,-16.007151210268816],[-47.352323853950935,-16.007383367618058],[-47.3536488213843,-16.007464811427273],[-47.355419045076445,-16.008007443774073],[-47.355779760883834,-16.00844564027427],[-47.35662242733274,-16.008767425173364],[-47.35725151572957,-16.008760518211332],[-47.359697147649555,-16.00828653546616],[-47.36031277389355,-16.007741016391837],[-47.360386718716164,-16.006612377531084],[-47.36182552245897,-16.006586667189367],[-47.363384369869806,-16.00560202207735],[-47.364572029812,-16.004688156329472],[-47.365127772562516,-16.003779553749126],[-47.36491209335101,-16.002148096448078],[-47.365451753563,-16.00151004076374],[-47.36610762433171,-16.00142710756257],[-47.3676112963195,-16.001695899881746],[-47.36865236468205,-16.002437307977292],[-47.36911323455879,-16.00248412378814],[-47.37002682569432,-16.001107624185156],[-47.370483866052986,-15.999504880363203],[-47.37022938051952,-15.997414969702325],[-47.370305961897486,-15.996077806244505],[-47.370617248804685,-15.99528708994437],[-47.371393478550125,-15.994583494760082],[-47.37268264272952,-15.994317206641083],[-47.37321177378807,-15.994032604172467],[-47.37360362071163,-15.993395705632715],[-47.37437910844863,-15.990528433726773],[-47.37486900828209,-15.989084782291673],[-47.37567931022793,-15.987154976867554],[-47.37633885061459,-15.986183644759139],[-47.37641564489329,-15.985273219672177],[-47.37584775422518,-15.984247044295046],[-47.37587326548093,-15.983466225417787],[-47.37650176997283,-15.982565089704899],[-47.37631832680529,-15.982133961106378],[-47.37562844043003,-15.981801247715989],[-47.37374180316189,-15.981198868795193],[-47.37385933693703,-15.979958144238394],[-47.37433689751175,-15.979710113090302],[-47.37508333193584,-15.980345706271263],[-47.37556074339022,-15.980393205182057],[-47.37600737407138,-15.978983400480466],[-47.37641418153768,-15.978277714996715],[-47.37725529569777,-15.978420119034652],[-47.378720160465285,-15.978127400185091],[-47.37891998531035,-15.977893411682675],[-47.3777962863147,-15.9757474360293],[-47.377718036765245,-15.974947652475299],[-47.378131725326625,-15.974030234415155],[-47.37892659691083,-15.974127785516481],[-47.378667222745584,-15.973240944032854],[-47.37706075923479,-15.971740865558608],[-47.377368963123935,-15.970895354307252],[-47.378343923566405,-15.970184385027471],[-47.37854771357513,-15.969473618771104],[-47.379223518858325,-15.968311631595144],[-47.37838210376262,-15.968073105208122],[-47.37703911253139,-15.968935438466287],[-47.37618188978162,-15.968852845853796],[-47.376195740905,-15.967633191375986],[-47.375346047833936,-15.966673524102406],[-47.37540915268602,-15.966364797387365],[-47.37683618400702,-15.965002900826141],[-47.37713090777701,-15.964392176666466],[-47.377038464846066,-15.963845567947578],[-47.37752299365244,-15.962909802901159],[-47.37848651045651,-15.962574225558145],[-47.378215140188956,-15.961967954037936],[-47.37696450565041,-15.961963704731096],[-47.37600826070856,-15.961502114602329],[-47.374310814927476,-15.960051755386012],[-47.373457920260755,-15.960267714534169],[-47.37317098757922,-15.960043602166369],[-47.373001983931566,-15.959069618233489],[-47.37348195648281,-15.958214693607822],[-47.37438688157079,-15.958541721627185],[-47.37481360289031,-15.957858759677242],[-47.375075466287214,-15.956840239545025],[-47.37479343211892,-15.956331730687877],[-47.37325258425142,-15.95626029971863],[-47.37182581164522,-15.955810980951881],[-47.37192708052383,-15.954715431543828],[-47.37236269157141,-15.95416447871805],[-47.37240063191743,-15.953550212238834],[-47.37107427299369,-15.952170441930818],[-47.370573368798,-15.950733110164855],[-47.37115285312317,-15.949793467048112],[-47.371262800625736,-15.949090961770073],[-47.37085374916786,-15.948391968583458],[-47.37138977479621,-15.947524369633044],[-47.371409518867836,-15.946672486245463],[-47.370714133904706,-15.945874451442078],[-47.37046538591097,-15.946278853413098],[-47.37065629677346,-15.946924740561427],[-47.370060278057174,-15.947279186676237],[-47.36871644240958,-15.947305802931842],[-47.36846518631956,-15.946810112056298],[-47.36928479301511,-15.946200550336014],[-47.36978654342379,-15.945514322816749],[-47.37012970884549,-15.944558551389928],[-47.36992465311053,-15.942970281421271],[-47.37075906853354,-15.942926247688074],[-47.37037568014669,-15.941670522544577],[-47.36907555382587,-15.941097970714566],[-47.36966593741038,-15.940643990739739],[-47.371063710602584,-15.940390750732698],[-47.37183702351828,-15.940818170312683],[-47.37255815240082,-15.940696878636075],[-47.372572441902044,-15.94000705453046],[-47.37184466997798,-15.938659727924628],[-47.37096173474984,-15.938790517231615],[-47.370038893661835,-15.93614259308057],[-47.37108394695099,-15.936047063764127],[-47.37170675163241,-15.93670012480409],[-47.37267821313685,-15.938481456472568],[-47.37321117101851,-15.938638310481855],[-47.373592272294644,-15.937326446939657],[-47.37313004596183,-15.936092849049324],[-47.372163766838256,-15.935300747026075],[-47.37144423785524,-15.935141215232044],[-47.37049138585023,-15.935368524699264],[-47.36943396455625,-15.935331663115083],[-47.36893743156274,-15.935092229365473],[-47.36847340680273,-15.933532496191683],[-47.36819147773733,-15.933093175140064],[-47.366934590924394,-15.933038621551306],[-47.365212254623415,-15.933530915432668],[-47.36505241199502,-15.933098838243135],[-47.366130627491195,-15.931371417683856],[-47.36597212245426,-15.930760471868483],[-47.3653145799208,-15.930433189500185],[-47.364703170368756,-15.930652892360877],[-47.364921551712634,-15.931293154570234],[-47.364158017857115,-15.931204865151697],[-47.36299391623325,-15.93191391250655],[-47.362426665165636,-15.931440292861158],[-47.36434976055957,-15.930326287049336],[-47.364393518395374,-15.929878851180106],[-47.363251476699936,-15.929732275818498],[-47.36210720269103,-15.92928486194843],[-47.36216694694563,-15.928846471439288],[-47.36272115357701,-15.928241966396842],[-47.3621284182031,-15.927714391186797],[-47.36187805593677,-15.927129539194906],[-47.36216157142697,-15.926660205827558],[-47.36145406819067,-15.926234038887651],[-47.361266093022515,-15.925552996940011],[-47.361854013426516,-15.925509918244323],[-47.36231877570337,-15.924454957675033],[-47.36234459148801,-15.923050311445351],[-47.3619229672094,-15.92217852554298],[-47.362208109548575,-15.921532026611107],[-47.36390224683448,-15.919828773276503],[-47.364769486697966,-15.919383147998737],[-47.36583611033372,-15.920786245062958],[-47.36627496519779,-15.921096349825362],[-47.36714708381159,-15.920612026510357],[-47.36733893341356,-15.91982675184012],[-47.36838117946744,-15.919378364785862],[-47.369194908486094,-15.91859224561421],[-47.368986585578455,-15.918066810774276],[-47.36833881132539,-15.91815005579175],[-47.36857004217109,-15.917173951520247],[-47.368051950509084,-15.91658783435572],[-47.368276700010014,-15.915864461609804],[-47.36789928811475,-15.915345796782342],[-47.36786594714298,-15.914713802930127],[-47.36725103775459,-15.914193784014975],[-47.36625071607501,-15.912698444612575],[-47.36668806805761,-15.91234704140458],[-47.367886839261544,-15.912378905263319],[-47.36798774791572,-15.91154951719635],[-47.36717126376409,-15.911642628024882],[-47.365942090876,-15.910820334725583],[-47.36584644545107,-15.910111136017282],[-47.36546893563944,-15.909544104397161],[-47.36574040741661,-15.90917663736247],[-47.367010837230765,-15.908613412085083],[-47.36724778675158,-15.908045473451745],[-47.36802960491639,-15.908394085972894],[-47.369209471075166,-15.90807097873448],[-47.37091488670946,-15.907873820041578],[-47.37200664341023,-15.906591287726554],[-47.37318298637647,-15.906423716821445],[-47.374642522337716,-15.90695884847052],[-47.37484360572249,-15.906664881482994],[-47.374018907375905,-15.905287060141868],[-47.3739046731128,-15.9043203076265],[-47.37346978071744,-15.903509361495246],[-47.37339139642071,-15.902817322388952],[-47.37238651129948,-15.900126247650697],[-47.37271405771332,-15.899542558584905],[-47.37377611251754,-15.899310825762393],[-47.374836905188786,-15.899285754799324],[-47.37521690333375,-15.89984370415751],[-47.375671549682195,-15.899700960094352],[-47.37575772596571,-15.898305581281774],[-47.37476875988965,-15.897388289646731],[-47.376038816902955,-15.89682492076523],[-47.3765472247262,-15.89679533443387],[-47.37739279632674,-15.896314675382348],[-47.376104105559484,-15.895685026987794],[-47.375710790788744,-15.894797323857384],[-47.37643709306901,-15.89414163059765],[-47.376573062968724,-15.893658533119323],[-47.37617075246873,-15.891890436810973],[-47.376618631808135,-15.891269137077472],[-47.37712870690456,-15.891222309117042],[-47.37768746709612,-15.89159574106283],[-47.378037176744655,-15.891314516125487],[-47.37723367145225,-15.889504822205513],[-47.377455234628876,-15.889176230234295],[-47.377009330684764,-15.887984048011742],[-47.3773203193513,-15.887497674150554],[-47.37791925399899,-15.887493175299387],[-47.377890886998955,-15.888204692374487],[-47.378626944084886,-15.88784060692789],[-47.379011216413964,-15.88668424877594],[-47.37891321650467,-15.88635659742252],[-47.378098087012496,-15.88589095321827],[-47.37811595001192,-15.88502043095385],[-47.3787258333263,-15.884494515271554],[-47.37851866385548,-15.884006607128535],[-47.37706918633047,-15.883343499999262],[-47.377016138117995,-15.882828328353952],[-47.37783433805182,-15.882107675964491],[-47.37832523591356,-15.881933054965254],[-47.38022973348616,-15.881936945667436],[-47.38068926217818,-15.881362577675848],[-47.38006414702984,-15.880505969192217],[-47.37937351954446,-15.880491821554678],[-47.378552091963826,-15.881157213059502],[-47.37841821603703,-15.880725743895765],[-47.37771080892047,-15.880601261376503],[-47.37725976301968,-15.881595221975205],[-47.3765311197298,-15.881204761368089],[-47.3758522341235,-15.880182314301729],[-47.37496618263963,-15.879430048630098],[-47.37471576647441,-15.87871697379278],[-47.37497046041702,-15.877929681315088],[-47.374610045545246,-15.877500406820108],[-47.373527565746414,-15.87714208507261],[-47.37391757831016,-15.876283689067975],[-47.37367564763111,-15.87568837849891],[-47.372054295442794,-15.874250278410189],[-47.372045680599214,-15.873595772850981],[-47.37330770308063,-15.873092353445244],[-47.37206897840611,-15.872619089496625],[-47.371512364289764,-15.87089622666103],[-47.37166877265883,-15.870610214366847],[-47.37254538734063,-15.870793213721027],[-47.373305309070396,-15.869238314880805],[-47.37151731760024,-15.8685194120315],[-47.37124993136098,-15.868000675285495],[-47.37160194069664,-15.867033018733794],[-47.37079231787715,-15.864976020798254],[-47.37119086533442,-15.864903289724287],[-47.37189901086615,-15.865400114934674],[-47.37367597821113,-15.865321859849894],[-47.37435682573801,-15.86468530200039],[-47.37440605161895,-15.864261058599173],[-47.37290843337787,-15.862841048264254],[-47.37211484189294,-15.862387086892904],[-47.37149630420911,-15.862406161218392],[-47.36984330616997,-15.861443663352675],[-47.369831856243366,-15.861032046479394],[-47.37067186817059,-15.860165064252875],[-47.37018930577638,-15.859733975290757],[-47.36982727393709,-15.858296659202376],[-47.36937399572283,-15.857325574739265],[-47.36977783785038,-15.856201136298797],[-47.369627730264725,-15.855416723327599],[-47.37089604454638,-15.854961942458974],[-47.36873472761719,-15.854033751021387],[-47.368104901703504,-15.853351428616874],[-47.367925075153295,-15.85193154454879],[-47.36891690326186,-15.850514224819374],[-47.369382882755936,-15.850048763103215],[-47.368776944842274,-15.849156273647363],[-47.36888314277685,-15.84877024992376],[-47.37038496243852,-15.84901625813436],[-47.37115568281631,-15.848773960655187],[-47.37113131870918,-15.847644381995073],[-47.370188688633775,-15.847216452486382],[-47.369166771454765,-15.847712400917606],[-47.3687825233802,-15.846788105538034],[-47.36901901026863,-15.846241609967505],[-47.36972770556932,-15.845874933959461],[-47.3700844005175,-15.846194092300916],[-47.37082312649814,-15.845854287857561]]]},"properties":{"nome":"Paranoá","regiaoSaude":"Leste","macrorregiaoSaude":"Macrorregião 3"}},
{"type":"Feature","geometry":{"type":"MultiPolygon","coordinates":[[[[-47.90780325795605,-15.912481641206819],[-47.908355053509204,-15.91201132160205],[-47.909138044873785,-15.910740186347581],[-47.90921875580711,-15.909911570760089],[-47.911117955116175,-15.909515833074234],[-47.911888246099274,-15.909651338417582],[-47.91238890325825,-15.909362329008312],[-47.91272764357885,-15.908706126011433],[-47.91333073293473,-15.908367278817323],[-47.91227702527613,-15.907391366334057],[-47.911969209459194,-15.906365714997735],[-47.91143701155227,-15.905335928872487],[-47.910969811247725,-15.903755066152915],[-47.91082989594729,-15.902317019706786],[-47.91084468760675,-15.90099647476163],[-47.910577107331385,-15.900035083144552],[-47.91006442262906,-15.899328173875196],[-47.91008522132284,-15.898928376386626],[-47.908895956091236,-15.89771569841093],[-47.90836309163437,-15.89691127965182],[-47.908785971757744,-15.8959653853087],[-47.907965753309476,-15.895469050196958],[-47.90736767116299,-15.894679003232284],[-47.90737432408597,-15.893964583633881],[-47.906609578403135,-15.89277591074266],[-47.90656059147407,-15.891792820674157],[-47.905883351581366,-15.891454011512469],[-47.90547704806994,-15.890911519789002],[-47.90612228997222,-15.889402449497394],[-47.906279805964026,-15.885992830044115],[-47.90649372447758,-15.885264037044676],[-47.90579768643924,-15.884653564539372],[-47.90592323947492,-15.883864033275113],[-47.90565344575071,-15.88332614878049],[-47.90603858585236,-15.882657743823476],[-47.90608875676097,-15.881336718212344],[-47.90724140306833,-15.881371355325186],[-47.907890078331626,-15.881709263860989],[-47.90831854507774,-15.881323076953038],[-47.909511054125836,-15.881696541086018],[-47.90983959317807,-15.88218817790318],[-47.91048235573016,-15.882144877366695],[-47.91095647216408,-15.88247061226058],[-47.91186070285434,-15.882409714240712],[-47.91366666422344,-15.882888021802817],[-47.915149426126355,-15.883044401654697],[-47.916201958788555,-15.883433307782433],[-47.917912488531755,-15.883548429513215],[-47.919423621027974,-15.883387418051052],[-47.92059511039673,-15.884127998688928],[-47.92129096967032,-15.884131705313493],[-47.92191425045885,-15.884515241226003],[-47.923780870567505,-15.88489976656539],[-47.92545757874026,-15.886407884782209],[-47.927007450184796,-15.886917685265463],[-47.927769307784,-15.887687795664409],[-47.93144010880085,-15.890536001771682],[-47.932248839593264,-15.890707539516027],[-47.933331221475726,-15.891352672256732],[-47.93384917479719,-15.89208110021147],[-47.93437814775225,-15.892167362640322],[-47.93546210797467,-15.893221085251774],[-47.936552541457026,-15.89346001768076],[-47.9382084096135,-15.89417873819492],[-47.938659061153885,-15.895011528506254],[-47.94000183409449,-15.895520604791988],[-47.9410381979799,-15.896156845742132],[-47.946074343905515,-15.89510431954869],[-47.94657901653382,-15.894236106786018],[-47.95187303014994,-15.884524445560519],[-47.956258304431394,-15.881282101327933],[-47.9560938597338,-15.880061855246009],[-47.94897676196094,-15.876006605736439],[-47.94811101240251,-15.875553042967818],[-47.93662616647939,-15.870059379147072],[-47.93617496427174,-15.869174614972502],[-47.9366180915233,-15.868035717354283],[-47.936543290606224,-15.866715117776836],[-47.93499327453294,-15.861064292622556],[-47.936084911757774,-15.86172335212563],[-47.944175746467685,-15.866937318331024],[-47.95176676753667,-15.871790387793592],[-47.95523178428487,-15.873763178404458],[-47.95626882190673,-15.874286585236192],[-47.957290104875156,-15.874576053720737],[-47.95874374249824,-15.87455138923969],[-47.95909885820816,-15.87675351500729],[-47.96196980558424,-15.8763304773003],[-47.96230399593792,-15.878468888378425],[-47.96393512359316,-15.878931545487504],[-47.96394736403722,-15.880611009364886],[-47.968650306857654,-15.880622925204326],[-47.96888547771419,-15.880330598553012],[-47.968870580053526,-15.879394097849625],[-47.97078567684817,-15.879379837809376],[-47.97075996436979,-15.882904307722299],[-47.96449999053202,-15.882947269399601],[-47.96334669474271,-15.882834068042957],[-47.96231899331159,-15.882446764383225],[-47.96104327960693,-15.882258411759658],[-47.96101734973625,-15.883752401488138],[-47.962260430341594,-15.883674440384794],[-47.97477249709714,-15.883608667943518],[-47.97652143970022,-15.883181766053248],[-47.9778189375505,-15.882273673862791],[-47.97901513148789,-15.880528236987617],[-47.9800974684546,-15.880908965621392],[-47.98071453469799,-15.880846356351595],[-47.98108328324064,-15.881245587532181],[-47.98256754802503,-15.8821408976741],[-47.98307149661122,-15.882249826826136],[-47.98391804827372,-15.881794514640804],[-47.98495077128728,-15.882752389565919],[-47.986331536676204,-15.883533119121717],[-47.98666727482712,-15.88347395809909],[-47.98790027004675,-15.884318073272123],[-47.988601644077875,-15.88573738014769],[-47.98890347082681,-15.88713234931011],[-47.988659073373995,-15.888466500745963],[-47.98905705758757,-15.889709086222501],[-47.988959168171064,-15.890916763319632],[-47.98857882507302,-15.891372462674424],[-47.98880755500898,-15.893124053808506],[-47.98922198917205,-15.893849650158556],[-47.98923573609084,-15.894412638584216],[-47.988895273699846,-15.895064839665693],[-47.988765399767644,-15.896229002226375],[-47.987684373442946,-15.8981589604258],[-47.98752712874235,-15.898932980384227],[-47.98789675943062,-15.899640710929553],[-47.98773719438165,-15.900018772692878],[-47.98794749627787,-15.90104506980123],[-47.98751096625376,-15.90139491779981],[-47.987630844631795,-15.90280390202508],[-47.986788288675676,-15.903952478560447],[-47.98636961176952,-15.904174971498039],[-47.98569144122219,-15.905010755393278],[-47.98623186410386,-15.906992734748897],[-47.98507215703837,-15.90873231888223],[-47.98444507547787,-15.909845996954996],[-47.9838182364625,-15.912129051492174],[-47.98395562929363,-15.912437125644802],[-47.983956812374856,-15.91386870779794],[-47.98322778999592,-15.915071686299028],[-47.98316499057104,-15.915508550163823],[-47.98233298622625,-15.916359956792897],[-47.981945305688974,-15.917035980570427],[-47.981982447432706,-15.918385935060437],[-47.98175562372179,-15.92005337719183],[-47.98188929932427,-15.920789242648732],[-47.98168951580171,-15.921610528497833],[-47.982115965830026,-15.922012445686894],[-47.982261977097984,-15.923036093373245],[-47.983169984305704,-15.923914517650612],[-47.98359515782799,-15.925023727586192],[-47.98381578136683,-15.926354982542126],[-47.98340100135238,-15.927500876170525],[-47.983485200443965,-15.928089589247504],[-47.98445194489484,-15.928908452450758],[-47.98465705902031,-15.929333964984375],[-47.98570981087143,-15.930237765702593],[-47.98673561236573,-15.93074081662856],[-47.98909555938065,-15.932743216482786],[-47.98983057442084,-15.932915776368816],[-47.991286606952485,-15.933763529602848],[-47.99316508751783,-15.935368591211466],[-47.99380368278532,-15.93638751410146],[-47.99461791126726,-15.936772392842583],[-47.995955435351675,-15.937772307937575],[-47.99660615068898,-15.938041044068319],[-47.9966528011,-15.938645956668985],[-47.99708156429016,-15.939624344027107],[-47.99840583283424,-15.941256246170157],[-48.00080497693827,-15.943387067798001],[-48.00103217075509,-15.944204175613079],[-48.0018478545078,-15.945741717270087],[-48.000068167962446,-15.947582899406836],[-48.010946480388874,-15.957334168716287],[-48.01804907845474,-15.963724246157078],[-48.0193078840691,-15.96497440153531],[-48.02072421645507,-15.966143723295877],[-48.015965911362,-15.971540044555745],[-48.01487079136881,-15.972623339380618],[-48.01309953012251,-15.974074475492868],[-48.01145621682044,-15.975165440258335],[-48.010236310054495,-15.975834756709938],[-48.00808595257177,-15.976822898402006],[-48.006744392356794,-15.977286045715529],[-48.00452534609419,-15.97782837567749],[-48.00296834472125,-15.978089046373936],[-48.000813836123605,-15.97825173070077],[-47.998682812182416,-15.97819545872896],[-47.99662324832378,-15.977962564501581],[-47.99082632367563,-15.976827206983009],[-47.988722579773,-15.976588169981564],[-47.97925568594793,-15.974777338790341],[-47.97632884000498,-15.974463950626028],[-47.97348958249717,-15.9744504158735],[-47.970471133548074,-15.974733419136557],[-47.968456330045086,-15.975091568497005],[-47.966858626904944,-15.975486364153003],[-47.964514580070556,-15.97625088487213],[-47.9485032905174,-15.981899528220536],[-47.946439233285716,-15.982609986952122],[-47.94394253932836,-15.983288388494127],[-47.94113818047102,-15.983770115579517],[-47.938108136966534,-15.983977510010552],[-47.936468920880486,-15.983950467699186],[-47.934456629067036,-15.983796550814267],[-47.93134079555462,-15.983282839939495],[-47.92796292077887,-15.982308839524904],[-47.920045149203375,-15.97943702932227],[-47.9112270357445,-15.976198506395152],[-47.90897000781337,-15.975398515647123],[-47.892388103001856,-15.969338810201828],[-47.887466888432,-15.967536782318138],[-47.88746046817268,-15.963978939610717],[-47.887301903846925,-15.963096020899755],[-47.88743348008659,-15.962380407567792],[-47.887390015999884,-15.960836236935947],[-47.887704888083384,-15.959002513614987],[-47.88725874069585,-15.957815914208089],[-47.887414686432535,-15.957048191323938],[-47.88807810484627,-15.955833520242845],[-47.88860770392707,-15.954243479156208],[-47.88881352323003,-15.953149997558183],[-47.889735045591195,-15.951573617450926],[-47.89075764728645,-15.950914411048483],[-47.891251355078396,-15.949954450350509],[-47.892147151486455,-15.948891042259538],[-47.89300512163454,-15.948754754078486],[-47.8939922713171,-15.947524551018967],[-47.8944548785356,-15.947403256488286],[-47.89577700190278,-15.946405756935293],[-47.89598249781222,-15.945521900505428],[-47.89644192589292,-15.945186300957447],[-47.896729217900564,-15.944414724857946],[-47.8963425425781,-15.943318328013216],[-47.896305709854815,-15.942431966015938],[-47.897300641642694,-15.94088318637338],[-47.89808074851688,-15.938659485202258],[-47.8982763387037,-15.937625702925716],[-47.89811819928108,-15.937211517533978],[-47.89873909594084,-15.935227881574908],[-47.89940856001644,-15.93478725385412],[-47.89967255960709,-15.93420398767524],[-47.90046458532847,-15.934065533468859],[-47.90105234044246,-15.932856525356778],[-47.90168526195062,-15.93242280720872],[-47.902707390233715,-15.930826227157889],[-47.90273687563629,-15.9302354843621],[-47.90343366915777,-15.929558117720372],[-47.904192036802094,-15.928302469589953],[-47.9044958362514,-15.926898256275544],[-47.90557590137875,-15.925520188405246],[-47.90632517268251,-15.923812738646427],[-47.90629025965899,-15.92300600641244],[-47.906912883779036,-15.921776088646565],[-47.9065793069747,-15.91906851307525],[-47.90669560197306,-15.918508403847612],[-47.90586941152479,-15.916631284703687],[-47.90607388874471,-15.915485481103703],[-47.906913304190596,-15.915181445951815],[-47.90704899381594,-15.914504935614836],[-47.90790475590506,-15.913053809873393],[-47.90780325795605,-15.912481641206819]]],[[[-48.00084664259778,-15.817796445740777],[-48.00184408158361,-15.818160814041047],[-48.0031188861932,-15.818082952051858],[-48.00382795249809,-15.819124890726647],[-48.00543705795414,-15.819855645187204],[-48.01072415903416,-15.82208088232459],[-48.01115149749628,-15.821154098066286],[-48.013655280059545,-15.822199899806181],[-48.01189689436622,-15.826111706066134],[-48.011575834687044,-15.82696861120879],[-48.008569035988856,-15.833714270171225],[-48.00862501899736,-15.834402786323839],[-48.00816117030714,-15.834677098189387],[-48.00784396080728,-15.835376534851402],[-48.00529110238172,-15.83431293769261],[-48.00362584144063,-15.83805953829369],[-48.01088513982801,-15.841126605905638],[-48.00802678683222,-15.84743715444171],[-48.00763621012647,-15.84727594821484],[-48.006454854560936,-15.849917265387381],[-48.00640721959637,-15.850212328865826],[-48.00313450699767,-15.848866976070223],[-48.00195125778352,-15.84831239751063],[-48.00103080441754,-15.84695263663347],[-47.9998669210843,-15.846424755010354],[-47.99875671658085,-15.848650916255925],[-48.00064467976234,-15.85041966591044],[-47.998004265240986,-15.853029946665401],[-47.997436724915836,-15.853765990616314],[-47.996089218752005,-15.855008523061663],[-47.996463391322344,-15.855366185929602],[-47.995211478481146,-15.85670419951902],[-47.994561506948905,-15.856597060869463],[-47.99088318254154,-15.860187132956455],[-47.990560266942985,-15.859868925676793],[-47.987946397638275,-15.862435672239753],[-47.98830829203533,-15.86275669677759],[-47.98677975557879,-15.864291813653228],[-47.98654475540215,-15.864780642279264],[-47.99194748403228,-15.86621661601263],[-47.99142721215907,-15.868017641578623],[-47.99183482721081,-15.868469075792072],[-47.99387214968134,-15.869001704010314],[-47.993327121137206,-15.871203641576647],[-47.993356137619195,-15.871914993270522],[-47.99209724486823,-15.876511181732775],[-47.98524946471252,-15.8759024220287],[-47.984210350185705,-15.875744744875316],[-47.982966508707335,-15.875364091157525],[-47.97895250004796,-15.87336095656747],[-47.97738853044336,-15.86987883051068],[-47.97714264088885,-15.86893608749731],[-47.977046211234686,-15.867413097153213],[-47.97725620770371,-15.866249050562711],[-47.97791901346641,-15.864740635400526],[-47.97744543063178,-15.864327000671425],[-47.97501705085683,-15.866584289363203],[-47.96945681342142,-15.867214151450334],[-47.96917522661415,-15.864859848945686],[-47.96495747016687,-15.865338199899146],[-47.964106934476085,-15.864737014829021],[-47.96347130095409,-15.86532750239481],[-47.96025985794934,-15.863847778896199],[-47.96060272513035,-15.863397654684857],[-47.96163199052838,-15.863804769077179],[-47.96221233633791,-15.864275092450981],[-47.96334885339434,-15.86324742669921],[-47.9633587483372,-15.862692852243525],[-47.96438348532788,-15.862619998506819],[-47.965180212831456,-15.86178401444634],[-47.96682324496085,-15.86089647557324],[-47.970163147051224,-15.861635167836893],[-47.97074347579275,-15.861114695519323],[-47.971141362988284,-15.86174016340704],[-47.97179894684425,-15.86159356691208],[-47.97155077197566,-15.860056454120041],[-47.971869640663854,-15.859395145046854],[-47.9727924664805,-15.85939169979596],[-47.97333389906855,-15.858671331710708],[-47.974107573107,-15.858872688105691],[-47.97496630772138,-15.858774886601372],[-47.975600093408836,-15.85921461537607],[-47.976727273376206,-15.858322838756418],[-47.97711102558075,-15.858413333436395],[-47.97774848358109,-15.857798674113127],[-47.97771871880246,-15.857009004794444],[-47.979261731609796,-15.854957656324025],[-47.9792640645346,-15.853832058828653],[-47.979589730774535,-15.852944684583601],[-47.980930273198304,-15.851897157302293],[-47.98132779118626,-15.851361480967089],[-47.981696364557436,-15.850284407611412],[-47.98296371404848,-15.85011122120441],[-47.983820368164665,-15.850218481688096],[-47.98440903956025,-15.850604844848402],[-47.98517709463659,-15.848593649620447],[-47.98571352540513,-15.847832868068052],[-47.98640033954212,-15.847552567215445],[-47.98803094707282,-15.847436676554407],[-47.98880228010163,-15.846766491653312],[-47.98999620489462,-15.84539562082072],[-47.99005411299277,-15.844836271072683],[-47.9894835498367,-15.844396598245947],[-47.98983282110737,-15.844059551853718],[-47.99000069108115,-15.842853856454173],[-47.99023283731013,-15.842638103905792],[-47.98991654768511,-15.841323041776793],[-47.99032671664721,-15.840683981531134],[-47.99111464155933,-15.840142673671295],[-47.991778755269095,-15.839206779674935],[-47.991598491239344,-15.838100512330918],[-47.99193060109483,-15.837126279146233],[-47.992423629760424,-15.83709745579686],[-47.99312542060983,-15.835567651836735],[-47.993296476907915,-15.83459935145497],[-47.99313798804066,-15.833839738332692],[-47.99362315734582,-15.832570215145083],[-47.99418908609335,-15.832550820825206],[-47.994454750262214,-15.83207700977869],[-47.99513745730173,-15.831840893753272],[-47.99533882635077,-15.83092163167684],[-47.99514375269525,-15.829814161733095],[-47.995563311747006,-15.829578211591985],[-47.995156964218125,-15.828018700688217],[-47.99547690639309,-15.827233946604265],[-47.99638447971453,-15.82666910258053],[-47.996578196015655,-15.825477074601439],[-47.99587959867708,-15.824114498899126],[-47.99630697486844,-15.823066006198667],[-47.99737430637664,-15.822600191692743],[-47.99803860244441,-15.821944086505557],[-47.998490069655055,-15.821970411650655],[-47.99876578597196,-15.821407159622913],[-48.00011950488431,-15.820286865094436],[-48.00040514489014,-15.819697542226589],[-48.00018460130138,-15.819247762101732],[-48.00038074844366,-15.818058307460275],[-48.00084664259778,-15.817796445740777]]]]},"properties":{"nome":"Park Way","regiaoSaude":"Centro-Sul","macrorregiaoSaude":"Macrorregião 2"}},
{"type":"Feature","geometry":{"type":"Polygon","coordinates":[[[-47.37082312649814,-15.845854287857561],[-47.36961899055532,-15.845046641735602],[-47.368341802715285,-15.84290674931536],[-47.36846237010114,-15.841829989486083],[-47.36896919778782,-15.841513249184233],[-47.36987722206352,-15.841761733520066],[-47.37026439864593,-15.8412456389592],[-47.36950126633733,-15.841051110301413],[-47.36807942458373,-15.840227787332642],[-47.36776782775776,-15.839303834481145],[-47.36818617228726,-15.838617431608242],[-47.36757051100897,-15.83840886217621],[-47.36699473852256,-15.838713786687851],[-47.36691334486961,-15.837317588924526],[-47.36783038553583,-15.837460501621631],[-47.36796744958357,-15.836736148126416],[-47.36786135675188,-15.835505920369354],[-47.36720847377979,-15.835471381678587],[-47.3667602665553,-15.83597711428962],[-47.366380031255105,-15.837378963781493],[-47.365908325001094,-15.83722796196488],[-47.36539494410443,-15.835154465473035],[-47.36616453709654,-15.83516298413764],[-47.3662335304053,-15.834502256362155],[-47.36494578736068,-15.834125025810938],[-47.36562281435266,-15.833488415357811],[-47.36626462019898,-15.833672886462884],[-47.366552143073655,-15.833356352019392],[-47.36570224518672,-15.832811331645727],[-47.366098227055524,-15.831899534958328],[-47.36592682849931,-15.830314853532915],[-47.36665538644925,-15.830146943507476],[-47.366671505818715,-15.829465312153905],[-47.36739822581558,-15.828815702497593],[-47.36692981098877,-15.82783567982864],[-47.36607163871975,-15.827333513511558],[-47.36485686133408,-15.827869720284676],[-47.363390896130355,-15.827834629757357],[-47.36242203075708,-15.82747746433043],[-47.362125813088774,-15.827033106594023],[-47.36280398004284,-15.825900148925816],[-47.363021849347014,-15.82523308171097],[-47.36284583524687,-15.824696735709948],[-47.36102102273154,-15.82420058816138],[-47.36027058182128,-15.823524463790054],[-47.360883273269245,-15.822413602503218],[-47.36067873406557,-15.821434136507728],[-47.359944985649925,-15.82146110042469],[-47.359514768087315,-15.822151279712351],[-47.358961751723676,-15.822579380727658],[-47.359285627621276,-15.823636115077605],[-47.35801126498281,-15.824117751155049],[-47.35709420365534,-15.823816130339832],[-47.357258785795175,-15.82291937902879],[-47.35794664107958,-15.822953692560027],[-47.358269759697386,-15.822239946229677],[-47.35723086166457,-15.822173564319602],[-47.355865475433305,-15.823574153525387],[-47.355435124920035,-15.82348737862645],[-47.35455416239226,-15.82179397200833],[-47.35473007049119,-15.821261473319876],[-47.35587138814451,-15.820854477108991],[-47.35618435939286,-15.820272322576079],[-47.35513732891177,-15.82042987540021],[-47.35485513574168,-15.820172842941306],[-47.355761490049275,-15.819617327363792],[-47.3561345271491,-15.818658289275367],[-47.35545291785087,-15.817761657698362],[-47.35517700120967,-15.817037531784809],[-47.354515624666575,-15.817732259421023],[-47.3534343414237,-15.818444419257414],[-47.35296697043925,-15.818145195319255],[-47.353058114406295,-15.816940961530525],[-47.35437904391245,-15.816591922062152],[-47.35519100684326,-15.81618369951048],[-47.354571127974715,-15.81550494417019],[-47.35446151554375,-15.814109059723021],[-47.35417834680325,-15.814083592683684],[-47.353155323798134,-15.814950828919754],[-47.35276476236374,-15.81450434077926],[-47.35302670840564,-15.813782835047258],[-47.35252735200719,-15.812431870502966],[-47.35169368128755,-15.811248095032846],[-47.3509694604038,-15.811424490286992],[-47.349982253229065,-15.809799913258397],[-47.350256629259555,-15.80885033028523],[-47.350266628406985,-15.80783745922668],[-47.34935387180635,-15.807791974970163],[-47.34900332582629,-15.808435539557545],[-47.34843247700596,-15.808084724752906],[-47.34846839254933,-15.80687472553209],[-47.34920142680432,-15.806119236646031],[-47.34888594656138,-15.805776168457035],[-47.34960881009073,-15.805171243234804],[-47.3496247012881,-15.80397339157327],[-47.348668661162144,-15.803383712608243],[-47.34814792755487,-15.803968269386722],[-47.34770196701692,-15.803635179177073],[-47.34769523863543,-15.802878771482966],[-47.347138993726674,-15.802999809039598],[-47.3466913695088,-15.803482262667622],[-47.34579552908328,-15.803234279284995],[-47.34547934006958,-15.802468869464649],[-47.34606123637128,-15.802013881263065],[-47.34592479305941,-15.800943007818853],[-47.344970007879894,-15.800765136590472],[-47.34464333642515,-15.800117257724594],[-47.34528733056749,-15.798997245522454],[-47.34595023424657,-15.798642602440948],[-47.34601228896808,-15.79797990038238],[-47.344677394252514,-15.79737547136132],[-47.3442813836376,-15.796805929862954],[-47.34414687439854,-15.796037898244286],[-47.34365505127206,-15.796227196555508],[-47.343346096391336,-15.796965368900931],[-47.34192526793737,-15.797321671948785],[-47.34263682976213,-15.796190172082383],[-47.341780248409485,-15.795067237247212],[-47.34102834055036,-15.795493853484166],[-47.340773205534944,-15.79443070786248],[-47.34000771964032,-15.794415612863903],[-47.33917968225582,-15.793081667987792],[-47.339846221416856,-15.792389972792748],[-47.33884489811573,-15.791436844466066],[-47.339123745959704,-15.791029615393994],[-47.33994927884119,-15.790966353288425],[-47.33974789901237,-15.79033677475633],[-47.3390872941221,-15.789918927554094],[-47.339079098791764,-15.788421701374723],[-47.33743333219066,-15.786764158811572],[-47.33768051442087,-15.78514038495204],[-47.33699082567497,-15.785404214014918],[-47.33646405538899,-15.784697954453009],[-47.33584676905835,-15.785468885160636],[-47.335279189207334,-15.785294900688188],[-47.33562184528425,-15.784398286449917],[-47.335990549809466,-15.784031607237376],[-47.33557860487805,-15.783523535258201],[-47.336500809060524,-15.783315062032859],[-47.33668762630027,-15.782651611362493],[-47.33625440926292,-15.781458950701651],[-47.33508917037191,-15.782058342500358],[-47.33442788186372,-15.78183507266192],[-47.33440266256043,-15.781296801497934],[-47.33352020164276,-15.781054880184332],[-47.33293650871049,-15.781525050319573],[-47.33264142741101,-15.780143726860352],[-47.331640291857795,-15.779363132814376],[-47.33145629532804,-15.779938934490957],[-47.33081143520976,-15.779950496652717],[-47.33092350812629,-15.779141698722981],[-47.3313252086702,-15.778173887340845],[-47.330778325105015,-15.776578784149159],[-47.331082346438194,-15.775506733712994],[-47.33040865039929,-15.774945953658149],[-47.331332893757455,-15.774448308796076],[-47.33138219779182,-15.773716976385716],[-47.33058089516851,-15.77398797912278],[-47.329975365988304,-15.773899476475986],[-47.32931306058721,-15.774148195130214],[-47.32859878405365,-15.7732318445849],[-47.328635445198714,-15.77248542931111],[-47.328343752344495,-15.772154411408934],[-47.327469260381704,-15.772190007806634],[-47.3275887830269,-15.771496509736407],[-47.32826486768614,-15.771291606624242],[-47.32893138977918,-15.770280831810467],[-47.328399792845175,-15.76961028413858],[-47.32977109897416,-15.769330179222054],[-47.32985360474144,-15.76900722116046],[-47.32928903604325,-15.767970133927372],[-47.32937087166731,-15.76714528950665],[-47.32870359678606,-15.76654239210592],[-47.32846963955346,-15.765713553844868],[-47.32718139165565,-15.76563759698546],[-47.326658202054396,-15.765264669660553],[-47.327041154758334,-15.7644902360317],[-47.326350724004,-15.763115035034975],[-47.326118308280435,-15.762320132236367],[-47.32553266420737,-15.76213054290564],[-47.325992987010096,-15.761061555276376],[-47.32467366458998,-15.761919265611157],[-47.32395673083981,-15.760843712401371],[-47.32461050583897,-15.759904823577687],[-47.32412969515956,-15.75958287414189],[-47.32372811948148,-15.758040181042599],[-47.32196152408476,-15.757964982984277],[-47.32135155902369,-15.757394272569003],[-47.32097505802012,-15.756362782824752],[-47.32124436395915,-15.75572887175607],[-47.32206972166915,-15.755640211577031],[-47.32229035868272,-15.754909147707103],[-47.32192830169062,-15.75473088075707],[-47.320489462015196,-15.755419000591488],[-47.32015180596115,-15.755403445334114],[-47.319377884885995,-15.7546287259569],[-47.31944030612014,-15.754083366624348],[-47.320016561001864,-15.75386674309017],[-47.31979111440827,-15.752817037828827],[-47.31911474947466,-15.75193484304779],[-47.31840390899708,-15.752035425668021],[-47.31863214575794,-15.751182589605127],[-47.317991467297304,-15.750755083015319],[-47.317997920794305,-15.75029242747339],[-47.318818865081326,-15.750155071354108],[-47.31851921135706,-15.74945782003791],[-47.317092530379014,-15.748320711678756],[-47.31690213335285,-15.747771047006333],[-47.31736613834993,-15.74747613336967],[-47.31645707652007,-15.745954148130668],[-47.31606534188592,-15.746503344780116],[-47.31624897729292,-15.74762729807155],[-47.314848355542956,-15.748080722334702],[-47.31497429575253,-15.747313363898728],[-47.314169064796474,-15.746285159469661],[-47.314412431881664,-15.745219407671764],[-47.31379430293129,-15.744726469506931],[-47.31420672486812,-15.744414300713451],[-47.314470657983435,-15.743006392754982],[-47.313997698579605,-15.742530439871569],[-47.31353911850853,-15.742691687984866],[-47.313161538628314,-15.741896608418894],[-47.31411756977113,-15.74165545894495],[-47.313678804738586,-15.740283629300619],[-47.31451838816943,-15.739299510709737],[-47.31394094391827,-15.738920877716891],[-47.31359076355253,-15.73823810686422],[-47.31446517466695,-15.737253715520536],[-47.315417902704446,-15.7372272548652],[-47.31553725556804,-15.736332538041685],[-47.31637588319143,-15.73641374474982],[-47.31694711738902,-15.736926026999425],[-47.31726407805556,-15.736520195619809],[-47.31670895514258,-15.735781926151507],[-47.317346673654356,-15.734947897244231],[-47.317571705226285,-15.73425707348682],[-47.31804962961869,-15.734111091965131],[-47.31867085326521,-15.73489667264287],[-47.31924011655908,-15.733661158292014],[-47.319340908432274,-15.732399168234526],[-47.31850033954956,-15.732940567676115],[-47.3180698839334,-15.73269795494807],[-47.318490706016455,-15.731813843208636],[-47.317898996518586,-15.731444157688468],[-47.31703367006665,-15.731520800042972],[-47.317554231197384,-15.730449211272418],[-47.31744722477905,-15.729617438051134],[-47.31779061388124,-15.728743064768853],[-47.31879616016251,-15.728316896206632],[-47.31800648802717,-15.727592151742256],[-47.318620643729034,-15.726621080403248],[-47.31936778692389,-15.72682390490151],[-47.31951016091327,-15.726183946592114],[-47.31871325284831,-15.726240994475912],[-47.31807972048577,-15.725037478318988],[-47.318930200481006,-15.72365432661084],[-47.319465374506464,-15.723915891359722],[-47.319748285430464,-15.723179457739592],[-47.320787684723214,-15.723023934054405],[-47.32102670396244,-15.722517284072541],[-47.32104712266885,-15.721263071274766],[-47.32040488473288,-15.720971350622627],[-47.32025987328983,-15.720345912352037],[-47.32075234769489,-15.71856991020289],[-47.31987927417194,-15.718531366950922],[-47.31977610805145,-15.717873261394043],[-47.31927115245383,-15.717733419774655],[-47.31866495402874,-15.717135230377938],[-47.31769298048459,-15.71704101132569],[-47.317389469394485,-15.716369079952667],[-47.316887329116966,-15.716072970688181],[-47.3159710080013,-15.716301340356038],[-47.31524652121624,-15.715366278945478],[-47.31549137860648,-15.714276131672698],[-47.315434999440946,-15.713357567196999],[-47.31501695135548,-15.712819062715063],[-47.31510842230929,-15.7118298121622],[-47.313900503560816,-15.71117802272357],[-47.314020806841974,-15.710388849955658],[-47.31506938242536,-15.710525657865947],[-47.315508152847784,-15.710262863524806],[-47.315416288431884,-15.709677963429545],[-47.31463926098248,-15.709068540458684],[-47.3140341908414,-15.708939197931713],[-47.31369156890046,-15.70792635412209],[-47.313762410043765,-15.707312465429364],[-47.31419053992165,-15.706799992760827],[-47.31337940523754,-15.705953933678087],[-47.31392843128469,-15.705384640830221],[-47.314703731273795,-15.705138564682208],[-47.31433477072872,-15.704674989910176],[-47.31404903460315,-15.702939328392155],[-47.314431168941866,-15.702612630159285],[-47.314002141647,-15.70151516160763],[-47.31379235358713,-15.700497882530593],[-47.31337767508231,-15.6997318381696],[-47.313686914728976,-15.698223321538995],[-47.31283957973554,-15.698034436952632],[-47.31294012008045,-15.697484282745341],[-47.31251874733013,-15.69719390741521],[-47.31299772814131,-15.696556621679965],[-47.31388363589472,-15.695899885059337],[-47.31340614808355,-15.695442957037944],[-47.31366808783725,-15.694814427348884],[-47.314964570591265,-15.694579627848853],[-47.315517664210006,-15.695233154182565],[-47.3160208016175,-15.695071532058885],[-47.3159273094543,-15.69431104888777],[-47.31648930807246,-15.694227804290831],[-47.31652880609718,-15.693537448627245],[-47.31753269408845,-15.693297686132127],[-47.316759330867086,-15.692057890119264],[-47.31788276845298,-15.692450580771585],[-47.31844066985513,-15.69216606617143],[-47.31773343252014,-15.691673690535943],[-47.31776194235232,-15.690385134406633],[-47.318398316984435,-15.690286003656453],[-47.31839172784182,-15.689255432082154],[-47.31977334034206,-15.688912364571438],[-47.319518422718936,-15.688196388740028],[-47.32107886194447,-15.687524152966793],[-47.32182015980177,-15.687767255390721],[-47.32138107946056,-15.688416618545391],[-47.32183081382103,-15.689124464908593],[-47.32239977348433,-15.688652302962296],[-47.32293792273001,-15.688740273637308],[-47.323026109443134,-15.689390143088733],[-47.3241605181536,-15.688718104110583],[-47.32456484357477,-15.688787546248864],[-47.32560973516717,-15.68844931332597],[-47.32582246161634,-15.688962745405128],[-47.32700897979981,-15.688772109571628],[-47.328578088666134,-15.688298570832877],[-47.329461620375625,-15.688310874193387],[-47.32981040565773,-15.687927532404103],[-47.32776859250911,-15.687401887709106],[-47.32773512217994,-15.686672587775544],[-47.32830921032519,-15.686148723187344],[-47.3283423887019,-15.685183194407124],[-47.3278565366771,-15.68439817096174],[-47.32821417126307,-15.683265688652577],[-47.32913908925602,-15.683528986554515],[-47.32870328596897,-15.68422630627462],[-47.32926927670026,-15.684699722140873],[-47.32961514425432,-15.683647783409537],[-47.33001207923565,-15.68381113740474],[-47.330969766871846,-15.683396912994297],[-47.33143622606627,-15.683608615170915],[-47.33167556241079,-15.682988854286492],[-47.331481004388245,-15.682522477991695],[-47.33196716094191,-15.68132524469916],[-47.331778866871836,-15.680264023067112],[-47.330798184161,-15.679692367414784],[-47.33020923967757,-15.680445866659033],[-47.329986029889035,-15.67984119448866],[-47.329144912135696,-15.679993095257245],[-47.32906064477215,-15.679078564104648],[-47.32857255594231,-15.678646016882471],[-47.32910772996777,-15.677204138619665],[-47.32854170060893,-15.677075420230144],[-47.32818779133645,-15.675739322445722],[-47.3272365895366,-15.675375190802539],[-47.32737252619866,-15.673559832545466],[-47.327757001547,-15.672708248012409],[-47.32684288759198,-15.671882784835242],[-47.32777170876483,-15.671095812598404],[-47.326840763974644,-15.67022133787962],[-47.32610179005899,-15.669279659484863],[-47.3266877656104,-15.668164676587194],[-47.32716274352867,-15.66766173924576],[-47.32866567710129,-15.666886539027464],[-47.328433163461355,-15.666238319170914],[-47.32761560851791,-15.66562110818364],[-47.32694828692426,-15.666043225814526],[-47.32650822652108,-15.665572067446154],[-47.32696335346821,-15.664872200745808],[-47.327932150569524,-15.665320433561186],[-47.3275094087867,-15.66423612880792],[-47.328075093192474,-15.66428459034818],[-47.328578233294905,-15.663494696428192],[-47.32711187732402,-15.663466639867549],[-47.32679555985123,-15.66136301048012],[-47.32810185849636,-15.660529828329553],[-47.327929364893826,-15.658894255596545],[-47.328627853536254,-15.658198231612182],[-47.32953534421268,-15.658338355377476],[-47.32960048105394,-15.657393284254777],[-47.32885842951011,-15.65784879670526],[-47.32933697284175,-15.656318775791393],[-47.328812793297054,-15.655822839052016],[-47.328509417852565,-15.65472871295521],[-47.32749010578788,-15.654697949494317],[-47.32730797146571,-15.653710912661435],[-47.32664283098157,-15.652814861362728],[-47.32704739625293,-15.65193717104497],[-47.32785777096231,-15.652096895759914],[-47.3280310730486,-15.651406882055287],[-47.328823490435454,-15.651542614514765],[-47.329207763662865,-15.650640400900185],[-47.32854029294888,-15.65016991201201],[-47.32808724470332,-15.649209285614505],[-47.32702905445146,-15.649261035181535],[-47.32752647587879,-15.64807145962324],[-47.32724027352758,-15.647199435619367],[-47.328216501492925,-15.646379202310639],[-47.32890267153786,-15.646347694534757],[-47.32900547473898,-15.645563454360477],[-47.32971404247889,-15.64555358781353],[-47.330472716448725,-15.645977418117575],[-47.330549011264125,-15.645441789405782],[-47.33018163894047,-15.64461012625903],[-47.32958628677412,-15.644507835808751],[-47.329246258269414,-15.643108036246787],[-47.32960582063998,-15.642483675044208],[-47.32969977363892,-15.641772558956312],[-47.330455964665305,-15.641464305174015],[-47.329728703882644,-15.640688228808129],[-47.330065431977,-15.64040385837465],[-47.329541965694645,-15.63984555062134],[-47.32999706120073,-15.639133272243415],[-47.33067029370895,-15.638886374030337],[-47.330786745912484,-15.637161129290307],[-47.33161226981082,-15.636750647765721],[-47.33131582127548,-15.636211281154525],[-47.33075258747381,-15.635883059186728],[-47.331382187012046,-15.635185732820657],[-47.33180134900845,-15.635070766897629],[-47.33218126450841,-15.63388815665875],[-47.33259466650721,-15.633831489544784],[-47.3325643088405,-15.633025386579751],[-47.333327780712274,-15.632187397632489],[-47.33290567763162,-15.631884064749208],[-47.33390255337377,-15.629550027244665],[-47.33308040893754,-15.629690604910486],[-47.33272899248997,-15.629403431849843],[-47.332874506091265,-15.628693407069491],[-47.33205965417851,-15.628598833169924],[-47.332198738537315,-15.626869819837026],[-47.331567954121226,-15.62673939490622],[-47.33103407905966,-15.626235256146177],[-47.331000143403166,-15.625498483973487],[-47.33049479883503,-15.624824163824728],[-47.33067259968428,-15.624403228540997],[-47.330079681952355,-15.623553691243181],[-47.33014626687785,-15.622959983278474],[-47.331102599854596,-15.622519479281488],[-47.33058566971423,-15.621750678678163],[-47.33064951567643,-15.620322411033134],[-47.33007879801011,-15.619546140344333],[-47.329900469849804,-15.618532799690533],[-47.328718947197636,-15.618264870884452],[-47.32841692820922,-15.617458755111251],[-47.32916620130961,-15.616804365850765],[-47.32917868789206,-15.615908096771463],[-47.32869808382517,-15.615129181008458],[-47.32807955153123,-15.614676528017425],[-47.32833087409659,-15.614096294358976],[-47.32803410845595,-15.613702488542566],[-47.328321639415456,-15.61317224068084],[-47.32759998951006,-15.612905579262605],[-47.32706596892143,-15.611705282367595],[-47.32629683856169,-15.610355034158639],[-47.3255833884782,-15.610427692825755],[-47.325124046635764,-15.609649616234446],[-47.32530792009632,-15.609230799771264],[-47.32491553148865,-15.608675773502732],[-47.324848527948234,-15.608033423877114],[-47.32519323398063,-15.607572298838303],[-47.324913290192015,-15.60664557345439],[-47.32421601697017,-15.606568571028916],[-47.32358495946622,-15.60550239593562],[-47.32347371389806,-15.604369841092591],[-47.323022744354084,-15.603776395968463],[-47.323220973791194,-15.602925301471402],[-47.322998742268005,-15.600930743481902],[-47.32326709329788,-15.600517861076371],[-47.32306460404969,-15.599785980176474],[-47.32257596275594,-15.599488032096886],[-47.32272559692945,-15.598806376651318],[-47.321954779533606,-15.598704675050527],[-47.32158885259925,-15.598041190334975],[-47.320528054538116,-15.598159547969953],[-47.32010419704772,-15.597491405666778],[-47.31878410656803,-15.5972311897678],[-47.31833308941333,-15.597681380732773],[-47.31788036905286,-15.597027994341877],[-47.31700603160031,-15.59716827849747],[-47.316667816794144,-15.596855471365606],[-47.315887026302015,-15.597005710182737],[-47.31576969913939,-15.59570661523144],[-47.31611066009537,-15.594331766571479],[-47.317309616352254,-15.593607644811746],[-47.31754907127439,-15.59221459094364],[-47.31712692866787,-15.591034889092988],[-47.31724887137442,-15.590230806981166],[-47.31857216883968,-15.588605410079802],[-47.31861409051905,-15.587146823350734],[-47.31927029995263,-15.586671541266218],[-47.320486173282944,-15.586942007660902],[-47.32074937786456,-15.58638675498015],[-47.32158009941512,-15.586866365849307],[-47.32191285246436,-15.586166350478548],[-47.32341735539377,-15.586866493910602],[-47.32347960055813,-15.587284108284663],[-47.32417495048695,-15.587320166114942],[-47.32453067345799,-15.587995522430239],[-47.324433835070366,-15.588955974601932],[-47.3252950939507,-15.589058972014767],[-47.32568910761073,-15.58860959280306],[-47.32647839796208,-15.589124922000739],[-47.32786827675955,-15.588937114306443],[-47.32851641393199,-15.588494907934303],[-47.32899324417638,-15.587345961754087],[-47.32946273159164,-15.587024200467074],[-47.32991337235223,-15.586108605013806],[-47.33068694757599,-15.586187190793403],[-47.331707527163545,-15.587177921433431],[-47.33235010017112,-15.587237667118995],[-47.33335120158836,-15.58702924417447],[-47.334205298200935,-15.587509946387307],[-47.335190223654855,-15.587299689331465],[-47.335323733069,-15.586763234083834],[-47.33650588274525,-15.585655533236434],[-47.33777634579706,-15.585333787472319],[-47.338740146468766,-15.58462913845084],[-47.33961575503745,-15.583782647531768],[-47.34055678162007,-15.583696186671942],[-47.34132814698823,-15.583147369067039],[-47.341533357233416,-15.582432799695953],[-47.34230030828028,-15.582419844458643],[-47.342906080903916,-15.581832245884197],[-47.343351838422635,-15.581883600580042],[-47.34364711555484,-15.581337534986346],[-47.34463555611647,-15.581143043493345],[-47.3449975080057,-15.58065431625206],[-47.347038483924464,-15.579014977815055],[-47.347711681398394,-15.579499098583527],[-47.34806550083935,-15.579183752539508],[-47.348856226698516,-15.579153900160561],[-47.349578657239896,-15.579609294056558],[-47.34998440199922,-15.580231206681058],[-47.35050781977257,-15.580174606945398],[-47.35147671029866,-15.580591330678915],[-47.352217605710706,-15.58066941669206],[-47.35361311245344,-15.580526073658982],[-47.35473090053452,-15.57991417354406],[-47.35611790651973,-15.57960858190678],[-47.35693815191744,-15.58001147570751],[-47.356916314771205,-15.580505335741233],[-47.357479953713074,-15.580749765447523],[-47.35826317414804,-15.580126860154284],[-47.3589751941136,-15.580009291670413],[-47.359766856915606,-15.579318498781053],[-47.36036847483106,-15.579926042977517],[-47.36065293265398,-15.579730269491098],[-47.361376862483574,-15.580136031547143],[-47.361598705934554,-15.579652349260465],[-47.36160523489005,-15.578357276417478],[-47.3619765454279,-15.577746730988943],[-47.36242567791713,-15.578007335008472],[-47.363255900902715,-15.577779322301497],[-47.36410229715667,-15.578102395175941],[-47.36425267064366,-15.577749517311],[-47.365341575193405,-15.578207199617255],[-47.36619280797685,-15.578150262716317],[-47.36645586703139,-15.578626933440333],[-47.368017925021064,-15.578828775551747],[-47.36839649484473,-15.579119523062795],[-47.37032111108644,-15.578314849160943],[-47.37114441434939,-15.577690070862086],[-47.37217547458136,-15.577576298865441],[-47.37253067742786,-15.577143997585946],[-47.373564077771135,-15.577267854254812],[-47.373861692319714,-15.576783517957121],[-47.374476931389815,-15.576707887116005],[-47.374999921565085,-15.577223093871693],[-47.375889570801654,-15.576613044364725],[-47.37682975386622,-15.576558537712835],[-47.37735557642957,-15.575748785570688],[-47.37820379267029,-15.575271832131952],[-47.37850224624534,-15.57426638968558],[-47.37925322434814,-15.573543997091654],[-47.37910261999413,-15.5726336538887],[-47.37949239809759,-15.571803902934045],[-47.37968256695166,-15.569787352691632],[-47.379457879434476,-15.569166083444753],[-47.380280083159526,-15.568838848880214],[-47.38057629453963,-15.568301626330923],[-47.38010977246312,-15.567713685386387],[-47.380151816313365,-15.567281060491645],[-47.38077396971621,-15.566610292630171],[-47.38146148723407,-15.566741872093454],[-47.38366072474635,-15.56682494612982],[-47.38433326824674,-15.567353798436788],[-47.38587502341268,-15.566938479178507],[-47.38692109718799,-15.567044540625162],[-47.388446071824426,-15.567544525678684],[-47.38941209043656,-15.567457690209942],[-47.390204878827625,-15.566644140486147],[-47.39040500640493,-15.565847690668217],[-47.39034034477247,-15.565103005974576],[-47.390982395858856,-15.564691895669444],[-47.39098262223431,-15.563863057661395],[-47.39143538391729,-15.562526029461472],[-47.39189646579643,-15.562583180111213],[-47.3931609074409,-15.562193929534983],[-47.393216903924134,-15.561665711270063],[-47.393805413622964,-15.560880913670621],[-47.393629673508975,-15.559945990064804],[-47.394031547427744,-15.559776386080651],[-47.39374326727328,-15.558316173807622],[-47.39532150302291,-15.557876474401175],[-47.39583522977096,-15.558511162861462],[-47.39697873931357,-15.557564099009975],[-47.39815110453973,-15.557614065604158],[-47.39865806966864,-15.557142721198717],[-47.39916238117419,-15.557280167229917],[-47.39946012508017,-15.556039600603343],[-47.39890986025625,-15.554341955875204],[-47.39907393933953,-15.553470828996343],[-47.39819418594413,-15.553371606024841],[-47.39870731351588,-15.55281007664834],[-47.398845012672524,-15.551452830338842],[-47.39920763380663,-15.550863416752215],[-47.40049531217256,-15.551549174092017],[-47.400977407442824,-15.551404141351977],[-47.4012892692718,-15.550350998171318],[-47.402144262403034,-15.550374854686751],[-47.40223736020582,-15.549946221069646],[-47.40289847713579,-15.549548000581215],[-47.40244134514895,-15.548816523222106],[-47.402261859958564,-15.547879277358213],[-47.40380527161788,-15.547051444797248],[-47.40416670967076,-15.547232662297546],[-47.40470374680212,-15.546782185165597],[-47.405740425097875,-15.546717167534235],[-47.40754832682798,-15.547255800854341],[-47.40824442235849,-15.547894709938145],[-47.40966629465482,-15.547901939848732],[-47.410539971845644,-15.547544514193682],[-47.41086765480341,-15.54707629782378],[-47.41230329467978,-15.547152824044392],[-47.41413249007538,-15.548173276807598],[-47.416087066030144,-15.546306130416001],[-47.41724120264255,-15.546228279742298],[-47.4176197365336,-15.545529920997756],[-47.41840690955582,-15.545077397668113],[-47.41840691674235,-15.501819582738488],[-47.77206604704784,-15.502370222802487],[-47.7712689458451,-15.502941014169894],[-47.771013926712364,-15.503400181903888],[-47.771111674195055,-15.504558064010897],[-47.77055894169905,-15.506080933175413],[-47.77017388064914,-15.508694741660767],[-47.77109224812703,-15.50912683517257],[-47.7716293265809,-15.508659154801167],[-47.77168962150276,-15.509745660962883],[-47.77115951487382,-15.509925187837183],[-47.77119912518796,-15.510581824957178],[-47.77223540912331,-15.510793621492969],[-47.77253513920438,-15.511439978629626],[-47.77248750513812,-15.51208078442384],[-47.77169002215138,-15.513051506972337],[-47.771244839554456,-15.514284761969481],[-47.772554305659284,-15.514450367181462],[-47.773516936724484,-15.51479813059634],[-47.772308155593336,-15.515331503225193],[-47.771923433208286,-15.516113817864937],[-47.770450246447986,-15.515903290530835],[-47.770656796081255,-15.516593921382933],[-47.76989255255666,-15.517220952913293],[-47.769068179400215,-15.517429643027324],[-47.768427489261484,-15.517276723426109],[-47.76816198499274,-15.518031156795416],[-47.76829020871977,-15.518912818528262],[-47.767477123793164,-15.519153601168826],[-47.767348149074564,-15.519861695082716],[-47.76784070522632,-15.520883862602767],[-47.76576289388932,-15.520329486829253],[-47.76518703336801,-15.520715182035993],[-47.764712032093534,-15.519729470257676],[-47.7640100516996,-15.51974915052284],[-47.76399132721582,-15.520304411591292],[-47.76290387883515,-15.519846989206009],[-47.76219856209825,-15.519954056446977],[-47.7617205352979,-15.520463313417943],[-47.76157693600646,-15.52125740784576],[-47.761592724795904,-15.522835426861283],[-47.76196107179164,-15.523517178250135],[-47.76197916745472,-15.524225396539109],[-47.76258327100855,-15.52480695451306],[-47.76350373066275,-15.524238180599731],[-47.764107586281575,-15.525130507804619],[-47.76359388378803,-15.525457569476504],[-47.76398218865443,-15.525977234768439],[-47.76374661625095,-15.526615349484356],[-47.76378524829975,-15.52733752937514],[-47.763464638676524,-15.528314612727817],[-47.762730843548496,-15.52863868762027],[-47.76170272440076,-15.528222918965312],[-47.76191796523441,-15.527260772489345],[-47.760845544770135,-15.527556187066802],[-47.759899079786784,-15.528122208977578],[-47.759342707317245,-15.530151384957435],[-47.75905295033246,-15.530681364883877],[-47.758541733477315,-15.530775311353892],[-47.75786944869172,-15.530283298439366],[-47.75732971930946,-15.529282127442105],[-47.75737407003335,-15.528585180928138],[-47.756473583521185,-15.528337178700196],[-47.755932992654564,-15.529221038083943],[-47.75433922144042,-15.529297574397702],[-47.753723933861295,-15.529637392414188],[-47.753733097575505,-15.530284835597481],[-47.75443079390385,-15.531072998062522],[-47.754159555688645,-15.532134550410303],[-47.75348882319187,-15.532331600792793],[-47.753214262108436,-15.532982157394024],[-47.75266728332182,-15.53326315399089],[-47.75203373119634,-15.53395824203829],[-47.751961154507896,-15.53466407809975],[-47.751194919418325,-15.534959336665738],[-47.751483495118514,-15.535648695478628],[-47.751039748927724,-15.536119581899783],[-47.75158498318605,-15.536467000664084],[-47.75151923010051,-15.537416346895538],[-47.7506685165433,-15.537938163931106],[-47.750744875139084,-15.53857431506132],[-47.75007014064771,-15.538724262384857],[-47.7502576073694,-15.539568385549368],[-47.75129780616275,-15.539718970871796],[-47.751541533472384,-15.54030931817623],[-47.75219293871583,-15.540969538555238],[-47.75172600431261,-15.541334021415466],[-47.75195257290199,-15.542771313735091],[-47.7531450415259,-15.542278909707136],[-47.75356891967755,-15.543069766360539],[-47.753676171335954,-15.54403130591614],[-47.754817193443536,-15.543844261918824],[-47.75561401886348,-15.544671460009186],[-47.75588105835305,-15.545948013957695],[-47.756311011810965,-15.546325854012872],[-47.75660728247987,-15.54870572188807],[-47.754822275213094,-15.550313035964024],[-47.754915863496024,-15.551324869841052],[-47.75554781482368,-15.551716711292825],[-47.75521477790682,-15.552594340595915],[-47.75610335186,-15.553898339751854],[-47.75614356224874,-15.554259287871414],[-47.75688362043095,-15.554470761739278],[-47.75858777752551,-15.555303646167674],[-47.759108440165875,-15.555795585480698],[-47.759383003944265,-15.556759445476779],[-47.76036951043309,-15.557418230201632],[-47.760877459217234,-15.557473277610667],[-47.761625151282715,-15.558437161769307],[-47.762249966393746,-15.558582859372],[-47.763578048286206,-15.559328431330727],[-47.76393382785111,-15.559095514483328],[-47.76400715912438,-15.558166796336183],[-47.76443084413824,-15.558052335930004],[-47.76590416025595,-15.558554349696504],[-47.76638356058036,-15.559228519732239],[-47.76645273894208,-15.560134738101445],[-47.76711997339914,-15.560741053878434],[-47.767271444627404,-15.561845008597782],[-47.76678868011225,-15.562873197714532],[-47.76700396137009,-15.563353872479542],[-47.76644094226577,-15.563660387403795],[-47.7667264115917,-15.564586966648005],[-47.765813817586135,-15.565140266234406],[-47.76476783184572,-15.564908142589255],[-47.76417985035629,-15.56513428133213],[-47.76374365720041,-15.566459599768558],[-47.76261499950439,-15.567312378786067],[-47.762332435330094,-15.567807937741293],[-47.76234512762674,-15.568752381733987],[-47.76262043880344,-15.570064795258778],[-47.76328833262392,-15.571248093603684],[-47.762360868805466,-15.572242266770877],[-47.761562062600305,-15.572087621696316],[-47.76109868732225,-15.57291528084991],[-47.760185060254116,-15.572915967928086],[-47.76014278823179,-15.573597812275],[-47.760669500127264,-15.574553011695834],[-47.76048164623168,-15.575002417325926],[-47.760243812768636,-15.578058033019987],[-47.760726556622544,-15.579284109596466],[-47.761363283394246,-15.579612304468542],[-47.76276351527537,-15.579623995665674],[-47.763903876222905,-15.580077121413982],[-47.764765768415515,-15.580645045372234],[-47.765114591426865,-15.581548958513828],[-47.76559571292336,-15.582228931134358],[-47.76607878466234,-15.58355089018844],[-47.76578976788935,-15.58553840661562],[-47.76526432980495,-15.586567311362264],[-47.76464764444723,-15.587144696497827],[-47.76460545956149,-15.587626977568798],[-47.76539449658793,-15.587958360628386],[-47.76703796799349,-15.588042084562906],[-47.76917121077341,-15.588813456762544],[-47.76887469666106,-15.589577839029232],[-47.76753213302791,-15.589904845885524],[-47.76455224785563,-15.589756289142253],[-47.76322781312324,-15.591410625070063],[-47.765610915112916,-15.592386457630052],[-47.77289549029576,-15.594006008397884],[-47.78049093556752,-15.593358912801191],[-47.78117568357936,-15.600810607687166],[-47.77490707154181,-15.606964303489884],[-47.77448542929691,-15.608058348262642],[-47.77273344140504,-15.609507531514089],[-47.76841138606169,-15.612398260708092],[-47.764655004344355,-15.614578989658956],[-47.762788951970954,-15.615725343616152],[-47.760613979751135,-15.61736539156218],[-47.76000534778995,-15.619060542073623],[-47.759471877868584,-15.62104658815312],[-47.759489945683896,-15.622374870382947],[-47.759815474481606,-15.623822241213725],[-47.759802839677135,-15.624800187052786],[-47.75679200664501,-15.631286345277406],[-47.755968005391075,-15.63324364376366],[-47.75545048236264,-15.634243182842853],[-47.75300515407322,-15.639614790895685],[-47.75231652713598,-15.64026379239126],[-47.74971955334514,-15.644668104377027],[-47.740742424606246,-15.659749192388372],[-47.73788034360201,-15.664603311962654],[-47.743984988845696,-15.670987457582262],[-47.744297651971905,-15.671430247000108],[-47.74020395735695,-15.674688306231147],[-47.740853271322415,-15.675424425519628],[-47.74229140851527,-15.675320354946697],[-47.743566818589365,-15.676305086217694],[-47.74434912184443,-15.676217183698729],[-47.745242004117706,-15.677248953271224],[-47.74575019544697,-15.6780939508639],[-47.745980316873315,-15.679184192156544],[-47.74655484339642,-15.680510222639064],[-47.74707109800368,-15.683171869081965],[-47.74641297695518,-15.685195318928772],[-47.74662437389773,-15.685748483138397],[-47.74593203422342,-15.686448552441231],[-47.74448316755281,-15.687040975974444],[-47.743000975181786,-15.68825609889328],[-47.74252146077133,-15.6883288163766],[-47.74204869809855,-15.6889323313101],[-47.74112588396,-15.689300185277679],[-47.74015198802113,-15.690971659548447],[-47.7395341492266,-15.691678365839445],[-47.73870682420612,-15.691971870212681],[-47.73857330221555,-15.692388030869852],[-47.7370086418065,-15.693371680899853],[-47.73649796663547,-15.693994746740085],[-47.73587702056837,-15.694372853585701],[-47.734984533553806,-15.695862975484186],[-47.734446420240744,-15.696135827192068],[-47.7324644851957,-15.697867341939066],[-47.73152091368588,-15.69790756942576],[-47.731338057118215,-15.698517222085867],[-47.73016542958399,-15.698426957835222],[-47.72941200447037,-15.698628304785174],[-47.72878127664813,-15.69838330148904],[-47.72765620233179,-15.698337935408569],[-47.72489193977716,-15.69756709533685],[-47.72390434273358,-15.697174541665426],[-47.721745506951216,-15.696885215778241],[-47.71888242073218,-15.697823793574281],[-47.71765940399872,-15.697588751068725],[-47.71706749956644,-15.697317028155435],[-47.7165107210584,-15.698001515399119],[-47.71575098977147,-15.698445666212491],[-47.714967943609665,-15.698228470607233],[-47.71328176449887,-15.69915471616376],[-47.71216362337989,-15.699569922120205],[-47.71110752889758,-15.699722033046019],[-47.70947710641984,-15.700344336617002],[-47.70778818654912,-15.69996959108444],[-47.70592189073228,-15.70009745444274],[-47.70487763065553,-15.699860420326926],[-47.70430169467573,-15.700418234564218],[-47.70327441275784,-15.700228725031842],[-47.70157616567952,-15.699237969991517],[-47.7003345250736,-15.699344728280673],[-47.69784137586835,-15.699262545988473],[-47.69630516600267,-15.699686422230721],[-47.69506463930769,-15.700757942869291],[-47.69391043262668,-15.700928077003661],[-47.69354582262253,-15.701307766537605],[-47.692679057069505,-15.701257126721067],[-47.692302505760274,-15.701958263554943],[-47.69172562115955,-15.701802691666586],[-47.69085159811734,-15.702204084970646],[-47.689915019992014,-15.70307909196012],[-47.68832547445296,-15.703393113407845],[-47.68614400382038,-15.703285559905783],[-47.68415167436918,-15.703751278181004],[-47.68354113258969,-15.704406296262443],[-47.6819908757679,-15.704660590443355],[-47.681819007392804,-15.705098908512095],[-47.68059189613828,-15.705228565662118],[-47.680080342414904,-15.705766253971207],[-47.6787498189015,-15.706357415016944],[-47.67845578054608,-15.70701714377577],[-47.67774209779893,-15.70736021887019],[-47.67659942548617,-15.7070924220715],[-47.67579576388691,-15.707741541208053],[-47.675422503106574,-15.708668771731972],[-47.67471334068194,-15.708838775600357],[-47.67458545561978,-15.709868629004205],[-47.67416015184177,-15.709792097833555],[-47.67411661409321,-15.708936494683263],[-47.673169147488316,-15.709722714735868],[-47.67307923600985,-15.710888284340427],[-47.67377125947718,-15.711056388221929],[-47.674374164678426,-15.71152460516191],[-47.67510471509166,-15.712732058841585],[-47.675589554715124,-15.713013451537666],[-47.675889806717365,-15.714073834269811],[-47.67581997168718,-15.714652901186302],[-47.675373574568,-15.714996757248432],[-47.67502920360719,-15.715931798737554],[-47.674526883666616,-15.71590680189677],[-47.67410893798911,-15.716443071531357],[-47.67394875489922,-15.717339617378972],[-47.674776073631485,-15.717130150101035],[-47.67499451156923,-15.717581679428744],[-47.675666671489005,-15.717431660640637],[-47.67586564922275,-15.718587029965933],[-47.67620512167031,-15.719060844216433],[-47.6754571232793,-15.719684616666541],[-47.67506764521315,-15.72060514922106],[-47.67576842455955,-15.721113101029255],[-47.67640658055086,-15.721165732526805],[-47.67661503730749,-15.721592014642326],[-47.67625731558495,-15.722728958585295],[-47.67540643673772,-15.722083835474354],[-47.6746149266493,-15.722349411882561],[-47.67461995990984,-15.72310889110229],[-47.67563809158823,-15.723604458474906],[-47.676114146586535,-15.723642574469],[-47.676164330969875,-15.724829959338823],[-47.67668874317824,-15.725235013335892],[-47.676567890128126,-15.726280074104544],[-47.67564332966466,-15.72677870771687],[-47.67528776839037,-15.727752307500984],[-47.67393518584686,-15.728282332331425],[-47.673678062859715,-15.729362989997856],[-47.67399592723142,-15.729676272254789],[-47.67515046808571,-15.730106175950171],[-47.67533088213411,-15.730667761175479],[-47.67462594538458,-15.731071633653565],[-47.675855588091565,-15.732300249885574],[-47.6754359284285,-15.73272746326067],[-47.67458280289474,-15.73306099500442],[-47.674736881932276,-15.733473813675948],[-47.675424319500074,-15.733783784881634],[-47.6757842259254,-15.734244292153033],[-47.67467584590029,-15.734367962029319],[-47.67351439879809,-15.733862501531071],[-47.671042828024284,-15.73136726109284],[-47.67030047913811,-15.730737785637096],[-47.66502119160444,-15.727463078658996],[-47.663427688088234,-15.726980344843932],[-47.66179353131386,-15.727074384628729],[-47.660456374640404,-15.727425204627439],[-47.66073070036524,-15.728515474302167],[-47.66216652080299,-15.735422225908415],[-47.664351573916925,-15.745723985702417],[-47.66447662120111,-15.74781305694131],[-47.66428752852874,-15.749015741436514],[-47.66351244323699,-15.751001332246748],[-47.656117010558184,-15.76408474241435],[-47.648926021861634,-15.77687569825878],[-47.64756541017611,-15.779245079960289],[-47.642546318766165,-15.788185854239279],[-47.641711368845556,-15.790538929660991],[-47.638905153170526,-15.80041399731752],[-47.63148698413188,-15.826357212083952],[-47.62363937906494,-15.85398747869314],[-47.62105218702922,-15.863046439324846],[-47.60776477267384,-15.859503075472887],[-47.60591586913922,-15.858982787759746],[-47.60415943817995,-15.858777714014321],[-47.60293823604337,-15.858918427877603],[-47.59479778468537,-15.861307598450654],[-47.5900144183925,-15.86275582057339],[-47.57597435327126,-15.866939532990576],[-47.56760567593218,-15.869414579991478],[-47.557917480340244,-15.872318261785232],[-47.55704050902727,-15.872382749591639],[-47.5554088091452,-15.872274435503194],[-47.55347963754668,-15.871564350075097],[-47.54972026893101,-15.869521564073269],[-47.530811642193676,-15.8593265044389],[-47.5204438998354,-15.853760083319472],[-47.51856968267438,-15.853188349321504],[-47.51650550956002,-15.853218787193605],[-47.5058922172104,-15.855293625945855],[-47.49083805204977,-15.85831193435386],[-47.48010462979383,-15.86043989155081],[-47.472053559009964,-15.862104552663892],[-47.467199950750086,-15.863060422278979],[-47.4654722425237,-15.863134024171563],[-47.46390532734329,-15.862844858973194],[-47.462590929487554,-15.862308937788141],[-47.456051209490525,-15.858369276866433],[-47.4545980282116,-15.857855099067997],[-47.45320294098211,-15.857685880324388],[-47.45177438791501,-15.857806069319986],[-47.44784922892546,-15.858726328024522],[-47.436522824258894,-15.861296900732475],[-47.42572969008771,-15.86384868101872],[-47.42439196028911,-15.864109640525792],[-47.42302024991824,-15.864152170703877],[-47.42171051791209,-15.863933528042896],[-47.41262344885714,-15.862038202004975],[-47.40739535361657,-15.860978397948587],[-47.38787710407629,-15.856956984945613],[-47.387101526507756,-15.856874481968438],[-47.38606718922162,-15.849745283307756],[-47.38583563588073,-15.847668048192725],[-47.3852909774425,-15.845994553583251],[-47.38350985898259,-15.846635701287257],[-47.3832759610388,-15.847105056200077],[-47.38233717575282,-15.84655590587453],[-47.382331161531994,-15.845676406016757],[-47.380864559422726,-15.84578901639934],[-47.38089103546909,-15.846327607703456],[-47.38010727873989,-15.847082806317347],[-47.37931589351731,-15.846293591962489],[-47.37898741824546,-15.847053431317915],[-47.37835535822166,-15.847147716132662],[-47.377809584974166,-15.846229769007802],[-47.377394877723255,-15.846810262122347],[-47.37615332874548,-15.846301401531894],[-47.375438459323846,-15.8454467708274],[-47.37445120274177,-15.84558305382946],[-47.37340393420712,-15.844637700627663],[-47.372769360697156,-15.844988027680731],[-47.372854033200895,-15.84587435755206],[-47.37260563555011,-15.84608646758788],[-47.37082312649814,-15.845854287857561]],[[-47.600559336372584,-15.622300046205565],[-47.59707189497994,-15.62265778735044],[-47.60041113501195,-15.624958036606433],[-47.61293588418269,-15.633526969609152],[-47.61618628352805,-15.635725811493645],[-47.624412999204466,-15.641386180889636],[-47.62333952411804,-15.646985257206879],[-47.622385236605204,-15.647281378495121],[-47.62154002612742,-15.64831330974376],[-47.621464429302996,-15.650173316698398],[-47.621220650789404,-15.650963904795555],[-47.620320340347035,-15.651798291959546],[-47.610834398644684,-15.65531744330894],[-47.602131647732904,-15.658524501853778],[-47.6014378797373,-15.658849782043102],[-47.601700177918794,-15.659248217716925],[-47.6012081778242,-15.659982699032817],[-47.6022323982836,-15.660114888072679],[-47.60321497284642,-15.659701745249071],[-47.603968485994955,-15.66052996845436],[-47.60505120564395,-15.660064838323775],[-47.60617605268654,-15.66069184368429],[-47.60691698313288,-15.660632594282271],[-47.60752553334738,-15.66014106464957],[-47.608098570463746,-15.66004541715302],[-47.609584996594705,-15.66047428699925],[-47.61086631937999,-15.660667927337713],[-47.61188188636825,-15.659508196547243],[-47.613058373064945,-15.659443629815836],[-47.614565870977515,-15.658716901934485],[-47.615352061242824,-15.658665089022472],[-47.61589451701197,-15.65894440510418],[-47.616644155726675,-15.65837785628909],[-47.61653365396358,-15.657516255140031],[-47.61686203760726,-15.657400313092174],[-47.61744753345831,-15.657990672291987],[-47.61829373477785,-15.65771917346009],[-47.61903686789327,-15.657912710016296],[-47.62043309688149,-15.657739477131237],[-47.62102365204422,-15.657489323963711],[-47.62138378933657,-15.65811696865897],[-47.623905557070145,-15.657483174814907],[-47.625617420811544,-15.657734399699924],[-47.626691410632624,-15.65841721533686],[-47.62797135450395,-15.658098942513057],[-47.628766362632085,-15.657289389602285],[-47.62912864779628,-15.657487202165726],[-47.63008982179408,-15.657452903077703],[-47.630823625006954,-15.657927825524407],[-47.632240090343586,-15.658230769480577],[-47.6333858223182,-15.658265806263929],[-47.63431129726663,-15.658016280849987],[-47.635185627532664,-15.65929275000185],[-47.6361434705774,-15.659982014841328],[-47.63661640123514,-15.66077621430491],[-47.63857881499074,-15.661818412882948],[-47.63883915664155,-15.662554140018102],[-47.63962809934488,-15.663362795874948],[-47.63951625100718,-15.663974237525636],[-47.64019692965078,-15.664437023389254],[-47.640516162156665,-15.663574954760195],[-47.642038263980815,-15.663835716059415],[-47.64229096905339,-15.663295652791724],[-47.64299351089438,-15.663358998718197],[-47.64371519224081,-15.663142082345804],[-47.6445111031758,-15.664194505570354],[-47.6459639008741,-15.665155043387855],[-47.646428274180444,-15.665745998622667],[-47.647368019765466,-15.665991169115717],[-47.647875072030956,-15.667110610533838],[-47.648255926270394,-15.667420354864808],[-47.64907150761516,-15.669189424681742],[-47.64974818246754,-15.669938898389272],[-47.650484023059484,-15.670062058063161],[-47.65085175381093,-15.670453958980742],[-47.65127061127846,-15.669684277228335],[-47.65224612957472,-15.668981095492146],[-47.65279292690165,-15.669841388098623],[-47.65361823250936,-15.670098737044905],[-47.65433721531668,-15.669907416732816],[-47.65493088943008,-15.670155851656268],[-47.65523450113149,-15.670967525414895],[-47.654885389760935,-15.671747436935485],[-47.65569567913036,-15.67200914440349],[-47.65632983312709,-15.672504046337707],[-47.656681011521115,-15.672080584135474],[-47.65784327429358,-15.672500519205071],[-47.65841288254052,-15.67307381411585],[-47.65963430656098,-15.673876329838654],[-47.65980953643188,-15.674800895600745],[-47.66045557424149,-15.675548005688357],[-47.66135853471395,-15.675356154240323],[-47.662022044755844,-15.675817142128802],[-47.6627143053784,-15.675820203021315],[-47.66391259328872,-15.676266443294914],[-47.66435677246747,-15.675781168205528],[-47.66535570535162,-15.676691112864942],[-47.6659170356232,-15.676850395294766],[-47.66657790731311,-15.676462069178282],[-47.66675178701614,-15.675884207579259],[-47.66769506298023,-15.675825062912446],[-47.66783956328189,-15.675449329589659],[-47.66928576285443,-15.67486757131184],[-47.66874840951609,-15.673293843146148],[-47.66806853306802,-15.672638345456974],[-47.66850615634184,-15.671729432750194],[-47.670203899465285,-15.672085044523012],[-47.67070339869587,-15.671374786476084],[-47.67147149689135,-15.671204185720432],[-47.67073397824646,-15.669851409160463],[-47.67157108412375,-15.669454500870913],[-47.67025165839736,-15.668548980970199],[-47.66972642872209,-15.667745032736134],[-47.66862026034922,-15.667095647934422],[-47.668213280406384,-15.666214930224342],[-47.66697114482874,-15.665361777191332],[-47.66665612003164,-15.664410894934983],[-47.66592628737232,-15.663314018407064],[-47.66481236653855,-15.66240984138637],[-47.66261923397694,-15.661789996267705],[-47.662665209753186,-15.661289010164385],[-47.6620776199292,-15.656424028099167],[-47.66162848743998,-15.654502525073964],[-47.661253409367816,-15.650734762202804],[-47.66131408876863,-15.648182214244503],[-47.6662308728475,-15.648338493059137],[-47.66799639116419,-15.648755826499878],[-47.66932257311982,-15.649371276204661],[-47.670663195493646,-15.649703331903758],[-47.67172590966127,-15.64969488850421],[-47.67315984094198,-15.649294431702518],[-47.67470763458326,-15.64840507965732],[-47.673670001378355,-15.648036073354698],[-47.67205187054865,-15.646658502303762],[-47.67227975427161,-15.645647210131322],[-47.67210423963476,-15.645006416713747],[-47.67232427747203,-15.64431720260447],[-47.671801410365966,-15.643548987294931],[-47.671030547156036,-15.64310164964415],[-47.67023013296653,-15.642051371296688],[-47.670766992231464,-15.640647357697684],[-47.67038828945714,-15.640218799214411],[-47.67059724747369,-15.639526640762325],[-47.67031358286316,-15.638750233516147],[-47.66976899449352,-15.638605197492529],[-47.668571076689105,-15.63735666024376],[-47.66760332702341,-15.636089522402465],[-47.66724635539413,-15.636286885733735],[-47.66676389630617,-15.634409503752302],[-47.66687549042066,-15.63345645848131],[-47.66625325616943,-15.633090349207398],[-47.66476086881825,-15.63292143629768],[-47.66132681699789,-15.63435515692358],[-47.659704469476246,-15.635168198611916],[-47.657750543901756,-15.63537887027015],[-47.6565554863332,-15.635155055523779],[-47.654313426131324,-15.634551259778334],[-47.652299562266144,-15.633415021893052],[-47.65146812296167,-15.632654336895007],[-47.64999687027417,-15.632416022045508],[-47.647932701651385,-15.63078181284549],[-47.646774421110564,-15.630451570827761],[-47.64476329171709,-15.630144616674889],[-47.641533027210514,-15.629158637939204],[-47.64147751312259,-15.628434903878096],[-47.63934559535771,-15.628381898104955],[-47.63802655950016,-15.62908577136764],[-47.63661291756846,-15.630023542932344],[-47.63525469629991,-15.630114296772717],[-47.63337482244756,-15.630602775560966],[-47.63212711012862,-15.630800482432758],[-47.63139272390913,-15.63107973015245],[-47.63000251273499,-15.630761482276368],[-47.62854497732188,-15.630871813718606],[-47.62730269442053,-15.630341767732522],[-47.626822055319344,-15.629661118896035],[-47.626962329047586,-15.62923273811786],[-47.62704425809644,-15.62718813345279],[-47.62676885708821,-15.626544183421784],[-47.6254064478738,-15.626105772054824],[-47.62473643313094,-15.625479939344778],[-47.62442384636152,-15.625613723456151],[-47.62349789800094,-15.625000187763108],[-47.622557475984514,-15.62463108909119],[-47.62133164842253,-15.624533103012523],[-47.61765752633407,-15.623337251742894],[-47.61679157195975,-15.62287870027576],[-47.615403081957695,-15.623028668277387],[-47.61353731255362,-15.622653730764942],[-47.61129927770253,-15.622538590837378],[-47.6107382034508,-15.62282612649375],[-47.608776226276426,-15.622731730697142],[-47.607439621168545,-15.622920337109703],[-47.605368557975964,-15.62238734122071],[-47.60335101550968,-15.622319795382344],[-47.602286362777654,-15.622543887154347],[-47.60129517606621,-15.62228672753546],[-47.600559336372584,-15.622300046205565]]]},"properties":{"nome":"Planaltina","regiaoSaude":"Norte","macrorregiaoSaude":"Macrorregião 3"}},
{"type":"Feature","geometry":{"type":"Polygon","coordinates":[[[-47.85950154491655,-15.688227457636716],[-47.8608504443674,-15.687285892574305],[-47.86473471833342,-15.683936689586014],[-47.88308056312167,-15.668261891870431],[-47.88366007709124,-15.667802578744347],[-47.90012384266311,-15.655724585055136],[-47.91201463905974,-15.646964216331341],[-47.923166673543136,-15.63883475765359],[-47.92620953959998,-15.636566131161175],[-47.931927953288934,-15.632395354254735],[-47.956570863353036,-15.614323867887634],[-47.96154366277976,-15.610584966857036],[-47.97049782968168,-15.603735320227342],[-47.974521855454775,-15.600706219704234],[-47.98769447140505,-15.590724382001815],[-48.001756393435464,-15.580053912997455],[-48.00296728470921,-15.579258682432856],[-48.0041028702127,-15.578704793487836],[-48.00614975524942,-15.578124022015542],[-48.00740358060386,-15.57797343796954],[-48.009334742869044,-15.578038593692773],[-48.010728282301315,-15.578304234341278],[-48.01274969021826,-15.579081297917753],[-48.014155474586154,-15.579935766445972],[-48.01699885266618,-15.582402411304397],[-48.02237667640336,-15.587009553034777],[-48.026118335631516,-15.590267058978633],[-48.0275543581902,-15.59163689212938],[-48.02916200208728,-15.593440382284603],[-48.03386626453286,-15.599133441486787],[-48.03845706167321,-15.604771657580597],[-48.04019243612224,-15.606831120629575],[-48.04352078318311,-15.610901660198374],[-48.045093720669186,-15.612457443611605],[-48.04634904082026,-15.613416583903904],[-48.048619383580544,-15.614745621553148],[-48.05408142437561,-15.617231564864051],[-48.05946610854662,-15.619747866947211],[-48.06438885474404,-15.621980957623826],[-48.06665114231116,-15.623062079459702],[-48.07000255182033,-15.624561738487062],[-48.07207844345758,-15.625932061516762],[-48.0735542829429,-15.627255996046046],[-48.074296243756876,-15.628106349356372],[-48.07528117370238,-15.62949720775644],[-48.07631936386276,-15.631539906932858],[-48.076819061621016,-15.633049635755407],[-48.079302933924325,-15.641683863907302],[-48.083096593929326,-15.654713095514866],[-48.084048778486085,-15.658067282576736],[-48.085678896434956,-15.663599642306393],[-48.089222856232006,-15.675867208776022],[-48.08963577853046,-15.677842487223458],[-48.089717464135866,-15.67943448049127],[-48.08966266241196,-15.680784265933047],[-48.08936104766542,-15.68464195170573],[-48.088346722148884,-15.698459791109693],[-48.08675319617481,-15.720420850211951],[-48.086516075974096,-15.723146016240207],[-48.08619428686291,-15.724783242441335],[-48.08563153545654,-15.72650298478533],[-48.08480141667553,-15.728208297499188],[-48.08367747693139,-15.72982350122538],[-48.081948162517286,-15.731490846251818],[-48.08127764292122,-15.732008863253727],[-48.07801654464083,-15.734136186005253],[-48.07574071407249,-15.735400826677974],[-48.07454686114473,-15.735943103528424],[-48.072907732195254,-15.736457251140223],[-48.070493164017805,-15.737018552518567],[-48.06403361147336,-15.737973007727906],[-48.061902565972616,-15.738502395489856],[-48.0600663816841,-15.7391493073398],[-48.057402939748755,-15.740497755569857],[-48.05589203632293,-15.74149366616084],[-48.054029886231135,-15.743006613232573],[-48.05244590845021,-15.744637537361267],[-48.05061924091382,-15.747123677556752],[-48.04994601559213,-15.748300010670146],[-48.04832220561319,-15.751986272583437],[-48.04761968443346,-15.75370605803636],[-48.03692838058793,-15.752963903344918],[-48.017187413535886,-15.751558819559895],[-48.011378272698174,-15.752804098580116],[-48.00690958265607,-15.75390430354359],[-48.00472835816188,-15.75475350823245],[-48.00444975286303,-15.754861968261132],[-48.00433823690197,-15.754905918548008],[-48.00408879091725,-15.755062870318111],[-48.00395216434906,-15.755172380629551],[-48.00361879685217,-15.755439583293759],[-47.999998350898565,-15.759383125541584],[-47.977165120330525,-15.781930081170646],[-47.971226987706224,-15.776644504989124],[-47.975644982223585,-15.772014449798252],[-47.97582828615226,-15.766043392675783],[-47.97629554305066,-15.764194850435443],[-47.97609181682232,-15.763215611252699],[-47.9727515706772,-15.75583620127947],[-47.96957175465866,-15.75261969733718],[-47.96331644756878,-15.74885803625627],[-47.94899699741103,-15.747752040553447],[-47.9423416327959,-15.747905267978906],[-47.927937381675335,-15.740233824901015],[-47.921121920208584,-15.744181347299676],[-47.92115552618337,-15.742618612073942],[-47.91950455654013,-15.73996769686232],[-47.91733205738229,-15.740005884148447],[-47.917010504528015,-15.740191869600292],[-47.926524979418744,-15.755461093672196],[-47.93404250482275,-15.767560312592678],[-47.936266835874164,-15.771248058418632],[-47.937042089150886,-15.772996116367871],[-47.938514856397944,-15.777271462612257],[-47.93609728694913,-15.777997948094425],[-47.92926830943061,-15.78015148279392],[-47.92336405586893,-15.781992719369343],[-47.913922474771944,-15.78497445072044],[-47.914420436086765,-15.786431216652284],[-47.91055052169055,-15.787653992384628],[-47.90997324632267,-15.78800381651063],[-47.90847518341552,-15.788470333029075],[-47.91119474849656,-15.796534081142923],[-47.911355452609314,-15.79662399496291],[-47.91299267623207,-15.796130303461306],[-47.91364641080704,-15.798090192261746],[-47.91431494512632,-15.79893660584019],[-47.91966361314265,-15.802022257838958],[-47.92078474834647,-15.802505592855285],[-47.92384053577036,-15.804270788475877],[-47.927482647291995,-15.806305186554567],[-47.92888385025194,-15.806955292050192],[-47.93182949883211,-15.807919033183493],[-47.9342497057346,-15.80880979286001],[-47.93483197573546,-15.809142395711405],[-47.939530798882,-15.81077042150646],[-47.94098976261641,-15.811058872999224],[-47.942488267494674,-15.81100988720932],[-47.945913004683845,-15.81047147403853],[-47.948400442400526,-15.810152656871043],[-47.94953740502134,-15.816997105766509],[-47.9505414106919,-15.823232419130917],[-47.95194216359589,-15.83230779145704],[-47.95234670461274,-15.834620308965166],[-47.95329693713039,-15.840579121918777],[-47.946458887525814,-15.8426749202471],[-47.94509497632825,-15.843170128854261],[-47.94136018831371,-15.844337865608914],[-47.940110825789596,-15.84456389063215],[-47.93148333932559,-15.845098956748503],[-47.93172246995589,-15.848495693632218],[-47.93231984602658,-15.851287864408835],[-47.93059366583449,-15.851194997016174],[-47.92936306372678,-15.851407426382696],[-47.92811542596802,-15.851172792520476],[-47.92731336696322,-15.851225368648953],[-47.926758165896814,-15.850878754473127],[-47.925934720700056,-15.851073001451033],[-47.92518221186802,-15.850882366651824],[-47.92494002786405,-15.851669593655187],[-47.92344877418675,-15.851360353244132],[-47.92267494384144,-15.85157541378737],[-47.92085307330867,-15.851356772183589],[-47.91988534610086,-15.85160945283445],[-47.917690928948396,-15.850564029761742],[-47.91610655141718,-15.849651409319657],[-47.914476384060976,-15.848436332209365],[-47.91168833321931,-15.846862976791105],[-47.90905984742661,-15.846095307265564],[-47.907271684378244,-15.845916226156925],[-47.90568290061055,-15.845188286392705],[-47.90434359426863,-15.844137846297171],[-47.90353828695576,-15.844390981905326],[-47.90235692240708,-15.843814672280738],[-47.89873701723928,-15.841775348073183],[-47.89787312360021,-15.840650542125816],[-47.89480626354213,-15.841023353934736],[-47.893739418920816,-15.841088142981969],[-47.892309621687055,-15.84097666553614],[-47.8906261186575,-15.840076395297515],[-47.88974289596847,-15.839298275900745],[-47.88712089062223,-15.837778526452068],[-47.88613879935303,-15.83696186362659],[-47.884709425225765,-15.835153681621053],[-47.88426945195917,-15.833651702425795],[-47.884308809846715,-15.833031373514181],[-47.883934807956265,-15.831535317600588],[-47.88394836802548,-15.830990964695463],[-47.88339388111972,-15.830008382305365],[-47.883200447787914,-15.828586634965863],[-47.88186694276609,-15.82900334448515],[-47.88043856846374,-15.828231557178308],[-47.879763124303295,-15.82746758672859],[-47.87943099917645,-15.826169652337445],[-47.87909831080592,-15.825821954582304],[-47.8776765921215,-15.825373777468759],[-47.8770700460484,-15.824739802260552],[-47.87600888955947,-15.824577045567583],[-47.874781962459586,-15.824757714243827],[-47.872428839047565,-15.824218785402087],[-47.871878397255536,-15.824546097780312],[-47.871170956002985,-15.825579143559553],[-47.87084722922573,-15.826629308534509],[-47.87164386060958,-15.827053755484068],[-47.87198605944402,-15.827938389737719],[-47.87177679240701,-15.828863913061593],[-47.871342073386515,-15.829671180536794],[-47.87040106566851,-15.829999580814668],[-47.869429555655046,-15.82964475959878],[-47.868144482403444,-15.828599202932415],[-47.86719057218302,-15.828148835041347],[-47.86608907145637,-15.827878507175782],[-47.86464127378094,-15.828274747428368],[-47.86350081132378,-15.828306971148166],[-47.86169505387226,-15.828017782848967],[-47.86000462123859,-15.827410007274782],[-47.85805998154919,-15.827027900293942],[-47.85713373494794,-15.827032634708264],[-47.85570177097771,-15.827274448359036],[-47.854930520593896,-15.827897963306269],[-47.85474752209243,-15.829101184611918],[-47.85491428174851,-15.829508887595365],[-47.85599336591557,-15.830066123497222],[-47.85707396913378,-15.830879571558329],[-47.857548750320994,-15.831505438215855],[-47.858448263957705,-15.831985968328304],[-47.859314564183414,-15.833155075606602],[-47.860929764708665,-15.83473387270579],[-47.86155055087565,-15.835148140210931],[-47.86163583603041,-15.835725326692],[-47.86341051985794,-15.837740865745364],[-47.864754310589774,-15.839597389013418],[-47.8661053246748,-15.840867637172854],[-47.86665413422796,-15.8415349967178],[-47.86767972910974,-15.843765459370136],[-47.868636469921626,-15.845261960483414],[-47.868981699671835,-15.847079260612038],[-47.869787951114056,-15.847844104878465],[-47.86975740480114,-15.848445551153896],[-47.86898523274585,-15.849170225590257],[-47.86851853909112,-15.84933368058773],[-47.868138335231954,-15.850464594424913],[-47.868614779200776,-15.85117388567823],[-47.869085944668974,-15.852936686886828],[-47.86997580500965,-15.853280131291868],[-47.870403484831584,-15.853669731728477],[-47.87087278000736,-15.854786992034597],[-47.87196469032004,-15.8553713491563],[-47.87296986380047,-15.856189413445843],[-47.87341456130714,-15.857026395436776],[-47.874343536990224,-15.857683828019347],[-47.873967421363915,-15.85828708900873],[-47.87318266750476,-15.858690371822686],[-47.87203810693327,-15.859026429416804],[-47.87059279399792,-15.858234425715589],[-47.86995410440733,-15.856602555891758],[-47.86951915721475,-15.85671252889335],[-47.86876545721664,-15.855946718436467],[-47.868797910652916,-15.854708195335668],[-47.86968442476914,-15.854040334935007],[-47.86735068700096,-15.853238121630376],[-47.867536406499426,-15.85264729016718],[-47.866764386259405,-15.852314358815809],[-47.86515684387196,-15.852644279468501],[-47.863577627162044,-15.852015076160813],[-47.86248436847812,-15.852075581532999],[-47.860925852545606,-15.852362859309661],[-47.860083868816325,-15.853038169901188],[-47.85879183901117,-15.853196353921478],[-47.85844855950344,-15.851504267061907],[-47.860281299651156,-15.85076094729113],[-47.861918175625895,-15.850757227090497],[-47.86306337220461,-15.850059281672392],[-47.863818273250246,-15.849929094032484],[-47.86332043680125,-15.848652499410095],[-47.86144693829247,-15.846253075009345],[-47.86082740168204,-15.845582452359995],[-47.85962690301781,-15.845176714996],[-47.859384745064986,-15.84488918588327],[-47.85801591199798,-15.8440985984015],[-47.85676453634932,-15.842496303633043],[-47.85563897604441,-15.841397782834342],[-47.85424731768435,-15.840217293313078],[-47.85278861895295,-15.83939633832805],[-47.85155493203055,-15.839242009957072],[-47.85058016472587,-15.83942486319805],[-47.850117826103634,-15.839767860465745],[-47.848485566571135,-15.840165427285294],[-47.84670746285732,-15.8396853253998],[-47.843560238615616,-15.839044955881098],[-47.842745979590944,-15.839285745760684],[-47.84213016739569,-15.83900676046555],[-47.84140542009919,-15.839159908508508],[-47.8409476503085,-15.83870115972004],[-47.83976727660158,-15.835979685348194],[-47.83849777384881,-15.83385899770889],[-47.837130300831134,-15.832507294436978],[-47.83541856015893,-15.83151043784711],[-47.832603488891834,-15.830750358519024],[-47.83147940362061,-15.83078203218514],[-47.83022314293345,-15.831478946649945],[-47.829145074760966,-15.83177232069269],[-47.82834668267917,-15.832355372887678],[-47.82513825801377,-15.832838794436856],[-47.82550316356365,-15.832093150288042],[-47.82678242651199,-15.830780199124456],[-47.82743257860561,-15.829422329578147],[-47.82754522195235,-15.828597093290991],[-47.827138455808544,-15.82783030934055],[-47.82535699598882,-15.826403205537297],[-47.825078544301896,-15.825953386746214],[-47.823838846751926,-15.825378448830362],[-47.823099124539645,-15.825299252599526],[-47.82306708522671,-15.824476280287746],[-47.82224123883319,-15.823020168420122],[-47.82155786434542,-15.822247732529158],[-47.82060005004677,-15.82176380337754],[-47.81990233665043,-15.821627961512123],[-47.81891697102203,-15.82114626937473],[-47.81744976434658,-15.82101232247225],[-47.81685475354004,-15.821454645955761],[-47.81624343651446,-15.82126900123604],[-47.81657772029294,-15.820675223239306],[-47.817778649250194,-15.819225639659104],[-47.81827942678342,-15.819003276824619],[-47.81896819565447,-15.818115421992449],[-47.81938762534883,-15.817157477037778],[-47.81907561170457,-15.81514284595038],[-47.8185524095269,-15.813408684289774],[-47.81857636939216,-15.812718866703714],[-47.81818729466956,-15.810214586233274],[-47.81887523709056,-15.809019501775703],[-47.81840411923306,-15.808490398289072],[-47.81742048735315,-15.80796156827952],[-47.81705562582072,-15.806526204592522],[-47.81698907592952,-15.805689952936934],[-47.81390134531245,-15.806469311518882],[-47.813355486724994,-15.805858907524287],[-47.81472869368912,-15.804706896684896],[-47.81522437418143,-15.803881127368543],[-47.815256662327684,-15.802863796396212],[-47.8142985632631,-15.801618334650248],[-47.81383748497721,-15.80073373395823],[-47.81354674793046,-15.799751172264244],[-47.81278117849249,-15.798229888653408],[-47.812204584945924,-15.797421442014466],[-47.809678973321255,-15.795428645291624],[-47.810268441522474,-15.795042397956925],[-47.81042499002873,-15.79453762187676],[-47.809210721987824,-15.793187582598451],[-47.80799048374354,-15.79292831044174],[-47.80745026388114,-15.793058109501873],[-47.80676804013523,-15.792819204309417],[-47.80549033845886,-15.792764405297708],[-47.80404844720643,-15.79239116826847],[-47.803544858844674,-15.79280176837972],[-47.80270554311178,-15.792714881742427],[-47.80245908941527,-15.793029631685098],[-47.80337946822108,-15.79448108848177],[-47.801705711912355,-15.794043507784165],[-47.80129545132209,-15.794151559553356],[-47.80133285896715,-15.79486949182867],[-47.79963155043034,-15.794738297927148],[-47.79857504721459,-15.795214071309509],[-47.79896108922478,-15.795658252581555],[-47.798506376401,-15.796136173544907],[-47.79872570546751,-15.797030985454128],[-47.798240079818186,-15.797222353908346],[-47.797825589959565,-15.796020321695737],[-47.79688492809295,-15.796131087464532],[-47.79575575476397,-15.796039975378356],[-47.79590744338453,-15.796582507718263],[-47.795257260748194,-15.796934644224164],[-47.7946712330945,-15.79594614646579],[-47.79375877383623,-15.796332067930468],[-47.79286007497148,-15.796078005166684],[-47.79186510006448,-15.795485649517087],[-47.79141019500123,-15.795684756618305],[-47.78973527986579,-15.795705256574687],[-47.78921607159786,-15.796007272831911],[-47.789245663001644,-15.797202765169498],[-47.78959588648651,-15.798058326769528],[-47.789285349672575,-15.798492842339703],[-47.789361688505416,-15.800006968678058],[-47.788631792065715,-15.799946078629326],[-47.788268377719206,-15.800688248969843],[-47.787264929004124,-15.801794925000843],[-47.78585531062659,-15.802230997918485],[-47.78391771462734,-15.797855796446955],[-47.78398645820446,-15.797382591311422],[-47.78450970350125,-15.797079563178478],[-47.78472911700941,-15.794571341192892],[-47.78437851713042,-15.793840740922818],[-47.784813997922285,-15.793479888449475],[-47.78541750589309,-15.79356291779426],[-47.78561393869964,-15.792314513452014],[-47.78545233178002,-15.79178526690291],[-47.78586151618857,-15.791405896796865],[-47.78579849667645,-15.790867225760572],[-47.78650454823525,-15.790417414414595],[-47.787185413728444,-15.79087143027074],[-47.78790926809955,-15.790412927230959],[-47.787537953070114,-15.790024655375165],[-47.78792258023374,-15.789272723818327],[-47.788391022009996,-15.789358380132558],[-47.78914556911943,-15.790673540721167],[-47.78938307649402,-15.790488790962112],[-47.78939644701871,-15.788622745676783],[-47.78974756792055,-15.788749873834584],[-47.79017086486221,-15.78977367499776],[-47.79098510681889,-15.790322038185522],[-47.792216258695554,-15.79002712588094],[-47.79316642743283,-15.790580687841022],[-47.794278062952515,-15.790731268935417],[-47.79372582542824,-15.78985920575955],[-47.79468851757888,-15.7895023268481],[-47.79452702923688,-15.788928903567585],[-47.79535475580429,-15.788772486278239],[-47.795920736654104,-15.789491571735045],[-47.796643496877195,-15.789678498146483],[-47.79706265797529,-15.79026922406343],[-47.798126610021384,-15.790538386808052],[-47.798334192717235,-15.789895615924012],[-47.799151395521086,-15.789709718371542],[-47.799256382526664,-15.790298496667024],[-47.80147001554137,-15.789028173808951],[-47.80262473605872,-15.789196730833085],[-47.80367383446159,-15.788920972492129],[-47.80405903385205,-15.788587402847028],[-47.80497154251766,-15.78840949915755],[-47.80564692379603,-15.787859398482315],[-47.80640185628271,-15.787575006142085],[-47.80686559358183,-15.786798436979758],[-47.80630627194322,-15.785578203580146],[-47.808020749782095,-15.784011783823455],[-47.80810073038511,-15.783584351578547],[-47.80937569399649,-15.782419593077796],[-47.81011726673826,-15.781533247936254],[-47.81067512502128,-15.780499843373715],[-47.81064281082388,-15.780089218337556],[-47.811156883423315,-15.779177082100638],[-47.813711303120826,-15.777192026256397],[-47.81462190915467,-15.77624758533603],[-47.81512160960787,-15.77606629416885],[-47.81607980119894,-15.775289444052655],[-47.81650653419656,-15.775208692909505],[-47.81740752556191,-15.773854813642465],[-47.81726101303401,-15.771611102200087],[-47.81776533801431,-15.769424070596376],[-47.81821853448188,-15.766800519670095],[-47.818872737977436,-15.765145127672232],[-47.81840883179504,-15.764443034605408],[-47.817883391914,-15.764340285574553],[-47.817271131657385,-15.764745095706242],[-47.8162857094351,-15.764705662102216],[-47.81525575502925,-15.764288566957712],[-47.814358173668715,-15.764126455899634],[-47.81366006501366,-15.763672793405735],[-47.815289195714016,-15.762910619701445],[-47.81610347989151,-15.762110636949343],[-47.81730402975972,-15.761177470328038],[-47.818973376238716,-15.760164502795943],[-47.81957609189545,-15.759336692375914],[-47.819864829292385,-15.75860483259385],[-47.81924107868496,-15.75647730948088],[-47.81861932682905,-15.755197252469419],[-47.81798930418431,-15.754591606567491],[-47.817867184509645,-15.75414642322632],[-47.81633572493518,-15.751981145625184],[-47.816131254901784,-15.75150417107783],[-47.8171193307474,-15.751065199920456],[-47.81905995137422,-15.752019245925002],[-47.820180772167696,-15.752692944295829],[-47.82126685421082,-15.752340012505012],[-47.822078798277,-15.75132779025231],[-47.821883158682844,-15.750391937090319],[-47.82110993380204,-15.749117134760178],[-47.82165972790875,-15.748152838309029],[-47.8223625087016,-15.747482748416425],[-47.823083259393414,-15.747201174277617],[-47.82401232221307,-15.745593282239545],[-47.82533418686544,-15.744791444125182],[-47.82642517460834,-15.744857231456182],[-47.82740921971328,-15.74434170614634],[-47.82799565340547,-15.743695282900818],[-47.82802865750902,-15.743228752498304],[-47.8287664222923,-15.742668327698064],[-47.82977272495504,-15.742985784583764],[-47.83009536387249,-15.743668714142427],[-47.83062249258626,-15.742914536581877],[-47.831206490945725,-15.742852028120645],[-47.832154937612586,-15.742341670751077],[-47.83205867504506,-15.741679142717405],[-47.8325858369965,-15.741004198217064],[-47.83305931652488,-15.740934024251734],[-47.83489233604864,-15.74151989367694],[-47.83500836604401,-15.741999517519044],[-47.83561862485417,-15.742026741014621],[-47.835487759181895,-15.741374733575709],[-47.83574154223282,-15.740689724661204],[-47.8363824533571,-15.740198383722438],[-47.836333759278816,-15.7396303028942],[-47.83671490726734,-15.738829633589035],[-47.83598586332884,-15.737244224339884],[-47.83665312653199,-15.736786274563206],[-47.8380710130034,-15.736263075797396],[-47.838619119175696,-15.73527914785611],[-47.83838260623612,-15.73457804535459],[-47.839240650046044,-15.734225536914716],[-47.8402036898447,-15.734927641898956],[-47.840859504019555,-15.735140680024758],[-47.84271203674793,-15.734900165838923],[-47.844007744255855,-15.73484333395271],[-47.844456406926206,-15.734034409083211],[-47.846075504343155,-15.733320678266637],[-47.846465267175255,-15.732095149862467],[-47.84698021293715,-15.731300264914523],[-47.847464443502844,-15.73001167583123],[-47.8484945919448,-15.72924459852275],[-47.84998795217144,-15.728700958372718],[-47.85089511855605,-15.728536911438233],[-47.850911886509145,-15.72818045563609],[-47.852193656655444,-15.728000420315844],[-47.8528907654856,-15.727226863256174],[-47.85370059042602,-15.72734655120296],[-47.8554256773684,-15.725865466488983],[-47.85697000890258,-15.724683562915752],[-47.857726724545095,-15.724257360774766],[-47.85906352009581,-15.724496564557823],[-47.858770734890186,-15.725144817130332],[-47.859436990183596,-15.725542864764144],[-47.85933068624782,-15.726465790220088],[-47.858243498378584,-15.727181796728521],[-47.85775245498978,-15.726985881429254],[-47.85736163214563,-15.727773924571476],[-47.857387710238335,-15.728970583212691],[-47.85653469429905,-15.729608691863941],[-47.85595188171575,-15.730636064947445],[-47.855178904769964,-15.730980663562608],[-47.853395904339536,-15.731199007103648],[-47.8530932376658,-15.732524444911203],[-47.850797653144355,-15.734719058243577],[-47.84982697497084,-15.73528135098651],[-47.848825682212436,-15.736462028308543],[-47.848412106838786,-15.736628853008456],[-47.84733532415548,-15.737782434194505],[-47.84560315220046,-15.738220622148022],[-47.84429814353608,-15.738884095259717],[-47.84255101283494,-15.741139262345952],[-47.841052312123935,-15.74335902085055],[-47.84013139971884,-15.744218141767503],[-47.83864114766309,-15.74499993617302],[-47.83675480773732,-15.74554173955127],[-47.83567423326521,-15.745740964843066],[-47.83398226990229,-15.74645803870652],[-47.83260264267883,-15.747215636443968],[-47.83121255098063,-15.74823597007258],[-47.829582855239956,-15.749219723763385],[-47.82771614889303,-15.750675640603784],[-47.82752045899322,-15.751294439840427],[-47.828025093892286,-15.75268390860362],[-47.82870294913096,-15.753671278876425],[-47.82912444315384,-15.753861808114321],[-47.8297847246506,-15.754692804309256],[-47.829859940589344,-15.755956290830328],[-47.8294806961309,-15.756983539386217],[-47.828285163353556,-15.758439386741316],[-47.82728499079432,-15.759095951786232],[-47.82698091735885,-15.760654236675954],[-47.82731397493696,-15.76112259446653],[-47.82813963717585,-15.763121621907317],[-47.82834535496917,-15.7657975230565],[-47.82923144058902,-15.769741897162197],[-47.83113892595826,-15.773008558976564],[-47.83185122529987,-15.77362071657313],[-47.83358193839087,-15.773215597372191],[-47.834914714879,-15.771683982675926],[-47.83511135609469,-15.770937304085974],[-47.83456358140075,-15.770090393194575],[-47.83460894362765,-15.768832073632721],[-47.835090805335945,-15.767487231797382],[-47.83562200341796,-15.767108064341366],[-47.83558677778071,-15.76619807944028],[-47.83622800421367,-15.765454047713861],[-47.83745237201332,-15.764576115487829],[-47.839262015576764,-15.763987066256568],[-47.840532484018475,-15.763342892798558],[-47.84114691370651,-15.762118053809463],[-47.84264438013231,-15.76063496428489],[-47.844791728258826,-15.759978014306823],[-47.845176397643264,-15.759231694662212],[-47.845038376889754,-15.757748045434301],[-47.845170113927864,-15.757193505960371],[-47.84612534287512,-15.755281633241335],[-47.84681965345316,-15.754592173724568],[-47.848393632984966,-15.753734884609782],[-47.848658215582226,-15.753459283829434],[-47.85033581937532,-15.752694886999867],[-47.852248917418464,-15.750886841409098],[-47.854399918993245,-15.749999966875157],[-47.85534735325878,-15.749478747451253],[-47.85641512763642,-15.749337783707936],[-47.85797971618024,-15.748749243611647],[-47.859427580330994,-15.747902363797012],[-47.861422973037314,-15.747903139340677],[-47.86270191977868,-15.747384229934708],[-47.863067345453096,-15.746785468043552],[-47.86321481378845,-15.745647033985065],[-47.86416484957506,-15.744482517725507],[-47.86578205603834,-15.743300626372573],[-47.86754431796213,-15.742524435949989],[-47.86916135733877,-15.742388898064771],[-47.87027554407387,-15.742102704975334],[-47.872482540335255,-15.741056981065547],[-47.87377890810491,-15.739242073944702],[-47.87528162159029,-15.73810385010985],[-47.87636371691018,-15.736357216777467],[-47.87652258756143,-15.735256272651414],[-47.87700045356335,-15.734824157683725],[-47.87795635445043,-15.733481370791498],[-47.87797459384397,-15.732928057763102],[-47.878750364550285,-15.732113151309944],[-47.87961756848117,-15.73090164316353],[-47.88130497109739,-15.730012458360529],[-47.882627239093324,-15.729806340903213],[-47.88333044478931,-15.729191522076803],[-47.88468139599227,-15.728806221752677],[-47.88663700231466,-15.729430681148818],[-47.88699742437295,-15.729157488397126],[-47.88793503376423,-15.729447226718285],[-47.88958799137918,-15.72965858187457],[-47.891701994940675,-15.729703902067905],[-47.89356334463356,-15.729382377762654],[-47.89408445104167,-15.730060494413113],[-47.89482558989716,-15.73016526163221],[-47.89508966943786,-15.728924134451349],[-47.89555102081159,-15.728567081834186],[-47.896384872092604,-15.728368833232198],[-47.896794361928336,-15.727868775061555],[-47.897598064850115,-15.727930135507364],[-47.899077666479855,-15.72721912605376],[-47.899864876333,-15.72751691042488],[-47.90035519927296,-15.727355486853316],[-47.900856918240606,-15.727810241244732],[-47.90214293382494,-15.727780765076785],[-47.902580805033764,-15.727440270885351],[-47.90383411745018,-15.72720260970239],[-47.90443631657561,-15.727243329453838],[-47.90483281767067,-15.727702944479562],[-47.90620792367331,-15.727447740891945],[-47.9068066409287,-15.727842316643974],[-47.90815783827004,-15.727798515283395],[-47.908528243306094,-15.72850599395457],[-47.909453390369436,-15.72864345376343],[-47.910377303147584,-15.728216136696327],[-47.91077778467765,-15.728559991462966],[-47.91195977445376,-15.728405674660078],[-47.9123694637155,-15.728657976912707],[-47.91405296584675,-15.728211856525855],[-47.914968731803576,-15.728294088528699],[-47.91618828104004,-15.728048314171046],[-47.91636046652043,-15.727688187797664],[-47.917903962621395,-15.727301637751028],[-47.91925544742364,-15.726555593271783],[-47.9199848417051,-15.725990928774138],[-47.92066818834509,-15.726105728491513],[-47.92157323470564,-15.725214273659724],[-47.9217497204213,-15.72465377154551],[-47.92222462827098,-15.72446899716043],[-47.92188337536253,-15.72283991480532],[-47.9216118353134,-15.722240022242934],[-47.92241807507752,-15.721592557679605],[-47.922296374916094,-15.72102350224197],[-47.92261832752067,-15.7195117440711],[-47.92341053739668,-15.718869507577732],[-47.923179004717035,-15.718095698766255],[-47.92326003634893,-15.7169196708748],[-47.92289601474129,-15.71640781644901],[-47.92210123119198,-15.712432691106779],[-47.92182357361576,-15.710405973865518],[-47.92007052571185,-15.702970900078709],[-47.91483611351818,-15.693477410520492],[-47.91468395867199,-15.693921941334875],[-47.913146240534935,-15.695920160718746],[-47.911412728293506,-15.695293064643735],[-47.91140145802996,-15.694676516619692],[-47.910315761364096,-15.694503141961444],[-47.91025905790673,-15.693733039791262],[-47.90939695640665,-15.693477395818414],[-47.908385165935854,-15.69347307686545],[-47.905473633573536,-15.69639016714867],[-47.90211333972622,-15.694786575731715],[-47.892612858791,-15.690047315798024],[-47.87843293316655,-15.682948725047483],[-47.875937177050346,-15.679576829747386],[-47.87540545614884,-15.696256151754415],[-47.87322123307822,-15.695110992135767],[-47.86757576887854,-15.692289523773223],[-47.86187188633762,-15.689576967837981],[-47.860608413077024,-15.688754813469162],[-47.85950154491655,-15.688227457636716]]]},"properties":{"nome":"Plano Piloto","regiaoSaude":"Central","macrorregiaoSaude":"Macrorregião 2"}},
{"type":"Feature","geometry":{"type":"Polygon","coordinates":[[[-48.03822170127214,-15.945430191709772],[-48.04019769036833,-15.942556921593567],[-48.0416929981425,-15.939736285976894],[-48.04247739986207,-15.93791476581597],[-48.043047730354495,-15.93633995379372],[-48.047590641002,-15.922156338377514],[-48.05413084878423,-15.901658042931844],[-48.05818940220359,-15.88904311386415],[-48.06033853438426,-15.882447681974877],[-48.0625901553557,-15.883108132602374],[-48.06467950016263,-15.883541390362142],[-48.07201725650862,-15.885790400001017],[-48.08097916239672,-15.888508712151607],[-48.08400728709975,-15.889391246107342],[-48.101655623307536,-15.89472877652453],[-48.10405777586946,-15.895428870572628],[-48.112078005692986,-15.897869618290972],[-48.11525224946181,-15.89880928581798],[-48.129565714144825,-15.903123315772712],[-48.137653848518994,-15.90553514791911],[-48.14048157345518,-15.90660306552849],[-48.14903395447323,-15.909208929357955],[-48.156610980688406,-15.911472748676657],[-48.16074856788646,-15.912743959639938],[-48.16181488968828,-15.913247909634217],[-48.163194826830505,-15.91446689445344],[-48.163976636012165,-15.91571853256804],[-48.16441123465842,-15.917064841724967],[-48.16630291147529,-15.923618179161021],[-48.169203194235294,-15.9229220118593],[-48.17009578365779,-15.922438872966403],[-48.17200208145424,-15.919518077402595],[-48.1727425959806,-15.918790674041421],[-48.17416414847668,-15.918156534808505],[-48.17542240162716,-15.918085020273852],[-48.17808227725082,-15.91885883566147],[-48.178777712519604,-15.919364520506806],[-48.17929100268643,-15.920071676352833],[-48.179728762504155,-15.921981331452189],[-48.18039749624943,-15.923026062371166],[-48.18112152938528,-15.923457551364342],[-48.18189478750376,-15.923607679119941],[-48.183049735294865,-15.923342603651692],[-48.18365029589323,-15.922906640540425],[-48.18617681930792,-15.920519898590202],[-48.186877131530366,-15.919979324444835],[-48.18779026183016,-15.919650351202622],[-48.18888759078063,-15.919698682573891],[-48.189610224341266,-15.919931658314258],[-48.19594187295893,-15.922346784757474],[-48.19938998521012,-15.923697728076384],[-48.20083307391682,-15.924489209863243],[-48.20323387810749,-15.926143315549963],[-48.20696107445958,-15.928534011766617],[-48.21176914082949,-15.931499754197464],[-48.21272044593559,-15.932028070109373],[-48.219089542622505,-15.934845545481366],[-48.21734287365542,-15.936588282223653],[-48.21712686566052,-15.937169759479454],[-48.21614795622405,-15.938017202783207],[-48.21522442433159,-15.939777213408632],[-48.21449369695024,-15.940619113237288],[-48.214494515315465,-15.941011570357368],[-48.213550438054156,-15.942527749693747],[-48.21401450323835,-15.942707504086453],[-48.21755128908954,-15.944033733868096],[-48.21703434996604,-15.944796582333264],[-48.2165700593047,-15.946181888191699],[-48.21601035678041,-15.946528849526434],[-48.2150627599198,-15.947935312840041],[-48.214425053086124,-15.949137915303192],[-48.21319802537493,-15.949539020730063],[-48.212348672765366,-15.950844357522422],[-48.21080414809341,-15.95254177747091],[-48.211148327713055,-15.953162648439012],[-48.21248329070058,-15.954347549700971],[-48.212972983921524,-15.955143714528118],[-48.21323065847425,-15.956153792790802],[-48.213609769083725,-15.956613612557895],[-48.21483593980214,-15.957500950022787],[-48.216743462002306,-15.95818347788927],[-48.22025208027945,-15.958299505987531],[-48.22214290190018,-15.957776160769765],[-48.22325959493492,-15.955467386006841],[-48.224686432219826,-15.95390898162498],[-48.22532769907696,-15.953776370237806],[-48.22695478072017,-15.952923121101756],[-48.22890112631029,-15.953493801177089],[-48.229635220577315,-15.953231642236721],[-48.231314728798814,-15.954053792026357],[-48.23214424391195,-15.953483891754342],[-48.23305650284592,-15.953205589912024],[-48.23532093738657,-15.95303468163752],[-48.236430045047044,-15.953206007951536],[-48.23712311235675,-15.952388498915099],[-48.238238086016025,-15.952567213185276],[-48.238837300938094,-15.95240951585006],[-48.239981380910905,-15.952897524780758],[-48.24108923542157,-15.952838421321356],[-48.24149871807079,-15.953306194897097],[-48.24277269802694,-15.952976556812189],[-48.244286650334836,-15.954320952518284],[-48.24555370607678,-15.954495320591782],[-48.245734098565606,-15.954733559120083],[-48.24723245612018,-15.954532546595088],[-48.24756646860743,-15.954132453932253],[-48.249104822751704,-15.954447607382718],[-48.24936566296749,-15.954946530379528],[-48.25049501236627,-15.95548099804863],[-48.25135039985791,-15.955398216782239],[-48.251925247977894,-15.95593283525901],[-48.252617089087224,-15.955739868504928],[-48.25330159724888,-15.955855074905758],[-48.25382293632065,-15.956689414602117],[-48.25469683898861,-15.957270896619383],[-48.254356748500136,-15.958207346142215],[-48.254573449096135,-15.959034066909856],[-48.25491072156955,-15.959295288063373],[-48.256022428954466,-15.959538817036483],[-48.2562609550186,-15.960063457501208],[-48.255316522024415,-15.960495340128347],[-48.255095796975965,-15.961750905893343],[-48.255657774034546,-15.961899237035022],[-48.25652009921513,-15.961511656563612],[-48.257481096244824,-15.961304611966241],[-48.257465832071524,-15.962086004409725],[-48.256329024859255,-15.962509562867348],[-48.25608468759355,-15.96330407500832],[-48.25752014690855,-15.963704359229201],[-48.25771096434625,-15.9649128505499],[-48.25915946180928,-15.966241634932308],[-48.26022469395466,-15.966800056290877],[-48.26036587587966,-15.96769231897146],[-48.26011774323188,-15.968111466984029],[-48.26055128366273,-15.968679218335323],[-48.260267092639445,-15.969312671879628],[-48.259703628869055,-15.969687260958919],[-48.2579778852582,-15.972953953857617],[-48.25837640396937,-15.973490328735323],[-48.25929493404234,-15.97339859042327],[-48.25969865130406,-15.974307629014918],[-48.25916688997837,-15.97521057579868],[-48.25902627578863,-15.976496384726845],[-48.258122752970806,-15.976196674659546],[-48.25791643420456,-15.976472073027045],[-48.258508065548995,-15.977235840363296],[-48.25796655301088,-15.977715815071308],[-48.25715111988814,-15.977528574334851],[-48.256496251639284,-15.977099023935146],[-48.25525582555562,-15.977306849316097],[-48.254398048545326,-15.977015858659549],[-48.25350350169382,-15.977013784255515],[-48.25327801467604,-15.975878797028875],[-48.25205550010083,-15.976113490872953],[-48.25150823834491,-15.975701899026264],[-48.249265629272394,-15.975504564120786],[-48.247322845502374,-15.975627565425535],[-48.247064260057954,-15.974728691652262],[-48.24647279669848,-15.973837724684286],[-48.24608213375446,-15.973714616916766],[-48.24561495321285,-15.972274433415983],[-48.244698284449164,-15.972714095232606],[-48.24445828694459,-15.97332233352392],[-48.243575687686366,-15.972811741975038],[-48.24151759257322,-15.97211816104949],[-48.23997483219248,-15.971852988206281],[-48.24031690885605,-15.971298755776019],[-48.23960054733273,-15.971013664554345],[-48.239050448697135,-15.97181584919472],[-48.23842282275758,-15.971808998819816],[-48.2383108118248,-15.972534119893572],[-48.23700897421337,-15.972376535867713],[-48.235838911369285,-15.971875273509909],[-48.235239108949024,-15.972187155227543],[-48.234599329701986,-15.971818884017816],[-48.23320004284853,-15.97175643349827],[-48.23254359086983,-15.971955879373702],[-48.23131517615983,-15.97146843850954],[-48.23091448083071,-15.97101784716878],[-48.230335204016384,-15.971010712628598],[-48.22954608883652,-15.970522873914431],[-48.228521270997454,-15.971239840837443],[-48.22774362550714,-15.970963475765236],[-48.227000824768375,-15.970959748288719],[-48.226358885073076,-15.971423223534172],[-48.226085347170745,-15.970878400155527],[-48.22524967949624,-15.97132624370806],[-48.22456706049161,-15.970703357156186],[-48.2245111188056,-15.969946411013876],[-48.22370950087361,-15.969786881746407],[-48.22314870869288,-15.970720167094443],[-48.22124816460584,-15.970506577827443],[-48.22064129603755,-15.969425676808251],[-48.219768982489335,-15.969637590889251],[-48.21912280094927,-15.969046509032468],[-48.21868070855692,-15.969497910593372],[-48.217871733422754,-15.968961795341205],[-48.217945754602155,-15.968354011037766],[-48.21717456260884,-15.968462098008022],[-48.21701920257372,-15.968025246684379],[-48.215799472775885,-15.967449100464068],[-48.214568598478635,-15.967246086648382],[-48.21405881982626,-15.966105743745453],[-48.21289326832153,-15.965876246922791],[-48.21231227303005,-15.966208314856761],[-48.21160809984851,-15.965821521748309],[-48.211137216451306,-15.965148155770388],[-48.20935840845831,-15.964899583752318],[-48.20908738853372,-15.965223844036053],[-48.20802603621205,-15.965048173389661],[-48.207410277915706,-15.964614903162587],[-48.206859760665196,-15.96471519927124],[-48.20611293637228,-15.964249529458577],[-48.20472287970837,-15.96424893093498],[-48.203248420933626,-15.963315284639101],[-48.20233119611277,-15.963289969476195],[-48.20115697586555,-15.96285308441462],[-48.200689515049575,-15.96227086547089],[-48.20001756892885,-15.962585995756516],[-48.19975766385927,-15.963492963119357],[-48.1992186504343,-15.963430085939192],[-48.19858176915236,-15.963980375896533],[-48.19768122514802,-15.96346499131835],[-48.19708272708155,-15.963432448087394],[-48.19567858034242,-15.96270599681056],[-48.19454513552426,-15.9632581767501],[-48.194197036555025,-15.963100436008233],[-48.19372751859705,-15.96387976072494],[-48.193242144476,-15.963921295570735],[-48.19235444817685,-15.963136273350395],[-48.1925501811958,-15.962904393697162],[-48.19239765085381,-15.961520822822694],[-48.191885236544394,-15.961404017548256],[-48.19182011946607,-15.96035757256909],[-48.19102669866105,-15.959984700326736],[-48.1903983441878,-15.958964467933535],[-48.1897912636171,-15.958603739238024],[-48.18851141047562,-15.956853918862338],[-48.18840595454948,-15.95614936370994],[-48.187768759755514,-15.95513872228622],[-48.18692810373622,-15.953431232660781],[-48.18703350756008,-15.952628821514107],[-48.18657230261175,-15.949560297083883],[-48.18693556065139,-15.948714717264552],[-48.187263866141656,-15.946708369712702],[-48.18706719258661,-15.945725725798823],[-48.18572166002144,-15.945538659867623],[-48.18171612876342,-15.945941028386205],[-48.18049285062021,-15.946211139024824],[-48.179123439038165,-15.94667646811522],[-48.176237680239666,-15.946272681070827],[-48.175100141798765,-15.946675348700216],[-48.17300968847076,-15.947079758557214],[-48.172782186531805,-15.946273298650564],[-48.17209137579011,-15.946360872301392],[-48.166374871919444,-15.94678259052942],[-48.163371382614756,-15.946908365681663],[-48.16299421056968,-15.946663308942313],[-48.163047131221376,-15.945983303727989],[-48.162733285013935,-15.945218244252116],[-48.16108229470946,-15.942673090892384],[-48.16017822481762,-15.940282203778713],[-48.158825041301185,-15.938743594963352],[-48.15679061499914,-15.937128048060757],[-48.15564429283138,-15.936990860457312],[-48.15416219927504,-15.934648238581488],[-48.153281408325476,-15.933866237331495],[-48.153139364017804,-15.934443990864262],[-48.153572496613506,-15.94394186718796],[-48.15337487533584,-15.94714045991358],[-48.15273482389929,-15.946751397215321],[-48.15157048961176,-15.94635322813586],[-48.15077117855342,-15.945626197561749],[-48.14941376397199,-15.94511063103631],[-48.14840821319914,-15.94454656851278],[-48.14720662487848,-15.943534265457247],[-48.144500000029105,-15.942912646886523],[-48.14187099411186,-15.94321489179019],[-48.140435996530925,-15.943750765839484],[-48.139482066547565,-15.943964210012853],[-48.13797277020779,-15.944655740245011],[-48.13623636718778,-15.94509506102617],[-48.13451406592109,-15.945214152656842],[-48.133394561159506,-15.944855628564392],[-48.13106457655257,-15.942980238006806],[-48.12925533004448,-15.942491980359103],[-48.12750482706777,-15.942754406424731],[-48.126991174879876,-15.94230866878919],[-48.126583690083855,-15.943538752688712],[-48.12695911670234,-15.944012820569812],[-48.12642581386762,-15.946954934495661],[-48.12578082349362,-15.947439050859233],[-48.12482740375334,-15.948661733880298],[-48.123931533683425,-15.949608781042867],[-48.123927423891004,-15.95020457230424],[-48.12295212029209,-15.951717352475198],[-48.1230676481292,-15.952041983901186],[-48.12228680463647,-15.953041894552657],[-48.12253977561037,-15.954232036678912],[-48.12210059555616,-15.955659840844794],[-48.121182060093325,-15.955351459913743],[-48.12114492463779,-15.954707418892031],[-48.12026232807451,-15.954757934782501],[-48.12007151512839,-15.95367859761343],[-48.118774026261235,-15.953727829417886],[-48.117610018062166,-15.952771544365737],[-48.116325769464005,-15.952457782325903],[-48.11583780999156,-15.952049871419709],[-48.11499439614434,-15.95193892185204],[-48.11433329089246,-15.951192315302752],[-48.11395522502367,-15.951084964411498],[-48.1127117653293,-15.951587775631355],[-48.111473504185476,-15.950829549765844],[-48.110745345087516,-15.94966264863972],[-48.10911388236068,-15.948612205433289],[-48.10819272112225,-15.947053450628399],[-48.1073066462822,-15.946661916583432],[-48.10666401129088,-15.945359260423183],[-48.106448367113664,-15.944603836345834],[-48.10552381742998,-15.944379343686299],[-48.10525796730986,-15.94334491974548],[-48.10472958903952,-15.942551654361326],[-48.10387596134752,-15.942047401314449],[-48.103288215216686,-15.94087823350987],[-48.103529231410796,-15.940353115266491],[-48.10281657813296,-15.9389847234096],[-48.10280406370274,-15.938656343631944],[-48.102063222189614,-15.93713013151562],[-48.10070507907449,-15.936499424169424],[-48.09990890044155,-15.935586491978219],[-48.098880948380454,-15.935216494159295],[-48.098553018385985,-15.934672588180018],[-48.097237750062746,-15.933680944956343],[-48.096565079899904,-15.933431320679071],[-48.096325784877884,-15.932860056594233],[-48.09582575294634,-15.932881002152113],[-48.09494956316766,-15.932353702595691],[-48.09437234080038,-15.932246646546007],[-48.09214561214547,-15.933517012527005],[-48.091354498214095,-15.934471916614205],[-48.091247984970856,-15.935028742939013],[-48.087744970384456,-15.937858768427184],[-48.08331229829366,-15.941323349819026],[-48.082679257309586,-15.941675160977086],[-48.08154721925315,-15.940395965331513],[-48.08058462142562,-15.93947783020143],[-48.07970183801276,-15.939027634231447],[-48.078352403166,-15.938747939778239],[-48.077323474636195,-15.938918724616274],[-48.07529999071263,-15.939719107198446],[-48.073514310607706,-15.940894341976733],[-48.06935202602755,-15.943503735869164],[-48.06673231677518,-15.945096436984619],[-48.06217742799167,-15.947959841347496],[-48.06154694181625,-15.94812357022393],[-48.05553233830676,-15.951839230864309],[-48.05373448872468,-15.9527117637126],[-48.05236275679425,-15.953102145833894],[-48.05089375438654,-15.953295663588385],[-48.04930237897926,-15.953271457036795],[-48.04802811695211,-15.95306506553335],[-48.045192665606166,-15.952172111506352],[-48.043932216074815,-15.951648447983626],[-48.04224712033225,-15.950579987424762],[-48.040738043181406,-15.949194244672162],[-48.039538769819224,-15.947574902881046],[-48.03822170127214,-15.945430191709772]]]},"properties":{"nome":"Recanto das Emas","regiaoSaude":"Sudoeste","macrorregiaoSaude":"Macrorregião 1"}},
{"type":"Feature","geometry":{"type":"Polygon","coordinates":[[[-48.02776445257559,-15.875907725569666],[-48.03287736762707,-15.875203871537897],[-48.03837480923086,-15.874395622322606],[-48.03848914949517,-15.874784117442672],[-48.0398450827547,-15.876956542549502],[-48.03987486639794,-15.877461775431817],[-48.039469374065206,-15.880325726280153],[-48.03952360895217,-15.880938915451932],[-48.04001809468515,-15.882233781052166],[-48.03913423778553,-15.883329168525124],[-48.038591084923716,-15.883057882953768],[-48.03752608184874,-15.883987813924772],[-48.035739931924915,-15.885227485954518],[-48.03518949462446,-15.885275423834573],[-48.034739842909,-15.885719199687312],[-48.0349320877697,-15.886423420460465],[-48.0342912943247,-15.88756345741735],[-48.03367229131356,-15.88797967963523],[-48.03260535057251,-15.887880074404118],[-48.03240410459267,-15.888302984169316],[-48.03092048569698,-15.889056290635676],[-48.03027061118278,-15.88969663092633],[-48.02891018185525,-15.890216170603884],[-48.027822484641256,-15.890332452248343],[-48.02697473013458,-15.891121975423225],[-48.026817932795005,-15.891722241959046],[-48.025937025962776,-15.89240640431787],[-48.02577144489635,-15.893093126905281],[-48.025096866711834,-15.893683422485124],[-48.02505621435197,-15.894259847862166],[-48.02366209820129,-15.895345350045007],[-48.023347239592525,-15.896173639462454],[-48.02277101615184,-15.896924036023522],[-48.02278493644548,-15.897373662834973],[-48.02226223013785,-15.897861537709707],[-48.02128783204074,-15.89753185697461],[-48.02116779196595,-15.898370306991767],[-48.02053845832905,-15.898331016091676],[-48.017573345951625,-15.901376984113272],[-48.01754465825302,-15.901766588298473],[-48.01639594746492,-15.902148468990076],[-48.01541393345084,-15.902930276650745],[-48.014484155572205,-15.903883937803155],[-48.01426154406165,-15.904353993054297],[-48.01283916331887,-15.905383801487103],[-48.011985489812794,-15.905610158031633],[-48.011577027649736,-15.906057696334036],[-48.01095731676615,-15.906005098231404],[-48.009663101359905,-15.906279527771213],[-48.009261054964604,-15.907359682242976],[-48.00853945087329,-15.908054023592106],[-48.00730225872465,-15.908871852296617],[-48.00560507704825,-15.908909313106523],[-48.004194333081664,-15.909569032400679],[-48.0030873544284,-15.910865829444662],[-48.00263006074481,-15.911590609330728],[-48.00290657746063,-15.912477233623227],[-48.00271537913724,-15.913128403376762],[-48.00164201634023,-15.914529729964848],[-48.00048451104549,-15.916325292876982],[-48.00084595089501,-15.917330302990056],[-47.99966896832829,-15.918350303961859],[-48.00043383887695,-15.919948158063518],[-48.00088749348532,-15.920622247681825],[-47.9996272451766,-15.921658981200842],[-47.9983914130773,-15.920971316961353],[-47.99730696237473,-15.92055345086022],[-47.994750426246405,-15.920125915564215],[-47.993722665526484,-15.920264902018765],[-47.992378901744104,-15.921188379865413],[-47.99126324087362,-15.92152222359147],[-47.99055673746223,-15.921983904868583],[-47.98940711218917,-15.922412524661484],[-47.98819727913083,-15.92353389547559],[-47.98682805619499,-15.924005593579674],[-47.98529769166685,-15.924962298232849],[-47.98359515782799,-15.925023727586192],[-47.983169984305704,-15.923914517650612],[-47.982261977097984,-15.923036093373245],[-47.982115965830026,-15.922012445686894],[-47.98168951580171,-15.921610528497833],[-47.98188929932427,-15.920789242648732],[-47.98175562372179,-15.92005337719183],[-47.981982447432706,-15.918385935060437],[-47.981945305688974,-15.917035980570427],[-47.98233298622625,-15.916359956792897],[-47.98316499057104,-15.915508550163823],[-47.98322778999592,-15.915071686299028],[-47.983956812374856,-15.91386870779794],[-47.98395562929363,-15.912437125644802],[-47.9838182364625,-15.912129051492174],[-47.98444507547787,-15.909845996954996],[-47.98507215703837,-15.90873231888223],[-47.98623186410386,-15.906992734748897],[-47.98569144122219,-15.905010755393278],[-47.98636961176952,-15.904174971498039],[-47.986788288675676,-15.903952478560447],[-47.987630844631795,-15.90280390202508],[-47.98751096625376,-15.90139491779981],[-47.98794749627787,-15.90104506980123],[-47.98773719438165,-15.900018772692878],[-47.98789675943062,-15.899640710929553],[-47.98752712874235,-15.898932980384227],[-47.987684373442946,-15.8981589604258],[-47.988765399767644,-15.896229002226375],[-47.988895273699846,-15.895064839665693],[-47.98923573609084,-15.894412638584216],[-47.98922198917205,-15.893849650158556],[-47.98880755500898,-15.893124053808506],[-47.98857882507302,-15.891372462674424],[-47.988959168171064,-15.890916763319632],[-47.98905705758757,-15.889709086222501],[-47.988659073373995,-15.888466500745963],[-47.98890347082681,-15.88713234931011],[-47.988601644077875,-15.88573738014769],[-47.98790027004675,-15.884318073272123],[-47.98666727482712,-15.88347395809909],[-47.986331536676204,-15.883533119121717],[-47.98495077128728,-15.882752389565919],[-47.98391804827372,-15.881794514640804],[-47.98307149661122,-15.882249826826136],[-47.98256754802503,-15.8821408976741],[-47.98108328324064,-15.881245587532181],[-47.98071453469799,-15.880846356351595],[-47.9800974684546,-15.880908965621392],[-47.97901513148789,-15.880528236987617],[-47.9796550912963,-15.87930887543094],[-47.98007182873976,-15.878103749342996],[-47.980768574650526,-15.878187960480112],[-47.982164684162825,-15.87787782066442],[-47.98350744183208,-15.878088537038247],[-47.98454294962301,-15.877752588988336],[-47.9863525545589,-15.877461456599708],[-47.98755496304143,-15.877631803599368],[-47.988102239170395,-15.877886182861504],[-47.99234657676692,-15.878084177951505],[-47.993437427067576,-15.878315161032681],[-47.994203830142105,-15.87866255147065],[-47.99525487070263,-15.87944151351305],[-47.9960201472898,-15.879768134093862],[-47.99855098800774,-15.879778590630224],[-48.00023572801745,-15.879915035333036],[-48.00048033028616,-15.877268154387346],[-48.011525891950505,-15.878227108425275],[-48.01329412228103,-15.87812590853484],[-48.023675276486514,-15.876656316642812],[-48.02598016126609,-15.876167616186754],[-48.02776445257559,-15.875907725569666]]]},"properties":{"nome":"Riacho Fundo I","regiaoSaude":"Centro-Sul","macrorregiaoSaude":"Macrorregião 2"}},
{"type":"Feature","geometry":{"type":"Polygon","coordinates":[[[-48.03837480923086,-15.874395622322606],[-48.04236506463748,-15.87382346987669],[-48.04384623023414,-15.873831293069108],[-48.04563022060801,-15.874279210507197],[-48.04745464055957,-15.875391590495484],[-48.051507543575774,-15.878125525764759],[-48.05469710901009,-15.880206997102043],[-48.05665782135655,-15.881216957117324],[-48.05874420082474,-15.881968772005933],[-48.06033853438426,-15.882447681974877],[-48.05818940220359,-15.88904311386415],[-48.05413084878423,-15.901658042931844],[-48.047590641002,-15.922156338377514],[-48.043047730354495,-15.93633995379372],[-48.04247739986207,-15.93791476581597],[-48.0416929981425,-15.939736285976894],[-48.04019769036833,-15.942556921593567],[-48.03822170127214,-15.945430191709772],[-48.03713747874166,-15.946760916557773],[-48.031541892599826,-15.953361999682077],[-48.022592962876004,-15.963873515512619],[-48.02072421645507,-15.966143723295877],[-48.0193078840691,-15.96497440153531],[-48.01804907845474,-15.963724246157078],[-48.010946480388874,-15.957334168716287],[-48.000068167962446,-15.947582899406836],[-48.0018478545078,-15.945741717270087],[-48.00103217075509,-15.944204175613079],[-48.00080497693827,-15.943387067798001],[-47.99840583283424,-15.941256246170157],[-47.99708156429016,-15.939624344027107],[-47.9966528011,-15.938645956668985],[-47.99660615068898,-15.938041044068319],[-47.995955435351675,-15.937772307937575],[-47.99461791126726,-15.936772392842583],[-47.99380368278532,-15.93638751410146],[-47.99316508751783,-15.935368591211466],[-47.991286606952485,-15.933763529602848],[-47.98983057442084,-15.932915776368816],[-47.98909555938065,-15.932743216482786],[-47.98673561236573,-15.93074081662856],[-47.98570981087143,-15.930237765702593],[-47.98465705902031,-15.929333964984375],[-47.98445194489484,-15.928908452450758],[-47.983485200443965,-15.928089589247504],[-47.98340100135238,-15.927500876170525],[-47.98381578136683,-15.926354982542126],[-47.98359515782799,-15.925023727586192],[-47.98529769166685,-15.924962298232849],[-47.98682805619499,-15.924005593579674],[-47.98819727913083,-15.92353389547559],[-47.98940711218917,-15.922412524661484],[-47.99055673746223,-15.921983904868583],[-47.99126324087362,-15.92152222359147],[-47.992378901744104,-15.921188379865413],[-47.993722665526484,-15.920264902018765],[-47.994750426246405,-15.920125915564215],[-47.99730696237473,-15.92055345086022],[-47.9983914130773,-15.920971316961353],[-47.9996272451766,-15.921658981200842],[-48.00088749348532,-15.920622247681825],[-48.00043383887695,-15.919948158063518],[-47.99966896832829,-15.918350303961859],[-48.00084595089501,-15.917330302990056],[-48.00048451104549,-15.916325292876982],[-48.00164201634023,-15.914529729964848],[-48.00271537913724,-15.913128403376762],[-48.00290657746063,-15.912477233623227],[-48.00263006074481,-15.911590609330728],[-48.0030873544284,-15.910865829444662],[-48.004194333081664,-15.909569032400679],[-48.00560507704825,-15.908909313106523],[-48.00730225872465,-15.908871852296617],[-48.00853945087329,-15.908054023592106],[-48.009261054964604,-15.907359682242976],[-48.009663101359905,-15.906279527771213],[-48.01095731676615,-15.906005098231404],[-48.011577027649736,-15.906057696334036],[-48.011985489812794,-15.905610158031633],[-48.01283916331887,-15.905383801487103],[-48.01426154406165,-15.904353993054297],[-48.014484155572205,-15.903883937803155],[-48.01541393345084,-15.902930276650745],[-48.01639594746492,-15.902148468990076],[-48.01754465825302,-15.901766588298473],[-48.017573345951625,-15.901376984113272],[-48.02053845832905,-15.898331016091676],[-48.02116779196595,-15.898370306991767],[-48.02128783204074,-15.89753185697461],[-48.02226223013785,-15.897861537709707],[-48.02278493644548,-15.897373662834973],[-48.02277101615184,-15.896924036023522],[-48.023347239592525,-15.896173639462454],[-48.02366209820129,-15.895345350045007],[-48.02505621435197,-15.894259847862166],[-48.025096866711834,-15.893683422485124],[-48.02577144489635,-15.893093126905281],[-48.025937025962776,-15.89240640431787],[-48.026817932795005,-15.891722241959046],[-48.02697473013458,-15.891121975423225],[-48.027822484641256,-15.890332452248343],[-48.02891018185525,-15.890216170603884],[-48.03027061118278,-15.88969663092633],[-48.03092048569698,-15.889056290635676],[-48.03240410459267,-15.888302984169316],[-48.03260535057251,-15.887880074404118],[-48.03367229131356,-15.88797967963523],[-48.0342912943247,-15.88756345741735],[-48.0349320877697,-15.886423420460465],[-48.034739842909,-15.885719199687312],[-48.03518949462446,-15.885275423834573],[-48.035739931924915,-15.885227485954518],[-48.03752608184874,-15.883987813924772],[-48.038591084923716,-15.883057882953768],[-48.03913423778553,-15.883329168525124],[-48.04001809468515,-15.882233781052166],[-48.03952360895217,-15.880938915451932],[-48.039469374065206,-15.880325726280153],[-48.03987486639794,-15.877461775431817],[-48.0398450827547,-15.876956542549502],[-48.03848914949517,-15.874784117442672],[-48.03837480923086,-15.874395622322606]]]},"properties":{"nome":"Riacho Fundo II","regiaoSaude":"Centro-Sul","macrorregiaoSaude":"Macrorregião 2"}},
{"type":"Feature","geometry":{"type":"Polygon","coordinates":[[[-47.999998350898565,-15.759383125541584],[-48.00380680705462,-15.755242464950003],[-48.004381855498906,-15.75487362954797],[-48.00471670701264,-15.75478794483819],[-48.00503566553236,-15.757531239065097],[-48.00566534591898,-15.758998872361094],[-48.00587613829535,-15.75902499905864],[-48.00595518824372,-15.75904382981761],[-48.00607912251525,-15.759090573423551],[-48.00614940580478,-15.759185154257814],[-48.00627715881459,-15.759506097990688],[-48.006466668305244,-15.760267400048548],[-48.00679066906865,-15.760842165735573],[-48.0068225862107,-15.761072780478452],[-48.00676083511976,-15.76115792219815],[-48.006684614864525,-15.76123578099381],[-48.00711047559801,-15.762309688643668],[-48.007248508029626,-15.762948578760723],[-48.00727327817526,-15.76325043892066],[-48.00723393196582,-15.76344791691539],[-48.00712244295423,-15.763820067772988],[-48.00710677992893,-15.763902675270232],[-48.00712753191031,-15.764123092885287],[-48.00728257304351,-15.764627975813656],[-48.00727369499355,-15.764900625507467],[-48.007182613010265,-15.765134601230601],[-48.00685365264817,-15.765827066329983],[-48.006753348560174,-15.765931997522172],[-48.00659381585056,-15.76605443951125],[-48.006556411798755,-15.766177384576721],[-48.00654467441125,-15.76691505513442],[-48.00677427930629,-15.768456521475594],[-48.00679157187552,-15.769046018515843],[-48.00677356604396,-15.769204662431076],[-48.006676661181,-15.769412381616705],[-48.00649175465787,-15.76967172793925],[-48.006299776596805,-15.769902151967834],[-48.00619760670797,-15.770069939059773],[-48.00616584946605,-15.7701863607516],[-48.00613724980235,-15.77061510329155],[-48.006139656388996,-15.770876817669366],[-48.00620302444745,-15.771668332705959],[-48.0062977302346,-15.772213605026614],[-48.006315176415725,-15.772694326033138],[-48.00635474540736,-15.772855292576015],[-48.00673261364679,-15.773454198028999],[-48.0067697302377,-15.773538712986978],[-48.00679503757588,-15.77363750665159],[-48.00673925668832,-15.773922994828842],[-48.00666505494753,-15.774122618463482],[-48.00652604514889,-15.7743566112154],[-48.00676404839353,-15.775076648598604],[-48.00667848745597,-15.77547380395294],[-48.0067873803364,-15.776285911896],[-48.00615225885411,-15.777640583213804],[-48.00582982385424,-15.778394839251936],[-48.005834080970374,-15.779097780483262],[-48.00589271760222,-15.779558457309582],[-48.00556879139898,-15.780137826921829],[-48.00550384859383,-15.780519326534524],[-48.00546593250232,-15.780622420933858],[-48.00541457761415,-15.780720950081378],[-48.005155131583685,-15.78096147223862],[-48.005015868460134,-15.781103642410201],[-48.004890488799305,-15.781303632420657],[-48.004617242849434,-15.781789143423914],[-48.0045453893048,-15.781972704712127],[-48.00455346605752,-15.782123869656022],[-48.00449191529089,-15.782463770797367],[-48.00443920394665,-15.782650128832199],[-48.00439076498989,-15.782728560288996],[-48.00413342461045,-15.782978375471266],[-48.004152052974504,-15.783144641555719],[-48.00413616716702,-15.783234901045216],[-48.00397274565053,-15.783686102800933],[-48.00396683922754,-15.783762034748104],[-48.0039896357745,-15.783880840495874],[-48.00419739543846,-15.78433476812819],[-48.00415299440892,-15.78457829511654],[-48.00404397935762,-15.784764469674904],[-48.00396702338217,-15.78483637552184],[-48.00392023822386,-15.78487111389799],[-48.003623875028474,-15.784999064761978],[-48.00332963904368,-15.78541357587187],[-48.00312088674133,-15.785550370446366],[-48.003090715924195,-15.785588406525896],[-48.00299259923391,-15.785773050969416],[-48.003015772175,-15.786244333924794],[-48.00213785044445,-15.78619454685237],[-47.99892917784404,-15.786159545915059],[-47.99732500683385,-15.786229100006874],[-47.996429075678485,-15.7862874484218],[-47.99606200339215,-15.786318192866446],[-47.995680692808556,-15.786349731720705],[-47.9938878288763,-15.786545506768766],[-47.99313416121755,-15.78665203940738],[-47.99240861352213,-15.786767135049587],[-47.99166843406737,-15.786883056158127],[-47.990569662422544,-15.78709767181223],[-47.989103311841546,-15.787416849441298],[-47.98817608877158,-15.787655595898222],[-47.983794720365,-15.788929933959055],[-47.979510414026535,-15.790800404810271],[-47.974018373094225,-15.793671758154554],[-47.971417665905065,-15.795183877970407],[-47.97018279500312,-15.795509027062264],[-47.96915190634937,-15.79496267985771],[-47.96897701065176,-15.794881925315151],[-47.96884644142353,-15.794822067544535],[-47.96872327161829,-15.794768799058165],[-47.96828072198346,-15.794605497888886],[-47.96795702844387,-15.79451100618249],[-47.96762121483447,-15.794428149241714],[-47.96736142474924,-15.794376883464542],[-47.96701058412177,-15.794326490717738],[-47.96692090710359,-15.794318650615516],[-47.96665251295458,-15.79430099957942],[-47.966374044199654,-15.794292378923469],[-47.96619230962778,-15.794296763157652],[-47.96609813115172,-15.794299035663851],[-47.96609081257709,-15.793796636564425],[-47.96767783834177,-15.791993087429724],[-47.975502221958635,-15.783572032370015],[-47.97717676698819,-15.781941715832838],[-47.999998350898565,-15.759383125541584]]]},"properties":{"nome":"SCIA/Estrutural","regiaoSaude":"Centro-Sul","macrorregiaoSaude":"Macrorregião 2"}},
{"type":"Feature","geometry":{"type":"Polygon","coordinates":[[[-47.948400442400526,-15.810152656871043],[-47.945913004683845,-15.81047147403853],[-47.942488267494674,-15.81100988720932],[-47.94098976261641,-15.811058872999224],[-47.939530798882,-15.81077042150646],[-47.93483197573546,-15.809142395711405],[-47.9342497057346,-15.80880979286001],[-47.93182949883211,-15.807919033183493],[-47.92888385025194,-15.806955292050192],[-47.927482647291995,-15.806305186554567],[-47.92384053577036,-15.804270788475877],[-47.92078474834647,-15.802505592855285],[-47.91966361314265,-15.802022257838958],[-47.91431494512632,-15.79893660584019],[-47.91364641080704,-15.798090192261746],[-47.91299267623207,-15.796130303461306],[-47.911355452609314,-15.79662399496291],[-47.91119474849656,-15.796534081142923],[-47.90847518341552,-15.788470333029075],[-47.90997324632267,-15.78800381651063],[-47.91055052169055,-15.787653992384628],[-47.914420436086765,-15.786431216652284],[-47.913922474771944,-15.78497445072044],[-47.92336405586893,-15.781992719369343],[-47.92926830943061,-15.78015148279392],[-47.931032217068,-15.78538706789815],[-47.933325721989554,-15.791979280219458],[-47.93349060775996,-15.793661513260133],[-47.93346996537305,-15.798908704526909],[-47.93319575642919,-15.799915917113251],[-47.93240802285824,-15.80115566201504],[-47.93274154845861,-15.80135972588569],[-47.93299424724298,-15.803627192494115],[-47.937537750778574,-15.806476871966387],[-47.93962962973293,-15.80333874683176],[-47.94041098526537,-15.802318760396847],[-47.94166838681296,-15.801589783701518],[-47.94618425008558,-15.80015155524262],[-47.94735809214207,-15.803773840562584],[-47.9478574709984,-15.806305667132175],[-47.948400442400526,-15.810152656871043]]]},"properties":{"nome":"Sudoeste/Octogonal","regiaoSaude":"Central","macrorregiaoSaude":"Macrorregião 2"}},
{"type":"Feature","geometry":{"type":"Polygon","coordinates":[[[-47.938514856397944,-15.777271462612257],[-47.937042089150886,-15.772996116367871],[-47.936266835874164,-15.771248058418632],[-47.93404250482275,-15.767560312592678],[-47.926524979418744,-15.755461093672196],[-47.917010504528015,-15.740191869600292],[-47.91733205738229,-15.740005884148447],[-47.91950455654013,-15.73996769686232],[-47.92115552618337,-15.742618612073942],[-47.921121920208584,-15.744181347299676],[-47.927937381675335,-15.740233824901015],[-47.9423416327959,-15.747905267978906],[-47.94899699741103,-15.747752040553447],[-47.96331644756878,-15.74885803625627],[-47.96957175465866,-15.75261969733718],[-47.9727515706772,-15.75583620127947],[-47.97609181682232,-15.763215611252699],[-47.97629554305066,-15.764194850435443],[-47.97582828615226,-15.766043392675783],[-47.975644982223585,-15.772014449798252],[-47.971226987706224,-15.776644504989124],[-47.977165120330525,-15.781930081170646],[-47.975502221958635,-15.783572032370015],[-47.96609786974197,-15.793794317374898],[-47.96609267208973,-15.794283439303733],[-47.96680063436515,-15.794306471227895],[-47.96792733014058,-15.794480129863627],[-47.96883610989944,-15.79481559666676],[-47.969926833537635,-15.795380083594791],[-47.97019282379495,-15.795526013273927],[-47.97057167119803,-15.79541986822824],[-47.97090140411128,-15.7953133177256],[-47.97195798637878,-15.79486010447672],[-47.97229353139191,-15.794680418720743],[-47.97330389174479,-15.79412750934815],[-47.9749728151173,-15.793194120951755],[-47.97704895289292,-15.792050246486824],[-47.978255986800846,-15.791402945694928],[-47.980267651590225,-15.790434006015118],[-47.98187129169609,-15.78974302097694],[-47.98278627342367,-15.789374467862666],[-47.983311414165726,-15.78917612130099],[-47.98446759534373,-15.788766022987042],[-47.98817608877158,-15.787655595898222],[-47.98945671176927,-15.787354377160385],[-47.98976148499234,-15.787306537055452],[-47.99016669435576,-15.790285302212634],[-47.99088154850603,-15.795666756486233],[-47.99122602187477,-15.799517913299342],[-47.992109367633,-15.806079396203536],[-47.991298607546355,-15.806181163785189],[-47.991192524596144,-15.805450770496678],[-47.99069721780299,-15.804649407559081],[-47.99007723293324,-15.804229022746355],[-47.98851005005487,-15.80373137459958],[-47.986454860093346,-15.801994280022255],[-47.9855415618086,-15.801406341318042],[-47.98202990812412,-15.799630521734974],[-47.98135719574045,-15.800931062209838],[-47.98034040704339,-15.801116593342753],[-47.9796053560706,-15.80253989169745],[-47.97182687995801,-15.803752697475542],[-47.97181862893213,-15.804714522889212],[-47.97028727625718,-15.804943174910312],[-47.97070098907307,-15.80754723123886],[-47.97050402266726,-15.808074633576052],[-47.96892321054939,-15.807355957249893],[-47.96682138005832,-15.807355213049947],[-47.96195060140009,-15.808069028326852],[-47.9520666952471,-15.809567961510195],[-47.948400442400526,-15.810152656871043],[-47.9478574709984,-15.806305667132175],[-47.94735809214207,-15.803773840562584],[-47.94618425008558,-15.80015155524262],[-47.94116623126408,-15.78513174921088],[-47.938514856397944,-15.777271462612257]]]},"properties":{"nome":"SIA","regiaoSaude":"Centro-Sul","macrorregiaoSaude":"Macrorregião 2"}},
{"type":"Feature","geometry":{"type":"Polygon","coordinates":[[[-48.04745464055957,-15.875391590495484],[-48.04770703930662,-15.8750407632582],[-48.03746791234083,-15.868194994773722],[-48.03991643414108,-15.863628620035659],[-48.040015000887315,-15.863545065581748],[-48.043682597613554,-15.863384242926866],[-48.044717976047096,-15.861449980877842],[-48.04509019478169,-15.861636170206237],[-48.04742517851318,-15.859479889386334],[-48.04796911650256,-15.859684979700175],[-48.04889415307312,-15.858134411737911],[-48.049706274107415,-15.857220681430608],[-48.04976172172002,-15.856583726431186],[-48.050235141061265,-15.855469855719141],[-48.05382427803228,-15.856959290448591],[-48.054397742746715,-15.856509975245327],[-48.056538951786585,-15.857426112780507],[-48.05713373981093,-15.857430213939292],[-48.05948449346723,-15.858403442657773],[-48.06070336267903,-15.85869455418343],[-48.06176947966495,-15.858580780978395],[-48.06438132147207,-15.857204789207314],[-48.06537403531949,-15.856150934381695],[-48.06602388018929,-15.855059359541588],[-48.06616141405592,-15.854492463236618],[-48.06704853184002,-15.853334346158247],[-48.06762365484448,-15.85234579577867],[-48.06764125373922,-15.85162376668843],[-48.06864913564023,-15.851747463439573],[-48.06949004139116,-15.852133748491157],[-48.070137026025094,-15.851057872658101],[-48.07132397001,-15.849385285875034],[-48.0717483916424,-15.848581593621038],[-48.07310498965524,-15.847388600049523],[-48.074504714886544,-15.847898267626736],[-48.0748329790543,-15.847117662766328],[-48.07524420713012,-15.84540075232783],[-48.075333723349864,-15.843699224530749],[-48.07624826490296,-15.84370837542075],[-48.07703429347151,-15.844185682468312],[-48.077608472346604,-15.84495427615402],[-48.07897182928364,-15.845449772127466],[-48.07979215463143,-15.846066023725314],[-48.08040955953968,-15.84597028744944],[-48.082120634560255,-15.84681831191241],[-48.08289370762578,-15.846954614728666],[-48.0836049262941,-15.847821182752417],[-48.08342132861634,-15.848521087201263],[-48.08411561314323,-15.848528331518839],[-48.0842886313619,-15.849076362568814],[-48.086433325865066,-15.850755857399884],[-48.08680373718932,-15.85071660647027],[-48.087656512380114,-15.851235010038392],[-48.08892169064311,-15.852308791952144],[-48.0899329564978,-15.852667681514077],[-48.090796110823376,-15.85262906524252],[-48.091898708393,-15.853397996629198],[-48.09301455880801,-15.853192881776138],[-48.09391126341283,-15.853686274067726],[-48.09473263350128,-15.853728673365476],[-48.09596350779852,-15.854046828977435],[-48.09657432266585,-15.854677193403981],[-48.09702524909071,-15.854593014787836],[-48.09815741380959,-15.855296819802396],[-48.09934413591062,-15.855232890813626],[-48.09958976046213,-15.855687483553712],[-48.10061802513693,-15.856397928211837],[-48.102085243490485,-15.856540404839077],[-48.102580441587484,-15.857292656569237],[-48.10366581036827,-15.857001460927767],[-48.10459034298396,-15.857339063807759],[-48.10549222008818,-15.85730646450392],[-48.105828163953305,-15.858007983076607],[-48.10699654155791,-15.858757903112126],[-48.107353618290084,-15.859447897041369],[-48.10797305967909,-15.859994520161285],[-48.10983581613372,-15.862256349858603],[-48.10944324157477,-15.863144200736938],[-48.10949869817052,-15.86367242141041],[-48.11032344053455,-15.865265752379313],[-48.110319399912406,-15.865865078936054],[-48.110851209747125,-15.866713755971404],[-48.11157458711281,-15.866897530494786],[-48.11281840433667,-15.867589199683712],[-48.1139197092306,-15.867754268555654],[-48.11571242673746,-15.867353623781739],[-48.11686040629692,-15.867625714226303],[-48.11769466451476,-15.866889450398775],[-48.118747412772635,-15.867277031095245],[-48.119259609689756,-15.866879706931062],[-48.120052748423774,-15.866964499106093],[-48.120749928220846,-15.86638682130231],[-48.120882539319716,-15.865741781413439],[-48.12131518323191,-15.865433636647925],[-48.12235540897472,-15.866124929795006],[-48.12357544779301,-15.866527325930255],[-48.123863589606906,-15.866993821953011],[-48.12464421301239,-15.867480975476273],[-48.125204035012615,-15.866794662406255],[-48.126242331174204,-15.866259506072469],[-48.126996694128984,-15.865575082939266],[-48.1280833106697,-15.86547445045393],[-48.129130964581606,-15.864610712145124],[-48.1297106384513,-15.86456468419122],[-48.130319809401655,-15.864029293815092],[-48.13104904557963,-15.864544646599498],[-48.131611240030516,-15.86407607797965],[-48.13186364057421,-15.863429054492077],[-48.132701022234286,-15.863050761580327],[-48.133755250915755,-15.864094672569312],[-48.135371313823676,-15.864319518429589],[-48.13575963935133,-15.863806136086877],[-48.13678689791301,-15.86376004659802],[-48.13743980334298,-15.863419894991326],[-48.13758045346533,-15.86291070386464],[-48.13828192900608,-15.86251844081536],[-48.13900305519367,-15.862536350311313],[-48.14050788421153,-15.861630415223516],[-48.14237531999047,-15.860996608293076],[-48.14294461023379,-15.860197547302908],[-48.143333558293925,-15.860246197121985],[-48.14355208067332,-15.85919905772508],[-48.144362101446475,-15.858590905061945],[-48.14523763096341,-15.858620950670518],[-48.146018579559026,-15.857058673329096],[-48.14655587360856,-15.856896687564888],[-48.147427268180245,-15.857019581761685],[-48.14792684736089,-15.856119172232809],[-48.148597023800505,-15.855847286616493],[-48.14938704717713,-15.855921034588093],[-48.150032182179885,-15.855669883674784],[-48.149940395019094,-15.854912827322012],[-48.15095877732746,-15.854156954597384],[-48.15295181554942,-15.854305652043976],[-48.153598483078056,-15.855081925684056],[-48.154110814742474,-15.855100178039612],[-48.154945390065606,-15.8545981443328],[-48.15577015488752,-15.854563213131437],[-48.15745246675102,-15.854863735504885],[-48.15852434822613,-15.854877757048516],[-48.15947147257289,-15.854294149437331],[-48.16030983249833,-15.85328216635876],[-48.161004220331485,-15.853263970008307],[-48.16148070741943,-15.852482381759772],[-48.162577137156305,-15.852725472396441],[-48.16370064840406,-15.851701172439766],[-48.1642466830613,-15.852003383309967],[-48.16447427213685,-15.852886198124091],[-48.16499602982354,-15.853179493535697],[-48.16569681096657,-15.853007543617478],[-48.16693141506887,-15.853291601982876],[-48.16785895973571,-15.852640720034506],[-48.16900595294499,-15.853306088546963],[-48.168977195177796,-15.853984097296557],[-48.170154720326956,-15.854130854868048],[-48.171491064923394,-15.854786608356058],[-48.17190933040114,-15.855426229711206],[-48.1736900922299,-15.85542505448337],[-48.174592764343146,-15.855874828367075],[-48.175357809164964,-15.857070744376355],[-48.17577918101698,-15.85751018392654],[-48.176833778007705,-15.857251921471367],[-48.17721108929166,-15.857683294852098],[-48.17726240734889,-15.858596861472423],[-48.17823068432565,-15.860765389334084],[-48.177664263301345,-15.86140094336265],[-48.17795150051176,-15.862110818321781],[-48.17944558208557,-15.861655970456363],[-48.181994155547216,-15.860540955150507],[-48.18301960580023,-15.861720065910962],[-48.18333960007749,-15.862506619821312],[-48.18323260443894,-15.863312774599205],[-48.183826108770745,-15.864188732530447],[-48.18377543031399,-15.86468818376867],[-48.18425168922986,-15.865701054935057],[-48.18480739155619,-15.865950059910146],[-48.18468421815769,-15.86645539124364],[-48.187142138132444,-15.868494369205264],[-48.187598440075966,-15.869054685928816],[-48.188733971680534,-15.869329355079696],[-48.18871654616065,-15.869864004691088],[-48.18939935740473,-15.870420869952296],[-48.18964020202061,-15.87113766027861],[-48.19031730806433,-15.871061879528801],[-48.19079710364747,-15.871570478916068],[-48.19209610168429,-15.871331910208923],[-48.19266313356299,-15.871866843970345],[-48.19220159803463,-15.87247167486691],[-48.19258619555385,-15.873218287908285],[-48.19369514690747,-15.874402716228893],[-48.19488335033041,-15.875216459930659],[-48.19484461587367,-15.8763442467769],[-48.19613495954104,-15.877497292807334],[-48.19630876648053,-15.878338167824408],[-48.19606940857644,-15.87902210608629],[-48.1969343244983,-15.879533945381874],[-48.19696821883229,-15.88019436668358],[-48.19783723556341,-15.880770047011564],[-48.1977574894207,-15.882021042878693],[-48.19786150355081,-15.883212709167605],[-48.19881219151432,-15.882806593913678],[-48.20027075999,-15.884346681645708],[-48.20006088209859,-15.885043113839385],[-48.2006570256807,-15.885380297357502],[-48.20071371027344,-15.887185697980795],[-48.20023317178356,-15.887786746079149],[-48.20060492519085,-15.888554503948109],[-48.201367139421215,-15.889223317004742],[-48.201833637243205,-15.889268313765117],[-48.20242525062134,-15.890514589566928],[-48.20218646763903,-15.891378629791875],[-48.20370419915933,-15.891582618024515],[-48.203836119453754,-15.89209522370713],[-48.20463578085504,-15.891359993657442],[-48.20579280914436,-15.891437514608638],[-48.20603087886433,-15.891755718684797],[-48.20580636651864,-15.89258197524889],[-48.20675356812051,-15.893715935553722],[-48.20718724240033,-15.893272344079072],[-48.208072960609236,-15.892933117515359],[-48.2083050646174,-15.893158974005459],[-48.20773533150464,-15.894616207307749],[-48.208537190185126,-15.895744252674596],[-48.20932650029941,-15.895668899344107],[-48.209813847120834,-15.896528258955138],[-48.210366933553054,-15.897020498012719],[-48.210987713431834,-15.896638611041274],[-48.21063009950711,-15.896239047525249],[-48.21177325421518,-15.895624717006601],[-48.212636627729694,-15.896485988754282],[-48.21250967242385,-15.897145201919244],[-48.21308350814251,-15.897612560094164],[-48.214110650821524,-15.897323863414341],[-48.214331811552896,-15.897707201396324],[-48.21501852957016,-15.897245075575526],[-48.21690212065116,-15.897425934027062],[-48.217478841758506,-15.897288529240118],[-48.218199108258375,-15.89769207178488],[-48.21847292374012,-15.899024904802904],[-48.21981170636425,-15.897811709035325],[-48.22047903155116,-15.898905968938744],[-48.22006549660168,-15.89968858144413],[-48.22035743649261,-15.900473590079471],[-48.22086491455954,-15.901038130615522],[-48.2213548260711,-15.901085057372566],[-48.22225066290335,-15.900407636516247],[-48.2231537230888,-15.900719684628978],[-48.22335098234541,-15.902061686430509],[-48.22407534246801,-15.902528014601318],[-48.22483424640656,-15.902235482183459],[-48.224315231276435,-15.901649956455195],[-48.22471890002914,-15.901272425626209],[-48.22637597192811,-15.901024743826683],[-48.22633947697136,-15.90000365362266],[-48.22704910202837,-15.900018697529504],[-48.227354389087786,-15.900400007880283],[-48.22796512131011,-15.900088297938627],[-48.22880127587152,-15.900181708680622],[-48.2286906142083,-15.900798312141255],[-48.227975136627215,-15.901052866881498],[-48.22847059074407,-15.90181853782757],[-48.23015905157569,-15.901715636606133],[-48.23093704112076,-15.901004568176095],[-48.23171400658641,-15.901540439092782],[-48.23183208114736,-15.90078766835719],[-48.233318097646546,-15.900448790540059],[-48.23474762089415,-15.900728793188536],[-48.235048530463175,-15.89898156641891],[-48.23541227898297,-15.899091727090092],[-48.235604884966406,-15.899913086912473],[-48.2362457547682,-15.899296105783836],[-48.23709760289762,-15.899106645792276],[-48.236419064041016,-15.90009715166256],[-48.23698569796604,-15.90094934236552],[-48.236859504431564,-15.901568698578036],[-48.23608232876013,-15.90233125997927],[-48.23584866258169,-15.902839979942149],[-48.236785246995225,-15.903632129628303],[-48.2379977678129,-15.90356160258304],[-48.23848483256332,-15.903815337411293],[-48.23969839901999,-15.903162605736627],[-48.240610284254785,-15.904471645355793],[-48.24157867891086,-15.904873086243187],[-48.24243374211068,-15.904661351696012],[-48.24313222356658,-15.90504946961421],[-48.244288331981046,-15.906328846362792],[-48.24597107054431,-15.907023603360408],[-48.24659423545016,-15.907480500761189],[-48.24719372705333,-15.907442938606984],[-48.24684119759312,-15.908318066986876],[-48.248100782046855,-15.909454405890306],[-48.248667910045285,-15.908541831088849],[-48.249268583831366,-15.90877540722284],[-48.25049364063884,-15.908614718316862],[-48.250983088619705,-15.909092314790277],[-48.251592765321575,-15.909005266552278],[-48.25274541971376,-15.910103365205382],[-48.252479050367405,-15.910583426308262],[-48.253307564757314,-15.911607327467001],[-48.25352612756088,-15.910945634804296],[-48.25494459883554,-15.911562699404692],[-48.25551281828705,-15.91252728241167],[-48.25479915350621,-15.9134041414867],[-48.25501555406489,-15.913865380967835],[-48.254441329375716,-15.914883455792939],[-48.25517548382987,-15.915548634204464],[-48.25509185516849,-15.916181475486235],[-48.25420027275743,-15.916211204960167],[-48.253750159307906,-15.916643010084764],[-48.254124196232645,-15.917089234057922],[-48.25556564551396,-15.917285542298487],[-48.25630670172444,-15.917123326821764],[-48.2562118962243,-15.917790099433764],[-48.257699941119405,-15.917911110371712],[-48.258249240254386,-15.918334064105663],[-48.25793986675875,-15.918741670363657],[-48.25831513707037,-15.920113311840325],[-48.25933675600871,-15.921009456234664],[-48.25954764091154,-15.921788826163377],[-48.25846951794184,-15.923444290462601],[-48.25880026505304,-15.924294678676185],[-48.258328342305056,-15.924946093464847],[-48.258747362367636,-15.925578386837696],[-48.25892357230051,-15.927451582643874],[-48.25933753574637,-15.927823744842762],[-48.259013061570805,-15.928461536899052],[-48.259192100298506,-15.929221466113908],[-48.25868985222315,-15.9297878798458],[-48.258582159491944,-15.930524534574234],[-48.25882205728352,-15.93131824659056],[-48.257998823190846,-15.932237197347096],[-48.25728978114046,-15.932292856828024],[-48.25663672659015,-15.931909745488493],[-48.255754650151424,-15.932282493722305],[-48.25473282549889,-15.935458974363664],[-48.25464465585375,-15.936747704893605],[-48.25237373098517,-15.93584327355326],[-48.25247544991974,-15.935548755410695],[-48.250519212980024,-15.933728101634998],[-48.249234617632155,-15.933900914631757],[-48.24830320931129,-15.933866614812665],[-48.246621424758864,-15.93325636158901],[-48.24590625529992,-15.931968368790544],[-48.245142883141156,-15.931869523048556],[-48.24358959091202,-15.93203282797046],[-48.24266217560259,-15.93191669051854],[-48.24093195478836,-15.930931012998354],[-48.24037781732726,-15.93038887832201],[-48.24000691552285,-15.92937923523629],[-48.23866082869716,-15.92916793164609],[-48.23803786411561,-15.929584536784692],[-48.23711029339764,-15.931010913179936],[-48.23564831042556,-15.932498061241443],[-48.23496915352804,-15.932911698343512],[-48.23434698754878,-15.933698300467368],[-48.234818149423724,-15.934415379254077],[-48.233974563998295,-15.935293941184154],[-48.2335649475001,-15.935139578338969],[-48.232802672184285,-15.933947385400772],[-48.23229065313359,-15.93360711491354],[-48.23164253123251,-15.933664112907934],[-48.230970168293496,-15.933222265517523],[-48.230484901071954,-15.933438441008503],[-48.23029533408913,-15.932474436113399],[-48.22991727720349,-15.93183482552968],[-48.22906025477803,-15.932371327729504],[-48.22826033735688,-15.931448824729557],[-48.2276796358145,-15.932100959181344],[-48.227139822888915,-15.93226597511898],[-48.226905995912034,-15.932922353382963],[-48.226408082207925,-15.932881591267494],[-48.22626785968366,-15.934005108891112],[-48.22458093137791,-15.934299228496267],[-48.2243376693956,-15.934626065751052],[-48.22363947360395,-15.934597429980476],[-48.22325074742769,-15.9354947112643],[-48.22265170857543,-15.936006786870704],[-48.22183921294366,-15.935581545894305],[-48.2217380410831,-15.934452953640564],[-48.22043643523701,-15.934036451897207],[-48.219496901654395,-15.934342860728735],[-48.219089542622505,-15.934845545481366],[-48.21272044593559,-15.932028070109373],[-48.21176914082949,-15.931499754197464],[-48.20696107445958,-15.928534011766617],[-48.20323387810749,-15.926143315549963],[-48.20083307391682,-15.924489209863243],[-48.19938998521012,-15.923697728076384],[-48.19594187295893,-15.922346784757474],[-48.189610224341266,-15.919931658314258],[-48.18888759078063,-15.919698682573891],[-48.18779026183016,-15.919650351202622],[-48.186877131530366,-15.919979324444835],[-48.18617681930792,-15.920519898590202],[-48.18365029589323,-15.922906640540425],[-48.183049735294865,-15.923342603651692],[-48.18189478750376,-15.923607679119941],[-48.18112152938528,-15.923457551364342],[-48.18039749624943,-15.923026062371166],[-48.179728762504155,-15.921981331452189],[-48.17929100268643,-15.920071676352833],[-48.178777712519604,-15.919364520506806],[-48.17808227725082,-15.91885883566147],[-48.17542240162716,-15.918085020273852],[-48.17416414847668,-15.918156534808505],[-48.1727425959806,-15.918790674041421],[-48.17200208145424,-15.919518077402595],[-48.17009578365779,-15.922438872966403],[-48.169203194235294,-15.9229220118593],[-48.16630291147529,-15.923618179161021],[-48.16441123465842,-15.917064841724967],[-48.163976636012165,-15.91571853256804],[-48.163194826830505,-15.91446689445344],[-48.16181488968828,-15.913247909634217],[-48.16074856788646,-15.912743959639938],[-48.156610980688406,-15.911472748676657],[-48.14903395447323,-15.909208929357955],[-48.14048157345518,-15.90660306552849],[-48.137653848518994,-15.90553514791911],[-48.129565714144825,-15.903123315772712],[-48.11525224946181,-15.89880928581798],[-48.112078005692986,-15.897869618290972],[-48.10405777586946,-15.895428870572628],[-48.101655623307536,-15.89472877652453],[-48.08400728709975,-15.889391246107342],[-48.08097916239672,-15.888508712151607],[-48.07201725650862,-15.885790400001017],[-48.06467950016263,-15.883541390362142],[-48.0625901553557,-15.883108132602374],[-48.06033853438426,-15.882447681974877],[-48.05874420082474,-15.881968772005933],[-48.05665782135655,-15.881216957117324],[-48.05469710901009,-15.880206997102043],[-48.051507543575774,-15.878125525764759],[-48.04745464055957,-15.875391590495484]]]},"properties":{"nome":"Samambaia","regiaoSaude":"Sudoeste","macrorregiaoSaude":"Macrorregião 1"}},
{"type":"Feature","geometry":{"type":"Polygon","coordinates":[[[-47.888161310401145,-16.04979361994776],[-47.887730960786186,-16.04922542924103],[-47.88661908811126,-16.048430886719576],[-47.885640504763245,-16.047465287319515],[-47.88436837084499,-16.04674928121442],[-47.882694248023626,-16.046751575902366],[-47.881691858422265,-16.046134179574413],[-47.88097088045671,-16.045184801194576],[-47.88079294216522,-16.044217015661445],[-47.87916737148833,-16.042974255839233],[-47.87915223128253,-16.041971667193057],[-47.878902292122724,-16.041634991507024],[-47.877231958395214,-16.040648733972798],[-47.876473527868825,-16.04038473731831],[-47.87574300081179,-16.03930068500584],[-47.87377820921562,-16.03887582592887],[-47.87302692209237,-16.03935743963899],[-47.87258932397139,-16.038555401879808],[-47.871524336167774,-16.038143197940794],[-47.87113475299872,-16.038350385679674],[-47.87060391154788,-16.037932424485906],[-47.869301777492396,-16.03797404754269],[-47.868495932088685,-16.037419661832857],[-47.86861136111112,-16.036918738793347],[-47.86915037273947,-16.03639829913815],[-47.869157144240084,-16.035919240732333],[-47.86971397485041,-16.034853178250454],[-47.87069799120927,-16.03440065517926],[-47.870941756248136,-16.03320458404201],[-47.87138602885168,-16.03295830949389],[-47.87162822543206,-16.03214098234608],[-47.87255736460853,-16.03169977806098],[-47.87261448488419,-16.030712851460407],[-47.87298232972167,-16.03015748720068],[-47.87353628931635,-16.02864592980979],[-47.87487751805298,-16.027247916855774],[-47.874913332086734,-16.024926103786363],[-47.876048239362184,-16.02233592432338],[-47.87688950354092,-16.02139931575515],[-47.87714355249316,-16.020776659492324],[-47.87703028302067,-16.018465969881085],[-47.8766594710478,-16.01765712967876],[-47.87572342113185,-16.016692623729764],[-47.87498353542619,-16.015342545192407],[-47.87325841614446,-16.01469376527377],[-47.87201730913781,-16.013884421932584],[-47.87134743632876,-16.013747752336045],[-47.87053906037089,-16.012764941123443],[-47.871531248703874,-16.012399332452926],[-47.87217512786187,-16.01118501558704],[-47.87262558446783,-16.010859204773393],[-47.87323430805718,-16.01100861164434],[-47.87384742081501,-16.010765630601966],[-47.87446533776298,-16.009875516732006],[-47.87476941838496,-16.008975879057537],[-47.87554550529826,-16.007723388393533],[-47.87609248228824,-16.005408324352956],[-47.87723607267922,-16.003247538763176],[-47.878063539633516,-16.00134253538449],[-47.878472185951196,-15.999818236197251],[-47.87834141639867,-15.998223315920674],[-47.87792699211706,-15.996818739519046],[-47.87801306509432,-15.995152820345616],[-47.87847042345661,-15.993595756003794],[-47.879069169458106,-15.992338573979579],[-47.88029341059529,-15.990618684047845],[-47.88047047572431,-15.989567036004665],[-47.88035917895218,-15.988504173347357],[-47.880870689556424,-15.987435310998933],[-47.88095987070458,-15.986446611176476],[-47.881651733373474,-15.98471934134634],[-47.8821887570301,-15.984102841239745],[-47.88235758460797,-15.983434565434322],[-47.883010113643834,-15.982683312739136],[-47.884046994958844,-15.980528166071823],[-47.884126497658116,-15.979920149173322],[-47.884589215369395,-15.978842996958267],[-47.884728332965864,-15.97783529579893],[-47.885442193579436,-15.977105162510284],[-47.88754766494236,-15.976654893033604],[-47.887947929978445,-15.975473795862627],[-47.88857881231091,-15.97495071402327],[-47.889415176179774,-15.972795992754406],[-47.889341281662816,-15.97208074831432],[-47.890052138310075,-15.971740915649622],[-47.89015790954488,-15.971082905250723],[-47.89150550554026,-15.97127256070945],[-47.892388103001856,-15.969338810201828],[-47.90897000781337,-15.975398515647123],[-47.9112270357445,-15.976198506395152],[-47.920045149203375,-15.97943702932227],[-47.92796292077887,-15.982308839524904],[-47.93134079555462,-15.983282839939495],[-47.934456629067036,-15.983796550814267],[-47.936468920880486,-15.983950467699186],[-47.938108136966534,-15.983977510010552],[-47.94113818047102,-15.983770115579517],[-47.94394253932836,-15.983288388494127],[-47.946439233285716,-15.982609986952122],[-47.9485032905174,-15.981899528220536],[-47.964514580070556,-15.97625088487213],[-47.966858626904944,-15.975486364153003],[-47.968456330045086,-15.975091568497005],[-47.970471133548074,-15.974733419136557],[-47.97348958249717,-15.9744504158735],[-47.97632884000498,-15.974463950626028],[-47.97925568594793,-15.974777338790341],[-47.988722579773,-15.976588169981564],[-47.99082632367563,-15.976827206983009],[-47.99662324832378,-15.977962564501581],[-47.998682812182416,-15.97819545872896],[-48.000813836123605,-15.97825173070077],[-48.00296834472125,-15.978089046373936],[-48.00452534609419,-15.97782837567749],[-48.00704695033437,-15.986087384537052],[-48.00766018436477,-15.987397153275705],[-48.00881361490137,-15.98939883063029],[-48.00928842034311,-15.989938991306298],[-48.00996851238683,-15.991276593063409],[-48.01061849290223,-15.99289098994157],[-48.011526084189974,-15.99705293212321],[-48.0132094560655,-15.997940194778387],[-48.01345095106166,-15.998639186799476],[-48.01427767870246,-15.999396983733334],[-48.01498841856874,-15.999501984123095],[-48.01775514340556,-16.001703452129078],[-48.0179775599817,-16.002615265164184],[-48.01894000329901,-16.00276518594268],[-48.01920621723683,-16.003134710101076],[-48.020727014707184,-16.004098145177377],[-48.02108259574442,-16.005160220296197],[-48.02150157897608,-16.005143932212555],[-48.02301113672559,-16.006127872384848],[-48.02406066901476,-16.00716417031719],[-48.025198591934604,-16.007866903482174],[-48.025865301775546,-16.008483496078313],[-48.026483119010514,-16.00847681015719],[-48.027685465509286,-16.00910811796765],[-48.02840685669988,-16.0103716946889],[-48.029248362525436,-16.01066680044511],[-48.02983996961536,-16.011625196266493],[-48.03094010759773,-16.012557548935625],[-48.031419456718176,-16.012770466409584],[-48.032397879267755,-16.01429131136396],[-48.033335407810654,-16.01467463634518],[-48.03456840482691,-16.01590610336237],[-48.03514686597098,-16.016021743962376],[-48.03643229854869,-16.01743820096252],[-48.037439169845,-16.017922534468553],[-48.03954856415076,-16.020019377993787],[-48.04043798521525,-16.020302340047156],[-48.041980252420906,-16.019631658051576],[-48.043047309044624,-16.019828633373503],[-48.04382608731052,-16.019622942577026],[-48.04504848779969,-16.020217465892532],[-48.04568373594443,-16.021045192639498],[-48.04587713963184,-16.022472846201122],[-48.04649810546188,-16.023979136068697],[-48.04780888310702,-16.0255623181076],[-48.0480605012181,-16.027030665886805],[-48.04883088742261,-16.027213103773054],[-48.049215796657236,-16.027593087624833],[-48.049151276060265,-16.028300864470065],[-48.04950021315765,-16.02863987311363],[-48.04927857272592,-16.029245582398502],[-48.049514392166095,-16.029868128478714],[-48.050154568468486,-16.030563448118365],[-48.050905376789686,-16.031038166222235],[-48.05117576969022,-16.032158117789404],[-48.051658343762526,-16.03323108353029],[-48.05237006548741,-16.034034826281445],[-48.05281873983584,-16.034981366371028],[-48.0533308091922,-16.035534576055817],[-48.05407836830702,-16.037053829841796],[-48.053041813080455,-16.03682741898161],[-48.051759918966646,-16.036194666411262],[-48.05001366861449,-16.035891037327154],[-48.04905287640067,-16.03606597227855],[-48.048157279418604,-16.03646693613507],[-48.047121568608404,-16.037401452829084],[-48.04296120462633,-16.043001414476088],[-48.048189132780266,-16.049522975038467],[-48.04832071440982,-16.049703714080604],[-48.03857878788579,-16.04971752948521],[-48.038475986481316,-16.049660452338735],[-48.033874586525656,-16.049712888379577],[-48.01595407695644,-16.049710629121083],[-48.01572815605238,-16.049957112603913],[-47.998132303915064,-16.049890726560918],[-47.99757402252555,-16.049779570593955],[-47.989691135227496,-16.0498114125715],[-47.985325401998416,-16.0499019373762],[-47.98287064948336,-16.049819878095846],[-47.95018072183396,-16.049842343762077],[-47.91179404247037,-16.04986575042304],[-47.88822486890244,-16.049871117560606],[-47.888161310401145,-16.04979361994776]]]},"properties":{"nome":"Santa Maria","regiaoSaude":"Sul","macrorregiaoSaude":"Macrorregião 2"}},
{"type":"Feature","geometry":{"type":"Polygon","coordinates":[[[-47.76378524829975,-15.52733752937514],[-47.7655076070586,-15.52759650943472],[-47.767877661917105,-15.526780589065575],[-47.76894917059138,-15.52654729526065],[-47.76979740659503,-15.52657487978406],[-47.771194560848,-15.527102171044943],[-47.77315587237076,-15.52853041921187],[-47.77467376379117,-15.52923777813301],[-47.77588045454265,-15.529528467600406],[-47.77763544640085,-15.52953504728431],[-47.78002501087068,-15.529074809054007],[-47.78096682347917,-15.528728388762831],[-47.78354430382835,-15.527579924181975],[-47.790525719162375,-15.524612063388357],[-47.79266564630633,-15.524347584255818],[-47.80192475351797,-15.525580300020309],[-47.80352731474717,-15.525619680205274],[-47.8053343235519,-15.52528606147518],[-47.81000042466588,-15.523687792749161],[-47.81140151713306,-15.52341186991636],[-47.81310200281307,-15.523404531818949],[-47.815014729851995,-15.523781581414003],[-47.82131871125723,-15.5262817713139],[-47.82943758059053,-15.529561366017838],[-47.83160387598301,-15.530092713247926],[-47.83407459784888,-15.53017567397397],[-47.83477127279275,-15.53029575409355],[-47.835443279100595,-15.53077457826278],[-47.83582154170043,-15.531400549709835],[-47.835928016316124,-15.532187095466362],[-47.83653898749031,-15.539657461388252],[-47.83654361291571,-15.541435205283928],[-47.83623842736592,-15.543547884926113],[-47.83543015291767,-15.547241734765349],[-47.8353440089735,-15.548150861863324],[-47.83558788091188,-15.549399833550865],[-47.83595323561941,-15.550159775542856],[-47.84108892565829,-15.55717389824485],[-47.84059734956851,-15.557958639019725],[-47.840860094212694,-15.558938949593923],[-47.84075409211086,-15.560200821984106],[-47.84030464341465,-15.561268838362349],[-47.83952036835753,-15.561592896025012],[-47.83905486766551,-15.562076333488921],[-47.83887402512072,-15.563457986078934],[-47.839216099987645,-15.564814997446824],[-47.83989073027444,-15.565138459340847],[-47.840276191972976,-15.565714588450485],[-47.841020673459624,-15.565932872234747],[-47.840871211762654,-15.566594634728142],[-47.84003528088176,-15.567791542644313],[-47.8399728650375,-15.568587379185423],[-47.83962390099066,-15.569026043234688],[-47.8391200009135,-15.56898777034897],[-47.839464826421825,-15.571481718387108],[-47.84090172663454,-15.571809229981989],[-47.841589323204154,-15.572493954388072],[-47.84287668715973,-15.572495209995726],[-47.84297200829283,-15.572983782705844],[-47.843810045723075,-15.57328221488265],[-47.84389644209384,-15.573754245724755],[-47.84353469142724,-15.575073475532607],[-47.84255263788729,-15.5768839021458],[-47.843501957716605,-15.578634815582758],[-47.84294747799738,-15.57988730918116],[-47.84315095808733,-15.581191485751873],[-47.84387797093497,-15.581572673828054],[-47.843603830263085,-15.582850684403077],[-47.84419400993002,-15.583450067957052],[-47.84393896384782,-15.584450866459099],[-47.844019828393066,-15.58636738998984],[-47.84375888666764,-15.587429884086607],[-47.84229364550604,-15.588432248377018],[-47.840968722988436,-15.588604027375654],[-47.840946912791644,-15.589014419269507],[-47.84228334452467,-15.589403283333867],[-47.84303830755406,-15.59012684019371],[-47.84234085466916,-15.5907183917877],[-47.837358950817034,-15.592932331181194],[-47.836686098296184,-15.593672795575943],[-47.836078979996245,-15.596264628781006],[-47.83582030741524,-15.598346056303631],[-47.8343524844955,-15.599293597594762],[-47.83414492425753,-15.599760263105345],[-47.83409003719367,-15.602268531485507],[-47.833331551870046,-15.602757783513328],[-47.83266211654053,-15.60262810462863],[-47.83033890882411,-15.602831310083355],[-47.8299741371232,-15.603060328035966],[-47.82960290743373,-15.603860503659929],[-47.82876086082238,-15.604700320671677],[-47.82040154842013,-15.610857771460589],[-47.8197176654859,-15.611743094806188],[-47.81941616033384,-15.612524347282662],[-47.818463260718104,-15.615711652501107],[-47.815755859724334,-15.620781796155972],[-47.81604380121392,-15.621512935972408],[-47.81712828066258,-15.621786190608727],[-47.81858503813465,-15.621498574765939],[-47.820163863179104,-15.621549556179211],[-47.8210454617141,-15.621771976493813],[-47.82229337345903,-15.622344640169326],[-47.82364405067582,-15.62353793386907],[-47.8245387897668,-15.625143119941084],[-47.82481460759332,-15.626464192588188],[-47.8248219360494,-15.628741901253253],[-47.824662792310306,-15.630667814220365],[-47.82409638565905,-15.63256420963766],[-47.82287403278058,-15.634591023941542],[-47.822593829378846,-15.635653052797952],[-47.82185960934767,-15.636905373863813],[-47.82090020772592,-15.639905004143385],[-47.82023543644936,-15.640969138643698],[-47.819664116013506,-15.641323924173465],[-47.81225544755731,-15.643430868672574],[-47.81188703947613,-15.644601545108628],[-47.81275675509655,-15.64541032041196],[-47.812805185070154,-15.646153753444777],[-47.813896296780555,-15.647209299491854],[-47.814586946723814,-15.64827738201467],[-47.81597417638952,-15.649805497789172],[-47.81643132634266,-15.652399087154098],[-47.817437835617916,-15.653764178293347],[-47.81718213735881,-15.65450414520672],[-47.81660390079358,-15.655141366730035],[-47.8160947276057,-15.656383596085606],[-47.81553878542919,-15.656690506552936],[-47.8154555142973,-15.657355827103949],[-47.814576588250276,-15.657429023546316],[-47.81325912534279,-15.65941088800696],[-47.812851696242305,-15.659672802436797],[-47.81283409644925,-15.66059741172509],[-47.81231310682213,-15.661224932700808],[-47.812528464436774,-15.661891802343678],[-47.81231156082153,-15.662919726023317],[-47.8108174370269,-15.66404516888041],[-47.81001510403594,-15.66524081251654],[-47.809502548691015,-15.665611390510486],[-47.80904242351765,-15.666357568937503],[-47.81016376982558,-15.666832832235583],[-47.81258750261556,-15.668044253292193],[-47.81651516071823,-15.670675417959975],[-47.826611396265044,-15.677631951864246],[-47.82889397587613,-15.678888099798847],[-47.829872649055666,-15.679253539806972],[-47.85401129702154,-15.68697975456224],[-47.85527444688864,-15.687358899264797],[-47.85950154491655,-15.688227457636716],[-47.85808056285067,-15.689219323017086],[-47.85255208714875,-15.692158914859471],[-47.851550042500456,-15.692534902810314],[-47.850149606701756,-15.692806248111294],[-47.8489045785489,-15.692854027436288],[-47.83887787170676,-15.692878976080044],[-47.83757099724154,-15.692967912677448],[-47.83585318485632,-15.693399370122476],[-47.83411501305351,-15.694283712637521],[-47.82737176894908,-15.698936774122247],[-47.82507479832715,-15.700486042572654],[-47.81423262871787,-15.707917029338532],[-47.79422050609563,-15.721647326613361],[-47.792319080761295,-15.723192519932077],[-47.791017794715444,-15.7251365990789],[-47.79007396179588,-15.727506987312596],[-47.781619394735856,-15.724436258871568],[-47.78135398658684,-15.723967391970962],[-47.77860489657736,-15.724437445235795],[-47.776668330945746,-15.72451477679892],[-47.774128287886036,-15.72408071678962],[-47.772814557478554,-15.72359625765528],[-47.771141254819035,-15.722654745332838],[-47.769871365790685,-15.721638308565018],[-47.76535671165045,-15.716931032547345],[-47.7618745065376,-15.713254881413555],[-47.761773749698705,-15.71395813102993],[-47.761316672509096,-15.714436712119184],[-47.760386121181,-15.714873818409027],[-47.759561315036585,-15.714996409624137],[-47.75922799694705,-15.71565587432988],[-47.75848398168601,-15.716346398916068],[-47.757367727927445,-15.717648231330895],[-47.75639615143865,-15.71753207959968],[-47.75563395247964,-15.718103081778722],[-47.75408275691838,-15.718147094489089],[-47.75299542442038,-15.719072071737926],[-47.75214346939145,-15.719423487486413],[-47.75104874914855,-15.720373875482288],[-47.75101392146499,-15.720952882109765],[-47.750076209665764,-15.721832077618982],[-47.74796884465423,-15.723185224439133],[-47.74814745488554,-15.723531553834015],[-47.747506521303364,-15.724001883944434],[-47.74579472224067,-15.723977482142752],[-47.74440726979276,-15.724509452861742],[-47.74446675802751,-15.725186484133264],[-47.74384538346401,-15.725580661323793],[-47.74350302293283,-15.72669099125429],[-47.74258035342304,-15.727652818795503],[-47.74182010021494,-15.72748733650515],[-47.74114512946664,-15.727826912324954],[-47.73994765273503,-15.727904896299696],[-47.73821750737928,-15.727701000672],[-47.73754350321825,-15.728017281610466],[-47.736955368116895,-15.727913876889007],[-47.7357576865694,-15.727161908965876],[-47.73530575942131,-15.726715288968109],[-47.73429837788192,-15.726792394846981],[-47.733276334938765,-15.726251221155861],[-47.731875215522145,-15.726790275499267],[-47.73067949409859,-15.727011249589141],[-47.729340154519,-15.728337540451715],[-47.728495916916664,-15.72778904181985],[-47.727702793454,-15.727873769466864],[-47.72614869274111,-15.727056867824123],[-47.725556766749264,-15.727197767465205],[-47.72500749725868,-15.726880611919372],[-47.723809782473516,-15.726598863116958],[-47.72305235267035,-15.726853768587718],[-47.72200461791008,-15.726768215604498],[-47.72105768310784,-15.726504468590235],[-47.71959701976091,-15.725319254359457],[-47.71872120547803,-15.725571596756366],[-47.71802957098121,-15.726994538666528],[-47.71662837071621,-15.727102314841115],[-47.715385435637955,-15.727717063889012],[-47.71457008426191,-15.72767920460434],[-47.713338543414714,-15.728327998703513],[-47.712449682000646,-15.727772152836465],[-47.71107327254254,-15.727466037607954],[-47.71070606281396,-15.726940392016619],[-47.7099058166094,-15.726683654381775],[-47.70942697413878,-15.727524286178127],[-47.708722087694895,-15.727464965399683],[-47.70824850935184,-15.727092389979235],[-47.707158320211235,-15.726879432486887],[-47.70507658593139,-15.727087954141707],[-47.70427798723707,-15.726817967097091],[-47.70387065695127,-15.726266404233753],[-47.70331948123565,-15.726357673020953],[-47.70302555786458,-15.727296217042062],[-47.70260136440426,-15.727736640311539],[-47.70261309909682,-15.728360010034786],[-47.7012105989696,-15.72837532092798],[-47.70089403805336,-15.72737320683307],[-47.70000730834147,-15.727558046890968],[-47.69871717218493,-15.727108867428703],[-47.69836545749668,-15.72736649688142],[-47.69760214193177,-15.727058833254981],[-47.69656492285021,-15.726979934118013],[-47.69524745724779,-15.726178754996104],[-47.69360932273333,-15.726052575133995],[-47.69300048146468,-15.725847974656341],[-47.691257856713015,-15.72649279789369],[-47.68947575369955,-15.726946247672267],[-47.68928185773536,-15.727450008958488],[-47.68870290161958,-15.727819581546173],[-47.68836550967023,-15.728650838122624],[-47.68794211750715,-15.72868723073109],[-47.68742917409002,-15.729408530749383],[-47.68511405300778,-15.73043880668116],[-47.68483146817222,-15.731109443885469],[-47.68399999742671,-15.731034711429606],[-47.683071214881416,-15.731525739019947],[-47.68293177928133,-15.732148757319266],[-47.68176459463941,-15.732131073206721],[-47.681459752246056,-15.732876482465251],[-47.680557542765186,-15.733764985503324],[-47.679919234060264,-15.733996503418199],[-47.678685846276856,-15.733754886305725],[-47.67855041446799,-15.733084189515647],[-47.677200869128455,-15.73192293457975],[-47.67689812250466,-15.732357865867368],[-47.675855588091565,-15.732300249885574],[-47.67462594538458,-15.731071633653565],[-47.67533088213411,-15.730667761175479],[-47.67515046808571,-15.730106175950171],[-47.67399592723142,-15.729676272254789],[-47.673678062859715,-15.729362989997856],[-47.67393518584686,-15.728282332331425],[-47.67528776839037,-15.727752307500984],[-47.67564332966466,-15.72677870771687],[-47.676567890128126,-15.726280074104544],[-47.67668874317824,-15.725235013335892],[-47.676164330969875,-15.724829959338823],[-47.676114146586535,-15.723642574469],[-47.67563809158823,-15.723604458474906],[-47.67461995990984,-15.72310889110229],[-47.6746149266493,-15.722349411882561],[-47.67540643673772,-15.722083835474354],[-47.67625731558495,-15.722728958585295],[-47.67661503730749,-15.721592014642326],[-47.67640658055086,-15.721165732526805],[-47.67576842455955,-15.721113101029255],[-47.67506764521315,-15.72060514922106],[-47.6754571232793,-15.719684616666541],[-47.67620512167031,-15.719060844216433],[-47.67586564922275,-15.718587029965933],[-47.675666671489005,-15.717431660640637],[-47.67499451156923,-15.717581679428744],[-47.674776073631485,-15.717130150101035],[-47.67394875489922,-15.717339617378972],[-47.67410893798911,-15.716443071531357],[-47.674526883666616,-15.71590680189677],[-47.67502920360719,-15.715931798737554],[-47.675373574568,-15.714996757248432],[-47.67581997168718,-15.714652901186302],[-47.675889806717365,-15.714073834269811],[-47.675589554715124,-15.713013451537666],[-47.67510471509166,-15.712732058841585],[-47.674374164678426,-15.71152460516191],[-47.67377125947718,-15.711056388221929],[-47.67307923600985,-15.710888284340427],[-47.673169147488316,-15.709722714735868],[-47.67411661409321,-15.708936494683263],[-47.67416015184177,-15.709792097833555],[-47.67458545561978,-15.709868629004205],[-47.67471334068194,-15.708838775600357],[-47.675422503106574,-15.708668771731972],[-47.67579576388691,-15.707741541208053],[-47.67659942548617,-15.7070924220715],[-47.67774209779893,-15.70736021887019],[-47.67845578054608,-15.70701714377577],[-47.6787498189015,-15.706357415016944],[-47.680080342414904,-15.705766253971207],[-47.68059189613828,-15.705228565662118],[-47.681819007392804,-15.705098908512095],[-47.6819908757679,-15.704660590443355],[-47.68354113258969,-15.704406296262443],[-47.68415167436918,-15.703751278181004],[-47.68614400382038,-15.703285559905783],[-47.68832547445296,-15.703393113407845],[-47.689915019992014,-15.70307909196012],[-47.69085159811734,-15.702204084970646],[-47.69172562115955,-15.701802691666586],[-47.692302505760274,-15.701958263554943],[-47.692679057069505,-15.701257126721067],[-47.69354582262253,-15.701307766537605],[-47.69391043262668,-15.700928077003661],[-47.69506463930769,-15.700757942869291],[-47.69630516600267,-15.699686422230721],[-47.69784137586835,-15.699262545988473],[-47.7003345250736,-15.699344728280673],[-47.70157616567952,-15.699237969991517],[-47.70327441275784,-15.700228725031842],[-47.70430169467573,-15.700418234564218],[-47.70487763065553,-15.699860420326926],[-47.70592189073228,-15.70009745444274],[-47.70778818654912,-15.69996959108444],[-47.70947710641984,-15.700344336617002],[-47.71110752889758,-15.699722033046019],[-47.71216362337989,-15.699569922120205],[-47.71328176449887,-15.69915471616376],[-47.714967943609665,-15.698228470607233],[-47.71575098977147,-15.698445666212491],[-47.7165107210584,-15.698001515399119],[-47.71706749956644,-15.697317028155435],[-47.71765940399872,-15.697588751068725],[-47.71888242073218,-15.697823793574281],[-47.721745506951216,-15.696885215778241],[-47.72390434273358,-15.697174541665426],[-47.72489193977716,-15.69756709533685],[-47.72765620233179,-15.698337935408569],[-47.72878127664813,-15.69838330148904],[-47.72941200447037,-15.698628304785174],[-47.73016542958399,-15.698426957835222],[-47.731338057118215,-15.698517222085867],[-47.73152091368588,-15.69790756942576],[-47.7324644851957,-15.697867341939066],[-47.734446420240744,-15.696135827192068],[-47.734984533553806,-15.695862975484186],[-47.73587702056837,-15.694372853585701],[-47.73649796663547,-15.693994746740085],[-47.7370086418065,-15.693371680899853],[-47.73857330221555,-15.692388030869852],[-47.73870682420612,-15.691971870212681],[-47.7395341492266,-15.691678365839445],[-47.74015198802113,-15.690971659548447],[-47.74112588396,-15.689300185277679],[-47.74204869809855,-15.6889323313101],[-47.74252146077133,-15.6883288163766],[-47.743000975181786,-15.68825609889328],[-47.74448316755281,-15.687040975974444],[-47.74593203422342,-15.686448552441231],[-47.74662437389773,-15.685748483138397],[-47.74641297695518,-15.685195318928772],[-47.74707109800368,-15.683171869081965],[-47.74655484339642,-15.680510222639064],[-47.745980316873315,-15.679184192156544],[-47.74575019544697,-15.6780939508639],[-47.745242004117706,-15.677248953271224],[-47.74434912184443,-15.676217183698729],[-47.743566818589365,-15.676305086217694],[-47.74229140851527,-15.675320354946697],[-47.740853271322415,-15.675424425519628],[-47.74020395735695,-15.674688306231147],[-47.744297651971905,-15.671430247000108],[-47.743984988845696,-15.670987457582262],[-47.73788034360201,-15.664603311962654],[-47.740742424606246,-15.659749192388372],[-47.74971955334514,-15.644668104377027],[-47.75231652713598,-15.64026379239126],[-47.75300515407322,-15.639614790895685],[-47.75545048236264,-15.634243182842853],[-47.755968005391075,-15.63324364376366],[-47.75679200664501,-15.631286345277406],[-47.759802839677135,-15.624800187052786],[-47.759815474481606,-15.623822241213725],[-47.759489945683896,-15.622374870382947],[-47.759471877868584,-15.62104658815312],[-47.76000534778995,-15.619060542073623],[-47.760613979751135,-15.61736539156218],[-47.762788951970954,-15.615725343616152],[-47.764655004344355,-15.614578989658956],[-47.76841138606169,-15.612398260708092],[-47.77273344140504,-15.609507531514089],[-47.77448542929691,-15.608058348262642],[-47.77490707154181,-15.606964303489884],[-47.78117568357936,-15.600810607687166],[-47.78049093556752,-15.593358912801191],[-47.77289549029576,-15.594006008397884],[-47.765610915112916,-15.592386457630052],[-47.76322781312324,-15.591410625070063],[-47.76455224785563,-15.589756289142253],[-47.76753213302791,-15.589904845885524],[-47.76887469666106,-15.589577839029232],[-47.76917121077341,-15.588813456762544],[-47.76703796799349,-15.588042084562906],[-47.76539449658793,-15.587958360628386],[-47.76460545956149,-15.587626977568798],[-47.76464764444723,-15.587144696497827],[-47.76526432980495,-15.586567311362264],[-47.76578976788935,-15.58553840661562],[-47.76607878466234,-15.58355089018844],[-47.76559571292336,-15.582228931134358],[-47.765114591426865,-15.581548958513828],[-47.764765768415515,-15.580645045372234],[-47.763903876222905,-15.580077121413982],[-47.76276351527537,-15.579623995665674],[-47.761363283394246,-15.579612304468542],[-47.760726556622544,-15.579284109596466],[-47.760243812768636,-15.578058033019987],[-47.76048164623168,-15.575002417325926],[-47.760669500127264,-15.574553011695834],[-47.76014278823179,-15.573597812275],[-47.760185060254116,-15.572915967928086],[-47.76109868732225,-15.57291528084991],[-47.761562062600305,-15.572087621696316],[-47.762360868805466,-15.572242266770877],[-47.76328833262392,-15.571248093603684],[-47.76262043880344,-15.570064795258778],[-47.76234512762674,-15.568752381733987],[-47.762332435330094,-15.567807937741293],[-47.76261499950439,-15.567312378786067],[-47.76374365720041,-15.566459599768558],[-47.76417985035629,-15.56513428133213],[-47.76476783184572,-15.564908142589255],[-47.765813817586135,-15.565140266234406],[-47.7667264115917,-15.564586966648005],[-47.76644094226577,-15.563660387403795],[-47.76700396137009,-15.563353872479542],[-47.76678868011225,-15.562873197714532],[-47.767271444627404,-15.561845008597782],[-47.76711997339914,-15.560741053878434],[-47.76645273894208,-15.560134738101445],[-47.76638356058036,-15.559228519732239],[-47.76590416025595,-15.558554349696504],[-47.76443084413824,-15.558052335930004],[-47.76400715912438,-15.558166796336183],[-47.76393382785111,-15.559095514483328],[-47.763578048286206,-15.559328431330727],[-47.762249966393746,-15.558582859372],[-47.761625151282715,-15.558437161769307],[-47.760877459217234,-15.557473277610667],[-47.76036951043309,-15.557418230201632],[-47.759383003944265,-15.556759445476779],[-47.759108440165875,-15.555795585480698],[-47.75858777752551,-15.555303646167674],[-47.75688362043095,-15.554470761739278],[-47.75614356224874,-15.554259287871414],[-47.75610335186,-15.553898339751854],[-47.75521477790682,-15.552594340595915],[-47.75554781482368,-15.551716711292825],[-47.754915863496024,-15.551324869841052],[-47.754822275213094,-15.550313035964024],[-47.75660728247987,-15.54870572188807],[-47.756311011810965,-15.546325854012872],[-47.75588105835305,-15.545948013957695],[-47.75561401886348,-15.544671460009186],[-47.754817193443536,-15.543844261918824],[-47.753676171335954,-15.54403130591614],[-47.75356891967755,-15.543069766360539],[-47.7531450415259,-15.542278909707136],[-47.75195257290199,-15.542771313735091],[-47.75172600431261,-15.541334021415466],[-47.75219293871583,-15.540969538555238],[-47.751541533472384,-15.54030931817623],[-47.75129780616275,-15.539718970871796],[-47.7502576073694,-15.539568385549368],[-47.75007014064771,-15.538724262384857],[-47.750744875139084,-15.53857431506132],[-47.7506685165433,-15.537938163931106],[-47.75151923010051,-15.537416346895538],[-47.75158498318605,-15.536467000664084],[-47.751039748927724,-15.536119581899783],[-47.751483495118514,-15.535648695478628],[-47.751194919418325,-15.534959336665738],[-47.751961154507896,-15.53466407809975],[-47.75203373119634,-15.53395824203829],[-47.75266728332182,-15.53326315399089],[-47.753214262108436,-15.532982157394024],[-47.75348882319187,-15.532331600792793],[-47.754159555688645,-15.532134550410303],[-47.75443079390385,-15.531072998062522],[-47.753733097575505,-15.530284835597481],[-47.753723933861295,-15.529637392414188],[-47.75433922144042,-15.529297574397702],[-47.755932992654564,-15.529221038083943],[-47.756473583521185,-15.528337178700196],[-47.75737407003335,-15.528585180928138],[-47.75732971930946,-15.529282127442105],[-47.75786944869172,-15.530283298439366],[-47.758541733477315,-15.530775311353892],[-47.75905295033246,-15.530681364883877],[-47.759342707317245,-15.530151384957435],[-47.759899079786784,-15.528122208977578],[-47.760845544770135,-15.527556187066802],[-47.76191796523441,-15.527260772489345],[-47.76170272440076,-15.528222918965312],[-47.762730843548496,-15.52863868762027],[-47.763464638676524,-15.528314612727817],[-47.76378524829975,-15.52733752937514]]]},"properties":{"nome":"Sobradinho","regiaoSaude":"Norte","macrorregiaoSaude":"Macrorregião 3"}},
{"type":"Feature","geometry":{"type":"Polygon","coordinates":[[[-47.97595970249181,-15.50242998097365],[-48.034776041421686,-15.50241218527359],[-48.034061234882124,-15.50395061086949],[-48.034245565585174,-15.505027074610789],[-48.03648388879545,-15.50957280860382],[-48.03709507646363,-15.510898382283237],[-48.0394179104809,-15.516630349943958],[-48.0397313012425,-15.517901492881336],[-48.039779550654714,-15.519110412999726],[-48.03908142493166,-15.524523154156572],[-48.03872587174221,-15.525937402842368],[-48.0379125451688,-15.52766636793795],[-48.03552432098537,-15.531203767611997],[-48.035069854299984,-15.531562676538764],[-48.03430969182172,-15.531546110646298],[-48.03278439199516,-15.530705126739225],[-48.03187223187588,-15.53094985447552],[-48.03186291454975,-15.531652061363141],[-48.03291240551641,-15.5332898123917],[-48.03347939966586,-15.533905372870537],[-48.03621456668675,-15.536432180227417],[-48.04157430194738,-15.541216215261025],[-48.04257916550903,-15.542489005075076],[-48.043566210088706,-15.54467272617209],[-48.04387717270409,-15.54663974022011],[-48.04371857424236,-15.54772262258632],[-48.043089448116284,-15.549245169576102],[-48.041713044946384,-15.550751404050839],[-48.036147404144536,-15.554045971313231],[-48.03490434240383,-15.55514990656164],[-48.034187811997235,-15.556224556543548],[-48.033868407913126,-15.556986960515477],[-48.03360195412513,-15.558880703204993],[-48.03397249840005,-15.560504527357729],[-48.03467804690229,-15.56184238475246],[-48.03528653064145,-15.563283098393994],[-48.03537322255795,-15.56419455951576],[-48.035116407692946,-15.565095063602785],[-48.034708559977545,-15.565676179085704],[-48.03083715168301,-15.568579631653288],[-48.026646147064916,-15.571646174312335],[-48.02487807573618,-15.573009039308928],[-48.023450133523475,-15.574576344475844],[-48.02182616005117,-15.57659636441354],[-48.01699885266618,-15.582402411304397],[-48.014155474586154,-15.579935766445972],[-48.01274969021826,-15.579081297917753],[-48.010728282301315,-15.578304234341278],[-48.009334742869044,-15.578038593692773],[-48.00740358060386,-15.57797343796954],[-48.00614975524942,-15.578124022015542],[-48.0041028702127,-15.578704793487836],[-48.00296728470921,-15.579258682432856],[-48.001756393435464,-15.580053912997455],[-47.98769447140505,-15.590724382001815],[-47.974521855454775,-15.600706219704234],[-47.97049782968168,-15.603735320227342],[-47.96154366277976,-15.610584966857036],[-47.956570863353036,-15.614323867887634],[-47.931927953288934,-15.632395354254735],[-47.92620953959998,-15.636566131161175],[-47.923166673543136,-15.63883475765359],[-47.91201463905974,-15.646964216331341],[-47.90012384266311,-15.655724585055136],[-47.88366007709124,-15.667802578744347],[-47.88308056312167,-15.668261891870431],[-47.86473471833342,-15.683936689586014],[-47.8608504443674,-15.687285892574305],[-47.85950154491655,-15.688227457636716],[-47.85527444688864,-15.687358899264797],[-47.85401129702154,-15.68697975456224],[-47.829872649055666,-15.679253539806972],[-47.82889397587613,-15.678888099798847],[-47.826611396265044,-15.677631951864246],[-47.81651516071823,-15.670675417959975],[-47.81258750261556,-15.668044253292193],[-47.81016376982558,-15.666832832235583],[-47.80904242351765,-15.666357568937503],[-47.809502548691015,-15.665611390510486],[-47.81001510403594,-15.66524081251654],[-47.8108174370269,-15.66404516888041],[-47.81231156082153,-15.662919726023317],[-47.812528464436774,-15.661891802343678],[-47.81231310682213,-15.661224932700808],[-47.81283409644925,-15.66059741172509],[-47.812851696242305,-15.659672802436797],[-47.81325912534279,-15.65941088800696],[-47.814576588250276,-15.657429023546316],[-47.8154555142973,-15.657355827103949],[-47.81553878542919,-15.656690506552936],[-47.8160947276057,-15.656383596085606],[-47.81660390079358,-15.655141366730035],[-47.81718213735881,-15.65450414520672],[-47.817437835617916,-15.653764178293347],[-47.81643132634266,-15.652399087154098],[-47.81597417638952,-15.649805497789172],[-47.814586946723814,-15.64827738201467],[-47.813896296780555,-15.647209299491854],[-47.812805185070154,-15.646153753444777],[-47.81275675509655,-15.64541032041196],[-47.81188703947613,-15.644601545108628],[-47.81225544755731,-15.643430868672574],[-47.819664116013506,-15.641323924173465],[-47.82023543644936,-15.640969138643698],[-47.82090020772592,-15.639905004143385],[-47.82185960934767,-15.636905373863813],[-47.822593829378846,-15.635653052797952],[-47.82287403278058,-15.634591023941542],[-47.82409638565905,-15.63256420963766],[-47.824662792310306,-15.630667814220365],[-47.8248219360494,-15.628741901253253],[-47.82481460759332,-15.626464192588188],[-47.8245387897668,-15.625143119941084],[-47.82364405067582,-15.62353793386907],[-47.82229337345903,-15.622344640169326],[-47.8210454617141,-15.621771976493813],[-47.820163863179104,-15.621549556179211],[-47.81858503813465,-15.621498574765939],[-47.81712828066258,-15.621786190608727],[-47.81604380121392,-15.621512935972408],[-47.815755859724334,-15.620781796155972],[-47.818463260718104,-15.615711652501107],[-47.81941616033384,-15.612524347282662],[-47.8197176654859,-15.611743094806188],[-47.82040154842013,-15.610857771460589],[-47.82876086082238,-15.604700320671677],[-47.82960290743373,-15.603860503659929],[-47.8299741371232,-15.603060328035966],[-47.83033890882411,-15.602831310083355],[-47.83266211654053,-15.60262810462863],[-47.833331551870046,-15.602757783513328],[-47.83409003719367,-15.602268531485507],[-47.83414492425753,-15.599760263105345],[-47.8343524844955,-15.599293597594762],[-47.83582030741524,-15.598346056303631],[-47.83724130475248,-15.59834552851295],[-47.837711296122606,-15.598725034755851],[-47.8386098036462,-15.598495200378936],[-47.83993820803384,-15.598562847510047],[-47.840307811772654,-15.598784227660959],[-47.841002885918684,-15.59853391249591],[-47.84181179547584,-15.59707783453576],[-47.842258348003575,-15.596791106381646],[-47.84291509103644,-15.595616956265529],[-47.843423346146096,-15.595434183301348],[-47.84393412642001,-15.595709161637906],[-47.84446139167771,-15.595462612585434],[-47.84492408603278,-15.596254684584316],[-47.84640728451693,-15.596648010810718],[-47.8472979506464,-15.595991471654688],[-47.84814150013923,-15.596213885944747],[-47.84921887121904,-15.597067404981058],[-47.85005252487069,-15.596502292602457],[-47.85055045833773,-15.596762790627643],[-47.85128859412523,-15.59650895320756],[-47.85173550508076,-15.596955085201845],[-47.85434562391916,-15.597900520882316],[-47.85506496515427,-15.597664095098578],[-47.856036927918645,-15.598103741401378],[-47.856405820191746,-15.597584733270644],[-47.85712013984444,-15.598440802496446],[-47.85709397012358,-15.59883165690155],[-47.857876303023055,-15.599133153366093],[-47.858235846529,-15.598859306144213],[-47.8586359534616,-15.600006704033659],[-47.857977697665795,-15.600905319863772],[-47.85788823085339,-15.601551002130043],[-47.859072549062724,-15.602520732585425],[-47.859188581753024,-15.603156227973134],[-47.86008891195833,-15.602644678640015],[-47.86051344767677,-15.602181446803709],[-47.86149576082985,-15.601742839709553],[-47.86281774405984,-15.601953135616293],[-47.86270420419444,-15.602658682969114],[-47.86218165149872,-15.602971313404232],[-47.862090893807256,-15.60429883368725],[-47.861548422766745,-15.604745894413371],[-47.861868696420046,-15.605595999355483],[-47.861954118118724,-15.606417533715575],[-47.86158214552251,-15.606662059756449],[-47.86164604089203,-15.607274532509287],[-47.86104298836708,-15.609030004141475],[-47.860450075126735,-15.609293250525504],[-47.86038510716876,-15.61047367625512],[-47.8609440667863,-15.610777284813658],[-47.86143535631351,-15.611904986989643],[-47.86163456042271,-15.613320190427741],[-47.86211485816409,-15.613281325370975],[-47.86259259211365,-15.614432943313403],[-47.86471480268358,-15.616576789884842],[-47.86539960369603,-15.616772908893783],[-47.865917362083074,-15.618061058681667],[-47.86569050872774,-15.61940317052154],[-47.86525248750026,-15.620057495250514],[-47.86631527263479,-15.620155296599542],[-47.867422984313336,-15.619651984285928],[-47.868343777242494,-15.618543408104014],[-47.86873179824126,-15.617553199189649],[-47.869133961417546,-15.613778589382358],[-47.86946738191503,-15.613188272244997],[-47.870522606828146,-15.612162442545202],[-47.87029149545836,-15.613143568143027],[-47.87204764344833,-15.61425031256141],[-47.8730593494775,-15.613746792816134],[-47.87364637965105,-15.613670769829481],[-47.87480151069848,-15.614189913755121],[-47.87624861936609,-15.61546693393919],[-47.87642755658416,-15.616335655826722],[-47.877237207251426,-15.617329563950776],[-47.877846679137406,-15.616613801157921],[-47.878285604968376,-15.616686269003601],[-47.87991610919281,-15.616105784947493],[-47.880464485758,-15.616069453595209],[-47.881710377191844,-15.616468223445285],[-47.88378199195002,-15.617530444023473],[-47.8860690029504,-15.616146352960076],[-47.88592123547605,-15.615551062790919],[-47.88633569569026,-15.615139704812423],[-47.887276685441954,-15.612428820288596],[-47.887850598415724,-15.611316706273195],[-47.88848221826504,-15.61053264601485],[-47.890176052818674,-15.608991634888177],[-47.891931549530064,-15.608374197621158],[-47.89223471117551,-15.607626064440332],[-47.891810320984156,-15.607105337896607],[-47.89209953358988,-15.606153291258824],[-47.8912867963113,-15.6052027534401],[-47.89153971518291,-15.603928243329827],[-47.891147130742496,-15.603521967634178],[-47.89110087020031,-15.602927264635882],[-47.89036721251452,-15.601999791487266],[-47.89027239892954,-15.601071856445323],[-47.889796937717634,-15.600309587453749],[-47.88995796252895,-15.598873371297644],[-47.88927836994853,-15.598484863475878],[-47.8889130682416,-15.597623519104213],[-47.888491211299346,-15.59723643049812],[-47.888684883583025,-15.596670546792863],[-47.88821163132842,-15.596324763775904],[-47.8875693143407,-15.594731392876687],[-47.88808394748887,-15.594291293748116],[-47.887156196209524,-15.594047283363082],[-47.88688599375185,-15.593278665021254],[-47.88578891183807,-15.593425063874905],[-47.88503640210772,-15.593133401274628],[-47.88528333370797,-15.592428715851185],[-47.886183193196054,-15.592334884919971],[-47.88899060632535,-15.593314436265825],[-47.88962146799657,-15.59339729103453],[-47.890549462719356,-15.593188683121056],[-47.895562369228564,-15.590347451569494],[-47.89621114061159,-15.590246121302856],[-47.89698540753814,-15.59055527757571],[-47.90018652440869,-15.593165112779971],[-47.90114440877593,-15.593680757609295],[-47.90229127891601,-15.593861696940387],[-47.90398124532405,-15.593542650637286],[-47.91346681781881,-15.591190611001215],[-47.92533948621301,-15.587220973320614],[-47.92674631981317,-15.58639249958082],[-47.92735854144223,-15.585854545889006],[-47.92991501379017,-15.583200981852674],[-47.931520823327446,-15.581618794382425],[-47.935032653980045,-15.579349116936028],[-47.936409701242006,-15.577895199501512],[-47.93690938103397,-15.576932283970555],[-47.93791860052642,-15.573709116809383],[-47.9383201106275,-15.57326539793805],[-47.938989783112255,-15.573209483361309],[-47.94302476563687,-15.574607385618627],[-47.94440588136875,-15.574563362783332],[-47.94673511318748,-15.573294535539242],[-47.94738078628109,-15.573523409903059],[-47.94802899711538,-15.574618619340585],[-47.948439748185784,-15.574961911272885],[-47.95020024671667,-15.575624133616843],[-47.95104357252898,-15.575478143490837],[-47.95147323672937,-15.575018585131753],[-47.95419497483508,-15.57072399687465],[-47.95452658792222,-15.569965963639872],[-47.9556002723161,-15.56638986345912],[-47.95577496050288,-15.565346237284393],[-47.955423915957844,-15.564351747801823],[-47.95126695030248,-15.559443588535027],[-47.95080775937701,-15.558550593868393],[-47.95077279335289,-15.5580419121833],[-47.951072940252246,-15.556897767553956],[-47.95206563433675,-15.5540184051795],[-47.952007492676614,-15.553204095267985],[-47.950666598113266,-15.55170363555703],[-47.950425837939015,-15.550821583567972],[-47.95071021760852,-15.550334052999066],[-47.955860250149215,-15.545208453450739],[-47.957973933012155,-15.542598250185168],[-47.95873349002591,-15.541856679285031],[-47.95962344828293,-15.541263196486044],[-47.962305785381965,-15.539895383638381],[-47.96295909954539,-15.539470881643688],[-47.96525040628945,-15.537569067214529],[-47.9655658811425,-15.537155057067494],[-47.96690901430755,-15.532399454906027],[-47.967474301657965,-15.531490450449589],[-47.969821594105476,-15.53018661757582],[-47.97027330565788,-15.529688877845357],[-47.97045992975985,-15.528349752183349],[-47.96945214487688,-15.5264413401897],[-47.96896135750793,-15.525211282446305],[-47.96939162447788,-15.524122377062126],[-47.97316102368201,-15.520338355343819],[-47.97350114111994,-15.519189932334864],[-47.97328099278988,-15.514699268997814],[-47.97350058596109,-15.512613265590918],[-47.97403865795166,-15.51080080423106],[-47.973977485375755,-15.507376556556688],[-47.97420455792001,-15.506243007188088],[-47.97465808856087,-15.50488474538236],[-47.97595970249181,-15.50242998097365]]]},"properties":{"nome":"Sobradinho II","regiaoSaude":"Norte","macrorregiaoSaude":"Macrorregião 3"}},
{"type":"Feature","geometry":{"type":"Polygon","coordinates":[[[-48.107353618290084,-15.859447897041369],[-48.10789913821267,-15.859072410244021],[-48.10886948580617,-15.857346276700062],[-48.10930290406614,-15.857196216168495],[-48.11042552149018,-15.85574428154208],[-48.111303481848275,-15.854151472470626],[-48.11084236313821,-15.853815398113486],[-48.113412776441045,-15.850417418231421],[-48.1204919644106,-15.85547364409978],[-48.12810119792364,-15.845514672097739],[-48.12947235044071,-15.843681607186715],[-48.13042071356425,-15.842620824368606],[-48.130512517793036,-15.841759019078461],[-48.130286657076084,-15.841257857001892],[-48.128395461756206,-15.839817822752165],[-48.12701491286127,-15.83896074049818],[-48.12422025041911,-15.836965686059058],[-48.12388979795532,-15.837044985744518],[-48.122627974899906,-15.838695299513848],[-48.11639985801706,-15.834238325375976],[-48.11512192816859,-15.832159579066001],[-48.11799318097188,-15.828403748579936],[-48.11925065797795,-15.828888767213375],[-48.12113273000781,-15.826388359238543],[-48.12376588703997,-15.828358860962677],[-48.12399337730084,-15.827931270862901],[-48.124173227207244,-15.826047045312494],[-48.12561928484597,-15.823909703469065],[-48.12670642240954,-15.823999141874902],[-48.12869656176809,-15.818788841922661],[-48.13125063202096,-15.8196948914461],[-48.13184279965962,-15.818250119295207],[-48.13080630641681,-15.81788008567755],[-48.13160846423629,-15.815783235889745],[-48.13266528455734,-15.816150205056971],[-48.13329894088741,-15.814516584639454],[-48.134723039209,-15.815019185558421],[-48.1363960588992,-15.810670584551934],[-48.13679791934324,-15.809080923254957],[-48.1407671245278,-15.810237555841864],[-48.141082636211785,-15.810248755848],[-48.14237554456929,-15.809607964625059],[-48.143246755884654,-15.809366012299554],[-48.145899205135876,-15.809108243196572],[-48.14610251454592,-15.808438346066612],[-48.14785879548654,-15.808883489720163],[-48.15051722661923,-15.808472242850176],[-48.15148291015977,-15.8085322763676],[-48.15385975718013,-15.809216799477085],[-48.154488165552294,-15.809484776234001],[-48.15545982738105,-15.810407090055786],[-48.15590468658447,-15.809627173585232],[-48.15800944378674,-15.81023859217523],[-48.15914722387446,-15.80950194796933],[-48.16360324317948,-15.795012386979876],[-48.163942104772644,-15.793962187556964],[-48.166607308304265,-15.79475646669925],[-48.17276167260397,-15.796457409742102],[-48.17458459775889,-15.797026460383922],[-48.18144035136108,-15.799000225902645],[-48.18253498267077,-15.799184846020985],[-48.184226267805634,-15.799185130401545],[-48.185156232533835,-15.799016216920876],[-48.18855529856715,-15.79800936722239],[-48.18884900544423,-15.799013659222425],[-48.18836177450548,-15.799554855912616],[-48.18857647455334,-15.800412436259219],[-48.18847755207426,-15.801582148735795],[-48.188893716392556,-15.803218062137223],[-48.18933872291968,-15.804224439925095],[-48.18955291182614,-15.805360066256817],[-48.19007532797794,-15.806316733381957],[-48.19008010521862,-15.806873360730103],[-48.19085846307296,-15.80731226207706],[-48.19118216110412,-15.80951281697607],[-48.1911259660932,-15.810531521656436],[-48.19083815845259,-15.811302551089874],[-48.19085247849654,-15.811983454546409],[-48.190044401677646,-15.813527302374524],[-48.189448788999876,-15.814033172862935],[-48.18895243027952,-15.81480871189529],[-48.187978952057264,-15.814708899405728],[-48.18710117944707,-15.815175844456578],[-48.18677629833468,-15.81580205532515],[-48.186178063474586,-15.816278433476931],[-48.186204047244175,-15.816829698939761],[-48.18517085531004,-15.817922043920746],[-48.1845861418916,-15.819349929276934],[-48.18472088379433,-15.820247294507155],[-48.18438971716989,-15.821004878382208],[-48.183502406248,-15.822027055773258],[-48.18320619396959,-15.822584249209363],[-48.183442250565,-15.823227588692964],[-48.184103274070196,-15.82350169706641],[-48.18386410121905,-15.824068579252442],[-48.18469335582076,-15.824736429016914],[-48.18498803018341,-15.825552162906519],[-48.18582536692773,-15.826224781094503],[-48.18601357745449,-15.82694639886371],[-48.1866713580415,-15.82767453055357],[-48.18698275184821,-15.828975183721914],[-48.187510391703384,-15.830037137526407],[-48.18817934373927,-15.830893786629671],[-48.18802628788285,-15.83162891308318],[-48.188713520634764,-15.83209472665813],[-48.18860285807324,-15.833330452695568],[-48.1890317506208,-15.834047049843205],[-48.189071556767665,-15.834818256646779],[-48.19015150870729,-15.835632412386353],[-48.18992579082248,-15.836525777447646],[-48.18920747905668,-15.837265231277435],[-48.18880821115056,-15.838351695476664],[-48.186988076162905,-15.839795157247917],[-48.18688369731678,-15.840363698793611],[-48.186293640719036,-15.841198642092944],[-48.18653066390169,-15.841561705606804],[-48.18606699128128,-15.842358103493225],[-48.18648676862365,-15.843328587643448],[-48.18622333137838,-15.844138735545028],[-48.18523274204659,-15.844990092213456],[-48.18420818202402,-15.844437602972143],[-48.184059496471455,-15.844992339088732],[-48.1829702855962,-15.845561486481447],[-48.18138334337484,-15.845742781932895],[-48.180233428844254,-15.846153495823442],[-48.179783274072236,-15.846765006136147],[-48.17874465361883,-15.847366219707986],[-48.178016758625574,-15.8480626163416],[-48.17765541309917,-15.84876447037733],[-48.17774542249401,-15.849642615598343],[-48.17737922876001,-15.849992727430198],[-48.177249812070286,-15.850813579697167],[-48.176756981932385,-15.85148790255969],[-48.177141292889026,-15.851902960955293],[-48.17639091306421,-15.855082959194998],[-48.17598833486627,-15.855386239987773],[-48.17639540553895,-15.855903476208068],[-48.17548824184927,-15.85642885210703],[-48.175357809164964,-15.857070744376355],[-48.174592764343146,-15.855874828367075],[-48.1736900922299,-15.85542505448337],[-48.17190933040114,-15.855426229711206],[-48.171491064923394,-15.854786608356058],[-48.170154720326956,-15.854130854868048],[-48.168977195177796,-15.853984097296557],[-48.16900595294499,-15.853306088546963],[-48.16785895973571,-15.852640720034506],[-48.16693141506887,-15.853291601982876],[-48.16569681096657,-15.853007543617478],[-48.16499602982354,-15.853179493535697],[-48.16447427213685,-15.852886198124091],[-48.1642466830613,-15.852003383309967],[-48.16370064840406,-15.851701172439766],[-48.162577137156305,-15.852725472396441],[-48.16148070741943,-15.852482381759772],[-48.161004220331485,-15.853263970008307],[-48.16030983249833,-15.85328216635876],[-48.15947147257289,-15.854294149437331],[-48.15852434822613,-15.854877757048516],[-48.15745246675102,-15.854863735504885],[-48.15577015488752,-15.854563213131437],[-48.154945390065606,-15.8545981443328],[-48.154110814742474,-15.855100178039612],[-48.153598483078056,-15.855081925684056],[-48.15295181554942,-15.854305652043976],[-48.15095877732746,-15.854156954597384],[-48.149940395019094,-15.854912827322012],[-48.150032182179885,-15.855669883674784],[-48.14938704717713,-15.855921034588093],[-48.148597023800505,-15.855847286616493],[-48.14792684736089,-15.856119172232809],[-48.147427268180245,-15.857019581761685],[-48.14655587360856,-15.856896687564888],[-48.146018579559026,-15.857058673329096],[-48.14523763096341,-15.858620950670518],[-48.144362101446475,-15.858590905061945],[-48.14355208067332,-15.85919905772508],[-48.143333558293925,-15.860246197121985],[-48.14294461023379,-15.860197547302908],[-48.14237531999047,-15.860996608293076],[-48.14050788421153,-15.861630415223516],[-48.13900305519367,-15.862536350311313],[-48.13828192900608,-15.86251844081536],[-48.13758045346533,-15.86291070386464],[-48.13743980334298,-15.863419894991326],[-48.13678689791301,-15.86376004659802],[-48.13575963935133,-15.863806136086877],[-48.135371313823676,-15.864319518429589],[-48.133755250915755,-15.864094672569312],[-48.132701022234286,-15.863050761580327],[-48.13186364057421,-15.863429054492077],[-48.131611240030516,-15.86407607797965],[-48.13104904557963,-15.864544646599498],[-48.130319809401655,-15.864029293815092],[-48.1297106384513,-15.86456468419122],[-48.129130964581606,-15.864610712145124],[-48.1280833106697,-15.86547445045393],[-48.126996694128984,-15.865575082939266],[-48.126242331174204,-15.866259506072469],[-48.125204035012615,-15.866794662406255],[-48.12464421301239,-15.867480975476273],[-48.123863589606906,-15.866993821953011],[-48.12357544779301,-15.866527325930255],[-48.12235540897472,-15.866124929795006],[-48.12131518323191,-15.865433636647925],[-48.120882539319716,-15.865741781413439],[-48.120749928220846,-15.86638682130231],[-48.120052748423774,-15.866964499106093],[-48.119259609689756,-15.866879706931062],[-48.118747412772635,-15.867277031095245],[-48.11769466451476,-15.866889450398775],[-48.11686040629692,-15.867625714226303],[-48.11571242673746,-15.867353623781739],[-48.1139197092306,-15.867754268555654],[-48.11281840433667,-15.867589199683712],[-48.11157458711281,-15.866897530494786],[-48.110851209747125,-15.866713755971404],[-48.110319399912406,-15.865865078936054],[-48.11032344053455,-15.865265752379313],[-48.10949869817052,-15.86367242141041],[-48.10944324157477,-15.863144200736938],[-48.10983581613372,-15.862256349858603],[-48.10797305967909,-15.859994520161285],[-48.107353618290084,-15.859447897041369]]]},"properties":{"nome":"Pôr do Sol/ Sol Nascente","regiaoSaude":"Oeste","macrorregiaoSaude":"Macrorregião 1"}},
{"type":"Feature","geometry":{"type":"Polygon","coordinates":[[[-47.70722161011627,-15.893564243278277],[-47.70755390682133,-15.893744828566957],[-47.70868273699388,-15.893103876501584],[-47.7095813226709,-15.893158447843893],[-47.709326308928034,-15.89394549760904],[-47.7102399252164,-15.894688373848181],[-47.710355500664214,-15.89394539134037],[-47.711125475440326,-15.893553688964829],[-47.71241444738026,-15.892565908698979],[-47.71335813387443,-15.893134201211607],[-47.714061451859834,-15.894281617352608],[-47.71419620364402,-15.892633381979314],[-47.714816022325444,-15.892192738611545],[-47.71712703271695,-15.89206726528447],[-47.717799312112646,-15.892252240071956],[-47.71835330314836,-15.891872483269573],[-47.71906347977095,-15.891913632127459],[-47.72015837249039,-15.89117979588582],[-47.721130637987,-15.891454491023376],[-47.72219149443863,-15.89139006980289],[-47.72351324051339,-15.891045383134767],[-47.7242082131498,-15.891378503650222],[-47.72470839959158,-15.892043304498447],[-47.725526466574735,-15.892387142757382],[-47.72634893709942,-15.892212984264274],[-47.72678393280101,-15.892806167247857],[-47.72746821189228,-15.892862285190763],[-47.728265283450625,-15.893495358575162],[-47.7289130469239,-15.894699345399472],[-47.730130464458185,-15.895898589629905],[-47.730806159248594,-15.896119024875764],[-47.73174386925118,-15.897255200307862],[-47.73258465911946,-15.897692626445163],[-47.73291229266989,-15.898155785391792],[-47.733958290986706,-15.898583604141576],[-47.73451622652484,-15.898342225031682],[-47.73593901959433,-15.89868041264394],[-47.73643257467267,-15.899177367060735],[-47.73758648311301,-15.89913854457952],[-47.738337902288606,-15.89841479715778],[-47.73982009016806,-15.898644081706532],[-47.74013309824734,-15.898476868767622],[-47.74197457271456,-15.89892761870114],[-47.74169395339285,-15.899782551346018],[-47.7421137936173,-15.90026997371837],[-47.742546652226835,-15.899547154792904],[-47.74305278821074,-15.899513719105189],[-47.743475474298,-15.899932428099552],[-47.74426093872456,-15.900163938171744],[-47.74448711924175,-15.900502504584752],[-47.74544209486409,-15.900492161437827],[-47.74639492710618,-15.900812530058746],[-47.74679184322289,-15.90149971207894],[-47.747409776340525,-15.9012852266463],[-47.74817534847343,-15.901512247854853],[-47.74877200858682,-15.901290139017021],[-47.750257384587215,-15.901626329427327],[-47.750669692438,-15.901478249204555],[-47.751778079649625,-15.90173489468168],[-47.75224545153239,-15.902311129384472],[-47.75298614751845,-15.902703664820377],[-47.75341176660511,-15.902625213431946],[-47.754419455368335,-15.902977098430258],[-47.7546900800342,-15.902554900289664],[-47.75565899122155,-15.902386550205629],[-47.75588655514427,-15.902710915829255],[-47.757361141479784,-15.90250799374611],[-47.75799588656797,-15.902104881601074],[-47.75902629013146,-15.901100461462422],[-47.759865492676624,-15.90154802794424],[-47.76126303949337,-15.903031069251995],[-47.76206843843439,-15.902357322362153],[-47.763220326563655,-15.900424694248898],[-47.764460546933115,-15.899622507534657],[-47.76495854597717,-15.898721106534504],[-47.76481406993003,-15.898214421998151],[-47.76690017092048,-15.896848999344437],[-47.76713755792083,-15.89605988137585],[-47.76803322497149,-15.89512208791262],[-47.76813039034588,-15.893640871758953],[-47.76846762688669,-15.893074241240365],[-47.770967479320596,-15.891297459348403],[-47.77091826511775,-15.890520841381457],[-47.77137820793312,-15.889649441451638],[-47.77290203631924,-15.88806550663885],[-47.773514020793066,-15.886342133970013],[-47.77411890049132,-15.885517136572949],[-47.77553435701988,-15.885085763152386],[-47.776661132745375,-15.885004686940603],[-47.77732267188353,-15.88466087322355],[-47.77837286623105,-15.882775431275617],[-47.77841566736108,-15.882004102821474],[-47.779583571553545,-15.881687777275259],[-47.780180119377526,-15.88171363669368],[-47.781344209323294,-15.88090020350442],[-47.78206295767033,-15.880908937108444],[-47.78242148248674,-15.880461147599847],[-47.784945248971816,-15.879322913419045],[-47.78618645119988,-15.878092498666057],[-47.786132179481996,-15.87777637780261],[-47.78737455401151,-15.876605400068055],[-47.79014216099394,-15.875235809539088],[-47.79137735259444,-15.875074102780689],[-47.793205562538176,-15.874994992582248],[-47.794834873799914,-15.875113742113497],[-47.795211933555585,-15.875461892389886],[-47.79675208253379,-15.875739905325476],[-47.79846592077219,-15.87739430225118],[-47.79904543294512,-15.877467874715911],[-47.79934384609599,-15.878274154554227],[-47.79998811422449,-15.8791394284475],[-47.801524113884405,-15.87968467273499],[-47.80221440450155,-15.880939617043268],[-47.80209158324264,-15.88119021114274],[-47.800364173256945,-15.881054013551891],[-47.79794667387671,-15.881000324557398],[-47.795628345808915,-15.879448415425848],[-47.7953430309932,-15.880277025145901],[-47.795570261640954,-15.881024564874926],[-47.795145560632506,-15.881858840433106],[-47.79602348685462,-15.882998123889747],[-47.79645719167716,-15.88563776516705],[-47.79618826392887,-15.886277459687607],[-47.795128693864726,-15.886877498749849],[-47.79536592635485,-15.887741532987693],[-47.795317628433594,-15.888947210511196],[-47.794501436234434,-15.889614794531036],[-47.79381155524906,-15.890589851516914],[-47.79445536703341,-15.891207630017979],[-47.795359861828366,-15.891693433325706],[-47.79277858070722,-15.893209185709571],[-47.79290017396913,-15.893654508727685],[-47.79402178977164,-15.894951860251846],[-47.794428808342026,-15.897068503064562],[-47.79296309466658,-15.89767528942275],[-47.79432398123658,-15.900740187742821],[-47.79383364212695,-15.902244771237257],[-47.79260192610828,-15.902633474384375],[-47.79195758701287,-15.903179454163766],[-47.79038682524641,-15.90394477403311],[-47.790134900809804,-15.906019144724395],[-47.78995478051051,-15.906311925630277],[-47.788516895744245,-15.906524952589786],[-47.78752282723736,-15.907042932632683],[-47.78653319820461,-15.907198157662528],[-47.78463642973671,-15.908382344560138],[-47.784110956617994,-15.909552210426162],[-47.783383544918365,-15.910058182182961],[-47.78323897724306,-15.910631956829938],[-47.78266824430539,-15.911480968662357],[-47.782392398631096,-15.912617552308035],[-47.7807194022971,-15.913476542309748],[-47.78014201284318,-15.913273831515616],[-47.77905132603591,-15.913240647774819],[-47.77838788875756,-15.91294002332499],[-47.777357832842064,-15.91291213086418],[-47.77625234539218,-15.913291960243923],[-47.77449715231136,-15.91315905334565],[-47.77301950811062,-15.912361258505387],[-47.77254963621644,-15.912738506752566],[-47.77348206951505,-15.913798250863348],[-47.7743670511054,-15.913982305493168],[-47.77515243109032,-15.914818543616846],[-47.77540760203835,-15.915962402110578],[-47.77613500744977,-15.916307544528145],[-47.7766791664247,-15.91702958617716],[-47.77650448632276,-15.917703955980514],[-47.77692930501051,-15.918416418364725],[-47.77733350107429,-15.91963850332859],[-47.77738283026148,-15.920366031470872],[-47.777780267401056,-15.920609439254651],[-47.77774229471568,-15.921250023745444],[-47.77833127603003,-15.92267762122587],[-47.7789153803907,-15.923150351911108],[-47.77934729576919,-15.923084502539954],[-47.78019727360619,-15.923648197786342],[-47.781357571763145,-15.923947369639913],[-47.785392939665016,-15.92467931367764],[-47.78638351911533,-15.92505142400156],[-47.78730216237602,-15.924931682890703],[-47.78850364110222,-15.925259538313849],[-47.78937851035744,-15.925814079432296],[-47.790397202584565,-15.926008927038746],[-47.791411131045756,-15.92595446568283],[-47.792174425949405,-15.926358461200103],[-47.793191338613966,-15.926541446990154],[-47.79454696554799,-15.926593733056396],[-47.79568851137338,-15.926782087346657],[-47.79729078873495,-15.927670077680853],[-47.79828948715881,-15.9277204431641],[-47.79999341248804,-15.92835175081414],[-47.80105884495773,-15.92938196922851],[-47.80186021585301,-15.929644052227522],[-47.8023575169061,-15.930487894101047],[-47.80396242633145,-15.931334652112481],[-47.80453935405132,-15.931316702094216],[-47.804970979273975,-15.932006043837038],[-47.80477687490065,-15.932595341456022],[-47.805210050615486,-15.933655658012096],[-47.806339285029914,-15.935873809489907],[-47.80746142814348,-15.938769472092073],[-47.807045659982215,-15.93915701274826],[-47.80558798622856,-15.939870871738954],[-47.80548255186198,-15.94073529056857],[-47.80499096589073,-15.941353705257633],[-47.80421305809235,-15.941453956861773],[-47.80244713733041,-15.943322802293105],[-47.80148807617015,-15.945114549019372],[-47.800665765545595,-15.94567747843225],[-47.80032048099815,-15.94648115774241],[-47.79941063493904,-15.94684291624649],[-47.79900619453352,-15.947646438003257],[-47.79755106660537,-15.948540034944388],[-47.79731037470309,-15.949329229178776],[-47.796590605869895,-15.950228023461703],[-47.79553762405005,-15.951077508718605],[-47.7951892708576,-15.951867180104037],[-47.794655197268355,-15.95208918549529],[-47.794024217917844,-15.952890418097907],[-47.793753246502284,-15.953572486623113],[-47.79369546326995,-15.954699033980228],[-47.79331133556962,-15.954998838408573],[-47.79333264989637,-15.956129695411303],[-47.79395773719693,-15.957121042800711],[-47.79266899522571,-15.958064161629087],[-47.79216059369067,-15.959034873599016],[-47.79167016115624,-15.959010771383848],[-47.79151462594964,-15.959715727591233],[-47.79027696757537,-15.95984898367861],[-47.78955169117117,-15.960840956111397],[-47.7875207314678,-15.962036424868488],[-47.78568112369974,-15.962073763476488],[-47.784943129846056,-15.962548268589016],[-47.78329444731354,-15.96277296718229],[-47.78301377858448,-15.963114734153303],[-47.78239899765517,-15.962934386578478],[-47.781549037784494,-15.963634466499283],[-47.78017463246777,-15.964094878848893],[-47.7797170225772,-15.963856894143786],[-47.77884494798085,-15.964347131963535],[-47.77770488617231,-15.964562449956732],[-47.776853906713775,-15.964518332009199],[-47.776613003707396,-15.964927906001964],[-47.7759632702287,-15.964938760574547],[-47.77544557113046,-15.96535140403894],[-47.77342261541627,-15.965462328906344],[-47.77308843674069,-15.965787682540938],[-47.77204085379571,-15.965965602380797],[-47.771422414028244,-15.966727938990228],[-47.770674704894766,-15.966687283932277],[-47.77033592594662,-15.967354696729187],[-47.769395719525846,-15.96743211579254],[-47.76853706396321,-15.96841359529253],[-47.767731708141326,-15.968772246513522],[-47.76666748480401,-15.96890596899216],[-47.766360671506916,-15.969262356571388],[-47.76498268191223,-15.969168294832828],[-47.76386570860311,-15.969710974111877],[-47.7636633298477,-15.970230913022434],[-47.76177190905068,-15.971789003876491],[-47.761654337546304,-15.972360968839915],[-47.76043615015581,-15.97243693160594],[-47.76000565591209,-15.972920825762017],[-47.76106249330114,-15.973646073216354],[-47.76201350914972,-15.974928873828576],[-47.763146633269315,-15.97570531723816],[-47.764507211717174,-15.977769422934749],[-47.764633521134336,-15.978310495898096],[-47.76522974286988,-15.979206998529865],[-47.765767834623375,-15.979391705605678],[-47.76759186740104,-15.979599106302992],[-47.7687312069641,-15.981134349432153],[-47.769911462991715,-15.981483433395454],[-47.77191792294233,-15.982947742361514],[-47.77312019488094,-15.98346469341358],[-47.77502535361359,-15.983020707044345],[-47.775892098505366,-15.983733084137201],[-47.776770943704015,-15.984200811450323],[-47.778550923998466,-15.984931690021925],[-47.778241902642414,-15.985958833410242],[-47.77851941379324,-15.986639239175235],[-47.77932128594846,-15.987861940204972],[-47.77969546031544,-15.989004666060618],[-47.779499025712255,-15.989621138103157],[-47.77180242025805,-15.997977990399427],[-47.770163914739385,-15.999807984524837],[-47.769196041106184,-16.00105445260709],[-47.76769792969,-16.00437688311726],[-47.76636594461765,-16.00587783500277],[-47.76601056120978,-16.00670861836977],[-47.76485648837775,-16.00745641232011],[-47.763211514989024,-16.008733070827773],[-47.76251805781051,-16.00966398032025],[-47.762742960025044,-16.01144289264547],[-47.76243246722855,-16.013381598032854],[-47.76244280324421,-16.01413403051356],[-47.76296941183344,-16.015385820425152],[-47.764024563084696,-16.017171321633466],[-47.764482278976466,-16.018352250980517],[-47.764569412864084,-16.019286603886286],[-47.764362921621306,-16.020317442270642],[-47.7635207842801,-16.02175602937173],[-47.76200416217918,-16.02287483895251],[-47.760728161911956,-16.024813380624263],[-47.75953545882776,-16.028083076753177],[-47.7598894237958,-16.029470169758042],[-47.760676762108034,-16.030559787370734],[-47.73425111661651,-16.031844249798095],[-47.733474585935454,-16.031615556290223],[-47.732736802287555,-16.030733033905562],[-47.731726501223484,-16.03015762361561],[-47.73131096123431,-16.030755214217027],[-47.73042747533889,-16.031008156794943],[-47.72744108097407,-16.035635516901763],[-47.72763885047376,-16.040462384495942],[-47.72678776231908,-16.04072086344249],[-47.724884261876426,-16.04196796694154],[-47.72397485150023,-16.042838534255903],[-47.72257564998674,-16.04393876590722],[-47.72189829331305,-16.046485883150456],[-47.72125986243726,-16.049867763639206],[-47.71083072382257,-16.049869492829576],[-47.63317104501524,-16.049811485088735],[-47.617283966414746,-16.049813488809143],[-47.61488469474995,-16.020286427063304],[-47.6145226593174,-16.01570136781417],[-47.61424276403781,-16.014221292980224],[-47.61385102401377,-16.013316803254042],[-47.59830557112255,-15.988187464680541],[-47.59770896939965,-15.987341650727304],[-47.59611541018791,-15.985421035098463],[-47.59437727162277,-15.982848230892376],[-47.58944139475086,-15.974841866248468],[-47.58848140652921,-15.973166403110119],[-47.5876387858944,-15.970297416237054],[-47.58728826955875,-15.969738415625],[-47.606425255227826,-15.939008955007923],[-47.607287431288064,-15.938000230301814],[-47.608137277971025,-15.93741108762422],[-47.60934867230134,-15.936966814329665],[-47.61085229218683,-15.93688406860925],[-47.612123700266324,-15.937155776493697],[-47.61734935478428,-15.938637429425478],[-47.61838487874489,-15.939170611213129],[-47.62610848935318,-15.944898269502845],[-47.62900656046095,-15.947108708676353],[-47.629821902853855,-15.948051984311267],[-47.63061182921243,-15.949766762158275],[-47.630850175613496,-15.952189719351756],[-47.63123356579698,-15.953703630691932],[-47.63204566347507,-15.955072679578281],[-47.632577307121466,-15.95565731450053],[-47.63476355768968,-15.957540561005324],[-47.636706613649224,-15.959876307353909],[-47.63753822722688,-15.96055386438692],[-47.641880962686365,-15.96280128023221],[-47.64276000910763,-15.963399499788013],[-47.64699380677093,-15.96767968628123],[-47.64785620022347,-15.968346216571966],[-47.649048431692144,-15.968920632910446],[-47.65030387042083,-15.969199526112426],[-47.651898301896715,-15.969180431694534],[-47.65330376915932,-15.968796435646436],[-47.65442831616459,-15.968210096217886],[-47.65506758516855,-15.96769397546281],[-47.659290002075515,-15.963666254847285],[-47.66005047267591,-15.963195418683371],[-47.66197756647118,-15.962394883682006],[-47.661953674877886,-15.962061726370948],[-47.66290315460733,-15.961288789291185],[-47.66334600338114,-15.960556741326092],[-47.663572863024676,-15.95973069792862],[-47.66330384454654,-15.958882239142717],[-47.662260843009506,-15.95890453279927],[-47.66195070594587,-15.958356499554865],[-47.661846121385544,-15.957403257812258],[-47.661456184280276,-15.956616227851544],[-47.65982937302997,-15.955809170622459],[-47.6596587524148,-15.955322341698055],[-47.659962501558454,-15.954251817446544],[-47.66074047942542,-15.953818073011483],[-47.66255114886492,-15.953947435939671],[-47.66291731295451,-15.952962148251329],[-47.66383060584937,-15.95246442866069],[-47.664412600067436,-15.952528517627641],[-47.66488581099954,-15.95297930775718],[-47.66587697076154,-15.952638588465256],[-47.66658886316632,-15.951947493443573],[-47.666859719597525,-15.950022128061573],[-47.66723855711914,-15.948923590443274],[-47.668692869377004,-15.946174771769554],[-47.66879891190304,-15.945539343958444],[-47.66852934275764,-15.94497524463561],[-47.66752704927601,-15.94470721743597],[-47.6667969938345,-15.944083323909004],[-47.666378539710536,-15.943042754503846],[-47.66702526383303,-15.942742559914356],[-47.667713872803965,-15.943151342288262],[-47.66876910939518,-15.943334245393034],[-47.669193611875954,-15.943064134334605],[-47.66852096686593,-15.941760221345351],[-47.6682883301568,-15.940642589701353],[-47.668574041129546,-15.939231529180253],[-47.668301754580405,-15.938156734855289],[-47.66935708908798,-15.937434007321755],[-47.66960337120628,-15.936934985468577],[-47.66913581696551,-15.935934586796066],[-47.668347587524515,-15.934719754127437],[-47.66828297799433,-15.934333456546074],[-47.66881089812388,-15.933378191594043],[-47.669939929519046,-15.932289664193357],[-47.67109555463989,-15.930469709049133],[-47.67003674994037,-15.929680830202013],[-47.670063318513215,-15.928852118249536],[-47.671082950378135,-15.92911196291429],[-47.67173242604035,-15.928849616618457],[-47.671678413037256,-15.927783830834345],[-47.67199080577058,-15.92746370129923],[-47.6736302608085,-15.927804892674777],[-47.674488981049834,-15.928117895101156],[-47.67557761251173,-15.929357124882689],[-47.67588425692555,-15.929927784762384],[-47.676427460991334,-15.930224560532942],[-47.67726363351904,-15.928602289287461],[-47.67731221710456,-15.92816763160686],[-47.6769248608591,-15.926152002269863],[-47.67550077152065,-15.924756104793794],[-47.6753337378784,-15.924134367587207],[-47.676254691606,-15.92353152076358],[-47.67732059030132,-15.92354745267049],[-47.67790329688341,-15.922079221458906],[-47.679230313373935,-15.921430892562926],[-47.68040863083717,-15.919020188463286],[-47.68124156134502,-15.918875319949272],[-47.68097711259673,-15.9197989199418],[-47.681462734652804,-15.921355265515887],[-47.68207123276502,-15.921449946607469],[-47.68238110931721,-15.920895193887295],[-47.682636044906644,-15.918804327445613],[-47.68222506746079,-15.91746493832853],[-47.6822120320077,-15.916913207665813],[-47.68303968401495,-15.915407777640889],[-47.68338232841376,-15.915181878756536],[-47.68452952284566,-15.915136166452404],[-47.6844671591037,-15.914458677181521],[-47.68324417830284,-15.914604906906057],[-47.682481758358286,-15.914522308333135],[-47.68162186851044,-15.91350064308385],[-47.680782100924965,-15.912746502938433],[-47.68028713189836,-15.91180712602026],[-47.680585863951144,-15.911251029229756],[-47.681818728016744,-15.911264388556871],[-47.68183140324541,-15.910235121677834],[-47.68266525542474,-15.909881716815883],[-47.68334673446726,-15.910202742592993],[-47.68407549543645,-15.909644860854414],[-47.684979625515396,-15.909638134486249],[-47.68511242076891,-15.910766756477928],[-47.685642527397846,-15.91144688703579],[-47.687105281124445,-15.911780429898597],[-47.6882211459125,-15.911429825054842],[-47.68687224646164,-15.909042695372722],[-47.68745203801063,-15.906827703232187],[-47.68768910610906,-15.906437549897133],[-47.68872489147942,-15.906093538680867],[-47.6888730838569,-15.906887331678957],[-47.68842045332795,-15.907830537127237],[-47.68878257949034,-15.908706927719454],[-47.68944495765498,-15.908623245107446],[-47.68969614008314,-15.907139068391684],[-47.68998932234411,-15.906531781868463],[-47.69118957127669,-15.905724192355366],[-47.691477087863156,-15.904032411934278],[-47.69190531386078,-15.904054468919567],[-47.69221625132334,-15.904872140244233],[-47.69166664855778,-15.905538537089559],[-47.69169264310715,-15.906004562600312],[-47.69300056321138,-15.907215817832475],[-47.69404965083447,-15.907223542968454],[-47.69415426054761,-15.906507980902562],[-47.69313292278196,-15.904863510487361],[-47.69410966458365,-15.904577278632843],[-47.69620369949469,-15.905404247970381],[-47.69680971466345,-15.905402409540736],[-47.69680724339811,-15.904537554389838],[-47.696337138840256,-15.903605979289633],[-47.696698607435856,-15.90337796346661],[-47.69779772852532,-15.903652435468905],[-47.69851153434166,-15.90359729159501],[-47.69870089291534,-15.902541347726064],[-47.697681446103374,-15.901908565445924],[-47.69746244132868,-15.901255979636055],[-47.69751807579085,-15.89944829050839],[-47.69815261785979,-15.899245316752237],[-47.69935430679176,-15.900209208084295],[-47.699887337436955,-15.899731906716573],[-47.69912580412957,-15.898595120634758],[-47.698965691108285,-15.897534950806454],[-47.69941981643385,-15.897187769183477],[-47.70129113383314,-15.897420012459026],[-47.70258504111724,-15.89778318810739],[-47.702532760964324,-15.897291411405865],[-47.70139347709682,-15.896563374680579],[-47.70046112913816,-15.89530343641403],[-47.70056411829054,-15.894762149073783],[-47.70161094395575,-15.894273180670977],[-47.70232822804886,-15.895217957220128],[-47.70310591396337,-15.895287288868513],[-47.70399515356819,-15.892373505702762],[-47.70524905258448,-15.892783300345853],[-47.70698693063818,-15.89419816460254],[-47.70722161011627,-15.893564243278277]]]},"properties":{"nome":"São Sebastião","regiaoSaude":"Leste","macrorregiaoSaude":"Macrorregião 3"}},
{"type":"Feature","geometry":{"type":"Polygon","coordinates":[[[-48.04761968443346,-15.75370605803636],[-48.04832220561319,-15.751986272583437],[-48.04994601559213,-15.748300010670146],[-48.05061924091382,-15.747123677556752],[-48.05244590845021,-15.744637537361267],[-48.054029886231135,-15.743006613232573],[-48.05589203632293,-15.74149366616084],[-48.057402939748755,-15.740497755569857],[-48.0600663816841,-15.7391493073398],[-48.061902565972616,-15.738502395489856],[-48.06403361147336,-15.737973007727906],[-48.070493164017805,-15.737018552518567],[-48.072907732195254,-15.736457251140223],[-48.07367283001769,-15.737588246282924],[-48.07332782933787,-15.738266824958261],[-48.07269091122502,-15.738868922634696],[-48.07216778360752,-15.740366719322383],[-48.072509783914285,-15.741366383892423],[-48.071509176570444,-15.742407189113436],[-48.07070524098502,-15.74439359844227],[-48.06978663545358,-15.745689893402842],[-48.06841183487814,-15.74714609924],[-48.06825771541642,-15.748114743336256],[-48.067799351839334,-15.748725718883787],[-48.067735125889776,-15.749666343610508],[-48.06680799893955,-15.750206314589471],[-48.06715435248218,-15.751095922900474],[-48.06659077462575,-15.751952608437152],[-48.06565941211896,-15.754623153812535],[-48.06584683212826,-15.755436253853551],[-48.06642891617786,-15.756904845525154],[-48.06720522677167,-15.757827249055994],[-48.06829615163249,-15.758528904198261],[-48.06875545754231,-15.759434824659088],[-48.071253878959965,-15.758665474829007],[-48.07259043915207,-15.759022527310659],[-48.073448273654535,-15.75875650082773],[-48.074056847225236,-15.758332534097883],[-48.07487813916027,-15.75813556467192],[-48.075185735788274,-15.757716941327072],[-48.07572815292987,-15.757936818395477],[-48.07698413963088,-15.757106235765509],[-48.077727192796246,-15.757449050878787],[-48.08045140665888,-15.758214489756295],[-48.08146253327469,-15.759255531139905],[-48.08303414035583,-15.759575125202906],[-48.084243500900335,-15.760038170257248],[-48.08529338173583,-15.760110209364091],[-48.08591540757789,-15.76062459754982],[-48.08642573599923,-15.76070655534686],[-48.08720386747812,-15.761314118714813],[-48.08862607125279,-15.761550189027734],[-48.08970537999866,-15.762496851057225],[-48.09133144205402,-15.763491720967053],[-48.09369730806834,-15.764498170656251],[-48.094869375053825,-15.76514236292521],[-48.09630855608904,-15.765266533572678],[-48.09754826891037,-15.765867842316743],[-48.09916179946752,-15.765285227157996],[-48.102665444671246,-15.766846734999246],[-48.105231716740626,-15.767570737760414],[-48.10576821847607,-15.76806040708659],[-48.10766927100957,-15.7692516544038],[-48.10860348566739,-15.769045801524554],[-48.11003876531933,-15.76964543144029],[-48.11090446636875,-15.770263921288414],[-48.11191552561092,-15.770436889037036],[-48.11132787020992,-15.77117751625346],[-48.110449896377105,-15.771075309215222],[-48.11006773239398,-15.771560438393065],[-48.10881449453774,-15.771954869693309],[-48.107718763690144,-15.771747133227441],[-48.1068055417622,-15.771947159264489],[-48.10638196364786,-15.772277752174116],[-48.10615447518362,-15.772980411171751],[-48.10526167375872,-15.77371466993375],[-48.10543041509832,-15.774524377333284],[-48.10483582380502,-15.775368499917995],[-48.10413740882444,-15.775257364906304],[-48.102497616019974,-15.778418532570319],[-48.10265380699674,-15.78040853753589],[-48.10359292106612,-15.780992051515497],[-48.10291485472336,-15.78330851990299],[-48.10287791779551,-15.7844039303897],[-48.10310299518152,-15.78505741180215],[-48.10293537314276,-15.785849862994548],[-48.10330867883887,-15.786494545006214],[-48.10426965071574,-15.78704162301553],[-48.1048361750463,-15.787961550381182],[-48.10591082602743,-15.789101656576984],[-48.10706275368256,-15.78980837017105],[-48.10726451529537,-15.79049978200771],[-48.108250392963505,-15.790127598853086],[-48.111023646755804,-15.794013494930326],[-48.11170855646439,-15.794009108961221],[-48.1124171116279,-15.794522139635625],[-48.10859558498447,-15.79954638328879],[-48.10760391677602,-15.798838620601503],[-48.106738807716376,-15.79994407846473],[-48.10388676179218,-15.803070923572873],[-48.101726395280565,-15.805372961527542],[-48.101453900322284,-15.805312016909838],[-48.09966577410484,-15.807635457292857],[-48.096671694652755,-15.811697139254997],[-48.096115483879984,-15.812707785246268],[-48.0946591782605,-15.815794826255928],[-48.09402148490155,-15.816801577967345],[-48.09312895027629,-15.819117312601634],[-48.09318969345748,-15.8196027329398],[-48.09247073220973,-15.821511165766074],[-48.093306924500375,-15.821815302487709],[-48.09188551214148,-15.825327961820172],[-48.08787152414336,-15.835871286897657],[-48.09145635009933,-15.837025529630631],[-48.0933032054751,-15.837730082084926],[-48.09189238784666,-15.841891400132097],[-48.0906786686764,-15.841479355348184],[-48.09085686298773,-15.842872720899301],[-48.09091363022548,-15.844456549366873],[-48.090701381680034,-15.845917808468371],[-48.08997903647861,-15.846844588879195],[-48.087656512380114,-15.851235010038392],[-48.08680373718932,-15.85071660647027],[-48.086433325865066,-15.850755857399884],[-48.0842886313619,-15.849076362568814],[-48.08411561314323,-15.848528331518839],[-48.08342132861634,-15.848521087201263],[-48.0836049262941,-15.847821182752417],[-48.08289370762578,-15.846954614728666],[-48.082120634560255,-15.84681831191241],[-48.08040955953968,-15.84597028744944],[-48.07979215463143,-15.846066023725314],[-48.07897182928364,-15.845449772127466],[-48.077608472346604,-15.84495427615402],[-48.07703429347151,-15.844185682468312],[-48.07624826490296,-15.84370837542075],[-48.075333723349864,-15.843699224530749],[-48.07524420713012,-15.84540075232783],[-48.0748329790543,-15.847117662766328],[-48.074504714886544,-15.847898267626736],[-48.07310498965524,-15.847388600049523],[-48.0717483916424,-15.848581593621038],[-48.07132397001,-15.849385285875034],[-48.070137026025094,-15.851057872658101],[-48.06949004139116,-15.852133748491157],[-48.06864913564023,-15.851747463439573],[-48.06764125373922,-15.85162376668843],[-48.06762365484448,-15.85234579577867],[-48.06704853184002,-15.853334346158247],[-48.06616141405592,-15.854492463236618],[-48.06602388018929,-15.855059359541588],[-48.06537403531949,-15.856150934381695],[-48.06438132147207,-15.857204789207314],[-48.06176947966495,-15.858580780978395],[-48.06070336267903,-15.85869455418343],[-48.05948449346723,-15.858403442657773],[-48.05713373981093,-15.857430213939292],[-48.056538951786585,-15.857426112780507],[-48.054397742746715,-15.856509975245327],[-48.05382427803228,-15.856959290448591],[-48.050235141061265,-15.855469855719141],[-48.04976172172002,-15.856583726431186],[-48.049706274107415,-15.857220681430608],[-48.04889415307312,-15.858134411737911],[-48.04796911650256,-15.859684979700175],[-48.04742517851318,-15.859479889386334],[-48.04509019478169,-15.861636170206237],[-48.044717976047096,-15.861449980877842],[-48.043682597613554,-15.863384242926866],[-48.040015000887315,-15.863545065581748],[-48.03991643414108,-15.863628620035659],[-48.03746791234083,-15.868194994773722],[-48.04770703930662,-15.8750407632582],[-48.04745464055957,-15.875391590495484],[-48.04563022060801,-15.874279210507197],[-48.04384623023414,-15.873831293069108],[-48.04236506463748,-15.87382346987669],[-48.03837480923086,-15.874395622322606],[-48.03287736762707,-15.875203871537897],[-48.02776445257559,-15.875907725569666],[-48.028608645262146,-15.874203539810107],[-48.03061563791373,-15.870539770799825],[-48.02551681203917,-15.868004777093292],[-48.03020635738546,-15.85933072567192],[-48.02897053786257,-15.858703789941728],[-48.030561882727135,-15.855716355232762],[-48.03296777317894,-15.849516192849725],[-48.03309597444809,-15.848959346774697],[-48.0368461946209,-15.850519426193241],[-48.03745438371266,-15.849419808359128],[-48.04392244240452,-15.837340348042114],[-48.04545747817213,-15.834334488957426],[-48.04559798905561,-15.834222367390298],[-48.04888861406108,-15.83579157538165],[-48.049424276770054,-15.834767230989192],[-48.04979793280911,-15.832943881904352],[-48.05033485405781,-15.831856716241534],[-48.05137576791012,-15.830043309976842],[-48.05297339918505,-15.82885685644551],[-48.05394502328456,-15.826995203620106],[-48.05148858822497,-15.825834182200461],[-48.05235433329184,-15.823488703559702],[-48.05391191946802,-15.817096338908799],[-48.05426914621886,-15.814249598136863],[-48.054862911062095,-15.814192892198129],[-48.054754718867585,-15.812284297832901],[-48.05497215159053,-15.811376922945477],[-48.0563053655582,-15.808102332234668],[-48.0543143647153,-15.80707156895037],[-48.05633954196319,-15.805730993174805],[-48.056222262411275,-15.804225525557602],[-48.05555918445903,-15.803324044917089],[-48.054351227082996,-15.798936194395464],[-48.053584232018686,-15.797538975156584],[-48.05229519360342,-15.792848256985534],[-48.05151906716424,-15.79223171179933],[-48.05154905652169,-15.79186018445579],[-48.053457969313925,-15.792248329183513],[-48.05176953453345,-15.788348086967531],[-48.0513909718963,-15.787229280401169],[-48.04771345058281,-15.778833576679443],[-48.046808417696994,-15.776690308314747],[-48.04600445156885,-15.774352351900154],[-48.045505437428524,-15.772407576560564],[-48.0450859044279,-15.76988951897783],[-48.044874812014235,-15.767468374157279],[-48.044879297302444,-15.76514401157205],[-48.04502898806982,-15.7629282812511],[-48.04527932428499,-15.761233041265212],[-48.04598380828362,-15.75813731798665],[-48.04660947948911,-15.756179025453322],[-48.04761968443346,-15.75370605803636]]]},"properties":{"nome":"Taguatinga","regiaoSaude":"Sudoeste","macrorregiaoSaude":"Macrorregião 1"}},
{"type":"Feature","geometry":{"type":"Polygon","coordinates":[[[-47.881545923511105,-15.704834615425023],[-47.884735686574786,-15.701465507708338],[-47.891975506791866,-15.706974573692642],[-47.891149762806286,-15.707511789554161],[-47.88956915730094,-15.707317174100211],[-47.88938104648718,-15.708119171145086],[-47.88814297398956,-15.708944484226476],[-47.886252862037914,-15.709386505497609],[-47.88471189020291,-15.709974677810713],[-47.88423075523168,-15.710562638289831],[-47.883541353048344,-15.710685067796497],[-47.88288334339093,-15.711099146833119],[-47.882354504284855,-15.711119516103238],[-47.87994546883124,-15.712222461261327],[-47.879005890332856,-15.71185823045596],[-47.87806098033327,-15.712514808419558],[-47.87834685839265,-15.712947637478331],[-47.87823978370237,-15.714027921707384],[-47.87716450300222,-15.71454846236541],[-47.877048979656685,-15.715079383721964],[-47.876043580699125,-15.715238087922584],[-47.874662633850505,-15.715721930504204],[-47.8749841471789,-15.71636368748867],[-47.87368400468841,-15.71680425807157],[-47.86987994488736,-15.719174534949024],[-47.8696776748281,-15.719511591880755],[-47.86809866922227,-15.71645921519212],[-47.87123091046337,-15.715538349128044],[-47.87050763101404,-15.714608367147925],[-47.870777687944646,-15.7135376837835],[-47.871587366459686,-15.713123096910808],[-47.87341396213085,-15.712569284051664],[-47.8740799676926,-15.71135405787623],[-47.87158052938206,-15.709542774645808],[-47.87231290157868,-15.707983435659042],[-47.875201208897636,-15.707255453750784],[-47.876878209921166,-15.707440166792557],[-47.881545923511105,-15.704834615425023]]]},"properties":{"nome":"Varjão","regiaoSaude":"Central","macrorregiaoSaude":"Macrorregião 2"}},
{"type":"Feature","geometry":{"type":"Polygon","coordinates":[[[-48.00472835816188,-15.75475350823245],[-48.00690958265607,-15.75390430354359],[-48.011378272698174,-15.752804098580116],[-48.017187413535886,-15.751558819559895],[-48.03692838058793,-15.752963903344918],[-48.04761968443346,-15.75370605803636],[-48.04660947948911,-15.756179025453322],[-48.04598380828362,-15.75813731798665],[-48.04527932428499,-15.761233041265212],[-48.04502898806982,-15.7629282812511],[-48.044879297302444,-15.76514401157205],[-48.044874812014235,-15.767468374157279],[-48.0450859044279,-15.76988951897783],[-48.045505437428524,-15.772407576560564],[-48.04600445156885,-15.774352351900154],[-48.046808417696994,-15.776690308314747],[-48.04771345058281,-15.778833576679443],[-48.0513909718963,-15.787229280401169],[-48.05176953453345,-15.788348086967531],[-48.053457969313925,-15.792248329183513],[-48.05154905652169,-15.79186018445579],[-48.05151906716424,-15.79223171179933],[-48.05229519360342,-15.792848256985534],[-48.053584232018686,-15.797538975156584],[-48.054351227082996,-15.798936194395464],[-48.05555918445903,-15.803324044917089],[-48.056222262411275,-15.804225525557602],[-48.05633954196319,-15.805730993174805],[-48.0543143647153,-15.80707156895037],[-48.0563053655582,-15.808102332234668],[-48.05497215159053,-15.811376922945477],[-48.054754718867585,-15.812284297832901],[-48.054862911062095,-15.814192892198129],[-48.05426914621886,-15.814249598136863],[-48.05391191946802,-15.817096338908799],[-48.05235433329184,-15.823488703559702],[-48.05148858822497,-15.825834182200461],[-48.05394502328456,-15.826995203620106],[-48.05297339918505,-15.82885685644551],[-48.05137576791012,-15.830043309976842],[-48.05033485405781,-15.831856716241534],[-48.041325900703335,-15.830671812576274],[-48.03710279748349,-15.830091363819351],[-48.035490062833695,-15.82972188511683],[-48.03395995163047,-15.829107344127179],[-48.03273838837114,-15.828404587770349],[-48.02550545014746,-15.824045671713675],[-48.01765043577605,-15.81936611228862],[-48.01505657554598,-15.818233961258834],[-48.01097669612177,-15.81672810525331],[-48.00867210419298,-15.815956736082619],[-48.004872526985196,-15.814554085454139],[-47.99592439496535,-15.811264037545504],[-47.99491061472619,-15.810952951315489],[-47.99287019935614,-15.810977719507365],[-47.992445446245405,-15.808608720196174],[-47.992109367633,-15.806079396203536],[-47.99122602187477,-15.799517913299342],[-47.99088154850603,-15.795666756486233],[-47.99016669435576,-15.790285302212634],[-47.98973490204645,-15.78728095686208],[-47.99165260126048,-15.78690086343807],[-47.99364783406668,-15.786557596721954],[-47.99581014543089,-15.78632323424263],[-47.99903686608367,-15.786163275948553],[-48.00213785044445,-15.78619454685237],[-48.00301856773215,-15.786245034980631],[-48.0029985164367,-15.785779120173343],[-48.003157997942346,-15.785685081637281],[-48.003103565426024,-15.785617477527524],[-48.00309978980688,-15.785589085108645],[-48.00312305347779,-15.785547677725758],[-48.00362488114159,-15.784991855339431],[-48.003917811874274,-15.784866301562205],[-48.0040004739484,-15.784806784879759],[-48.00406187379807,-15.784735653560801],[-48.00415928351423,-15.784571982104298],[-48.00420050989756,-15.784341930029802],[-48.004039269490576,-15.783992997739706],[-48.00398939772095,-15.783867828021311],[-48.00396691738097,-15.7837671488012],[-48.003979697712516,-15.783675218576931],[-48.00401463139728,-15.783576505009563],[-48.00411967589503,-15.783279676784064],[-48.00413787127111,-15.78322826036584],[-48.00414623368809,-15.78314155375084],[-48.004127081606235,-15.782972212823111],[-48.004218681019125,-15.782907386144599],[-48.00438411925342,-15.782730890843009],[-48.00445002056098,-15.782640680402697],[-48.00449035042566,-15.782479587637509],[-48.004502667226525,-15.78229698548406],[-48.00454670264175,-15.78211222376642],[-48.00455551062312,-15.7819666665145],[-48.00463226627426,-15.781758760498091],[-48.00489298162421,-15.781291428046035],[-48.00501469166712,-15.781113776424716],[-48.00514787589113,-15.780960147027024],[-48.00533599568805,-15.780802145089263],[-48.005415660982386,-15.780716560366743],[-48.005478974243616,-15.780620913319442],[-48.00589468131944,-15.779559754867552],[-48.00583243795172,-15.779091158686592],[-48.00582720436687,-15.77838573641106],[-48.00615225885411,-15.777640583213804],[-48.00678764444109,-15.776286660532463],[-48.006675675729134,-15.775460569631973],[-48.006759625987385,-15.775072391891925],[-48.00659840444503,-15.77489047119565],[-48.00652604514889,-15.7743566112154],[-48.00674056194042,-15.773913997254581],[-48.00679046245614,-15.77363822417628],[-48.00677293003674,-15.773542003228279],[-48.00673721391936,-15.773459276033563],[-48.00638081182196,-15.772894958873188],[-48.006316558024636,-15.772697739045945],[-48.006298978892836,-15.772218113360935],[-48.00620118829101,-15.771666313243365],[-48.00613598227948,-15.770844066973567],[-48.00613463031498,-15.770617949227047],[-48.00617049016281,-15.770189755652051],[-48.00619705514239,-15.770079546278968],[-48.006310561770114,-15.769892457425382],[-48.00653375898223,-15.769617605629099],[-48.006671300933704,-15.769418918143328],[-48.00677158076718,-15.769201789676055],[-48.00679251600487,-15.76905458751049],[-48.00677413198259,-15.76842984443484],[-48.00669941460883,-15.767810683321343],[-48.006544216270456,-15.766908510746497],[-48.006559715802375,-15.766163675892658],[-48.00659808733973,-15.766051364413974],[-48.00674222651864,-15.765946067591395],[-48.00685317564276,-15.765818574141402],[-48.006889892483365,-15.765573868760802],[-48.007111309234595,-15.765247054998465],[-48.007203871641465,-15.765081834148521],[-48.007274220508,-15.764910499245039],[-48.00728760720236,-15.764639552680556],[-48.00713032836579,-15.764128242879215],[-48.00710417391629,-15.763912725420273],[-48.00711171257816,-15.76381477166576],[-48.00724592088161,-15.76344492823172],[-48.00726968671076,-15.763257001581708],[-48.00725192522096,-15.762959299835668],[-48.00711047559801,-15.762309688643668],[-48.00712736751861,-15.762228404967555],[-48.006679534891596,-15.761222752369331],[-48.006757412538526,-15.761161980352377],[-48.00682696819266,-15.761077046124244],[-48.00679034477684,-15.760834194657328],[-48.0064687991091,-15.760264935232053],[-48.00627994269365,-15.759507601439276],[-48.00615992507675,-15.759186617939518],[-48.00606603226493,-15.759086791883778],[-48.00595808620882,-15.759039900438964],[-48.00584058746797,-15.759013015533094],[-48.0056652471043,-15.75899744585369],[-48.00503566553236,-15.757531239065097],[-48.00472835816188,-15.75475350823245]]]},"properties":{"nome":"Vicente Pires","regiaoSaude":"Sudoeste","macrorregiaoSaude":"Macrorregião 1"}},
{"type":"Feature","geometry":{"type":"Polygon","coordinates":[[[-48.00084664259778,-15.817796445740777],[-48.0013928407484,-15.8172570281643],[-48.004121671053284,-15.815817720900501],[-48.00458239630125,-15.815304401067642],[-48.004872526985196,-15.814554085454139],[-48.00867210419298,-15.815956736082619],[-48.01097669612177,-15.81672810525331],[-48.01505657554598,-15.818233961258834],[-48.01765043577605,-15.81936611228862],[-48.02550545014746,-15.824045671713675],[-48.03273838837114,-15.828404587770349],[-48.03395995163047,-15.829107344127179],[-48.035490062833695,-15.82972188511683],[-48.03710279748349,-15.830091363819351],[-48.041325900703335,-15.830671812576274],[-48.05033485405781,-15.831856716241534],[-48.04979793280911,-15.832943881904352],[-48.049424276770054,-15.834767230989192],[-48.04888861406108,-15.83579157538165],[-48.04559798905561,-15.834222367390298],[-48.04545747817213,-15.834334488957426],[-48.04392244240452,-15.837340348042114],[-48.03745438371266,-15.849419808359128],[-48.0368461946209,-15.850519426193241],[-48.03309597444809,-15.848959346774697],[-48.03296777317894,-15.849516192849725],[-48.02650023281499,-15.846793642307862],[-48.02185073166913,-15.845015285733139],[-48.016658450462295,-15.84282298924385],[-48.01538346708798,-15.842397914317477],[-48.0122412590388,-15.841631170652295],[-48.01088513982801,-15.841126605905638],[-48.00362584144063,-15.83805953829369],[-48.00529110238172,-15.83431293769261],[-48.00784396080728,-15.835376534851402],[-48.00816117030714,-15.834677098189387],[-48.00862501899736,-15.834402786323839],[-48.008569035988856,-15.833714270171225],[-48.011575834687044,-15.82696861120879],[-48.01189689436622,-15.826111706066134],[-48.013655280059545,-15.822199899806181],[-48.01115149749628,-15.821154098066286],[-48.01072415903416,-15.82208088232459],[-48.00543705795414,-15.819855645187204],[-48.00382795249809,-15.819124890726647],[-48.0031188861932,-15.818082952051858],[-48.00184408158361,-15.818160814041047],[-48.00084664259778,-15.817796445740777]]]},"properties":{"nome":"Águas Claras","regiaoSaude":"Sudoeste","macrorregiaoSaude":"Macrorregião 1"}}
]}