{"type":"FeatureCollection", "features": [
{"type":"Feature","geometry":{"type":"Polygon","coordinates":[[[-46.45305742013386,-15.855089987242113],[-46.457848666448406,-15.855719604387367],[-46.48641023529267,-15.83270542740686],[-46.4979062266135,-15.824468140587419],[-46.56086772374267,-15.821224988418876],[-46.57202390395109,-15.817693535347424],[-46.58976142759523,-15.803326943983654],[-46.59731927208414,-15.788599179756984],[-46.60435007319922,-15.793949866386154],[-46.66018983185877,-15.788385152637458],[-46.66500544856866,-15.788385152637458],[-46.692722002767866,-15.801012772063043],[-46.69800848041708,-15.801333812956024],[-46.712562345948214,-15.806149430083135],[-46.73674744669575,-15.8195261446075],[-46.74274021485563,-15.827659188264716],[-46.75831071098033,-15.835899243607624],[-46.76494556166763,-15.844567356012474],[-46.8067473509755,-15.873926643710659],[-46.809510653231094,-15.884285584605907],[-46.81430573894516,-15.887186148125803],[-46.82481560196791,-15.88572119813834],[-46.85157800340158,-15.893110613790467],[-46.954161563734296,-15.917019674089707],[-46.94029796995568,-15.93128106465186],[-46.93830924634204,-15.936172249632053],[-46.94314668223185,-15.945524627367682],[-46.94212544597584,-15.95014706595353],[-46.94508165694712,-15.963208144069677],[-46.94196419838233,-15.97084054327668],[-46.94529665433732,-15.974119250282804],[-46.94518915564221,-15.982611638138465],[-46.94954284785322,-15.984869108012427],[-46.95133585102434,-16.01255267728418],[-46.94026455981364,-16.01905706104088],[-46.93825788875893,-16.029021222721145],[-46.93009281188404,-16.03545641066756],[-46.92303486278276,-16.04881115558884],[-46.91618450176721,-16.053170476922645],[-46.91279391942345,-16.061958314355255],[-46.9177760002437,-16.068047523752536],[-46.918052781962515,-16.07358316982531],[-46.90324493125952,-16.098147596980354],[-46.89563341782228,-16.10195335268985],[-46.88926742571299,-16.109426474854537],[-46.89051294614263,-16.11482372896935],[-46.89966736908095,-16.12075948219221],[-46.905077256385574,-16.119156552983977],[-46.91135539595502,-16.121026636807],[-46.91863536637372,-16.1266368902889],[-46.92845330833709,-16.12950880536526],[-46.93292815273721,-16.127438354312115],[-46.94247894022665,-16.118421876900783],[-46.94773427867486,-16.11915087185977],[-46.95968891384716,-16.11398403904252],[-46.968198993198484,-16.116111558396096],[-46.97559465674431,-16.107601478689254],[-46.9819772173807,-16.102839886621762],[-46.99018336433206,-16.101320229860903],[-46.99413447295523,-16.105575269675555],[-46.99109515883702,-16.12117708199171],[-46.99180433204143,-16.127863572069355],[-46.99808558068008,-16.13900772440684],[-46.99616068236737,-16.153799051184304],[-46.99818689088119,-16.15562263988426],[-46.9958567499674,-16.165449754697235],[-47.008621869443544,-16.185813159420615],[-47.01530835978495,-16.184192190739243],[-47.02483154384236,-16.185205295783813],[-47.02877864328441,-16.18287347721541],[-47.02912554479936,-16.17662924880443],[-47.042030281335286,-16.175866065912434],[-47.053547411811394,-16.184538604398007],[-47.059652878115244,-16.184677365009637],[-47.059167215634986,-16.175102882659942],[-47.066174627315014,-16.17198076908325],[-47.07241885368585,-16.178849419037963],[-47.074639023740886,-16.185232407343523],[-47.089486409299525,-16.190019647715665],[-47.10724776704479,-16.18918708441198],[-47.11016174012972,-16.193211142346193],[-47.11855675697125,-16.193141761601836],[-47.122511433702726,-16.195500692359527],[-47.13201653557177,-16.192586719082094],[-47.136734395815814,-16.194945649574862],[-47.143603045632226,-16.190574691417506],[-47.15976865676802,-16.193211142346193],[-47.163653953915166,-16.195500692359527],[-47.17073074517954,-16.194321226624346],[-47.17794629740921,-16.190366549780915],[-47.186480074317736,-16.19008902783243],[-47.194441025213976,-16.193046584207305],[-47.19915888635633,-16.189785709304253],[-47.20942717083961,-16.187010496872308],[-47.22767419106515,-16.199568331916318],[-47.227951712097436,-16.204216813217517],[-47.23608699185434,-16.21270700811691],[-47.25608008276898,-16.217043277267745],[-47.264498225839176,-16.21186288090096],[-47.2869774447268,-16.211215330943748],[-47.29252786896605,-16.219263446349725],[-47.302148604673405,-16.220466038089405],[-47.30547885885763,-16.213250487071345],[-47.31750477894099,-16.212325415651595],[-47.326107936332164,-16.206404963220553],[-47.32957105583849,-16.212856530427846],[-47.328366567756085,-16.221201909898067],[-47.32337654672704,-16.225331582201385],[-47.32251619873841,-16.231698160758697],[-47.32879674219956,-16.244517353066467],[-47.33533538960813,-16.249679443093484],[-47.33481918081496,-16.256734300235607],[-47.339379028298836,-16.2637891576183],[-47.349014931161456,-16.26516571463818],[-47.35047752319129,-16.27789887174238],[-47.34910096461284,-16.288825296577837],[-47.35486530017912,-16.294847736700248],[-47.351940115221126,-16.303709326023004],[-47.35512340502486,-16.311194356601714],[-47.36338275020736,-16.31850731901168],[-47.36785656244321,-16.331670650419284],[-47.37465331379922,-16.336832741018647],[-47.38136403170384,-16.34767313066233],[-47.388676993649675,-16.354727987926616],[-47.39091390021675,-16.36324543827368],[-47.39934531499697,-16.369439947308624],[-47.4037330919848,-16.375634455274994],[-47.415347795670435,-16.3799361977055],[-47.42033781669948,-16.38940003141975],[-47.427134568953804,-16.393529703105763],[-47.42472559368731,-16.40282146585849],[-47.42455352408958,-16.416759110650293],[-47.42696250025439,-16.41977033097992],[-47.425930081769714,-16.427427432286095],[-47.443137049627275,-16.453151849895082],[-47.45518192865471,-16.466057077049484],[-47.456300382387404,-16.478187990159213],[-47.45406347582031,-16.489114415113946],[-47.458193147962405,-16.493244087980173],[-47.459601270644995,-16.504245827199295],[-47.4531989380892,-16.50892054632653],[-47.44689822924655,-16.516440746676494],[-47.44801609727769,-16.521217091170733],[-47.441512139212115,-16.53026165567527],[-47.44466249408261,-16.534834751104956],[-47.4432397531154,-16.540424090158893],[-47.43039345558197,-16.54068763479943],[-47.42715666571316,-16.54679339832681],[-47.42060952293694,-16.549441680419893],[-47.415018704154306,-16.546499144333797],[-47.40994282933694,-16.549956623859288],[-47.409722139322774,-16.556430203712452],[-47.41237042128938,-16.563712980746434],[-47.41001639237555,-16.566949770858347],[-47.41310605526881,-16.574306111885367],[-47.39728992291451,-16.570995757987003],[-47.39383244303154,-16.574085420870723],[-47.395671527980106,-16.580485437637243],[-47.38625541232479,-16.587400398266613],[-47.38596115927201,-16.577469337743448],[-47.37735423973643,-16.578425661757795],[-47.37441170381872,-16.584825678827773],[-47.373970323790395,-16.594094667805148],[-47.36639329308365,-16.594388921390507],[-47.35999327728297,-16.591078567773454],[-47.347413933899155,-16.591005005089926],[-47.33902770617436,-16.602701585679544],[-47.33836563523356,-16.609616546161753],[-47.33387826831838,-16.614839547597068],[-47.328361011676044,-16.608586658618336],[-47.316296614054124,-16.604834924971364],[-47.31791500898852,-16.615280927928303],[-47.3104115413204,-16.621680945335996],[-47.30092186172815,-16.625138425279133],[-47.29606667692495,-16.634775231330792],[-47.290549422079245,-16.6329361464183],[-47.284222969317184,-16.640439613274445],[-47.28289882833389,-16.64772239002899],[-47.278705712674856,-16.64772239002899],[-47.277528698667105,-16.659345407883524],[-47.27061373890116,-16.66169943674621],[-47.257372326373165,-16.656623561998206],[-47.250530928747544,-16.664715536926632],[-47.2491332238273,-16.675087976764956],[-47.25891715737064,-16.67722131614122],[-47.258328650366764,-16.68443052992614],[-47.24574930788127,-16.68347420505946],[-47.246337814885145,-16.701423676382614],[-47.2284619066698,-16.71223749738159],[-47.223606722764906,-16.722977753686425],[-47.218823923308975,-16.723891915222282],[-47.210544003113235,-16.730768707928753],[-47.20498169685771,-16.732350298401336],[-47.187373581818456,-16.72016345638966],[-47.177595641834685,-16.70939870567821],[-47.16549219265074,-16.698888990797652],[-47.152433612435885,-16.691585738429914],[-47.13740206415915,-16.66951969889404],[-47.12091749180868,-16.659661524135185],[-47.10401108227887,-16.653933654280213],[-47.097317515009664,-16.64156053457295],[-47.093311512136104,-16.638961814978188],[-47.07998283097321,-16.63751927364759],[-47.068569981426855,-16.630475239141173],[-47.0690949398109,-16.619328428057347],[-47.065733126912434,-16.616144075584035],[-47.04510957856847,-16.606845065726805],[-47.03240400122599,-16.604635400395715],[-47.02411775419569,-16.597177777720162],[-47.01702840987355,-16.595796737220113],[-47.010031134783176,-16.603162290117584],[-47.000640055174834,-16.603254359248997],[-46.99447140496716,-16.63059897294202],[-46.99180139185551,-16.63465002667074],[-46.990604489147366,-16.644593523329572],[-46.98204203442171,-16.65739117139095],[-46.98010857696097,-16.664572585033454],[-46.975689244852155,-16.666506041868345],[-46.96703472089472,-16.66079773862665],[-46.96445677791317,-16.64919699401703],[-46.961510556207855,-16.64818423004004],[-46.94418309372797,-16.660535340589995],[-46.95169595777398,-16.66642778266991],[-46.946834693172924,-16.67268850260447],[-46.948381459141515,-16.683884142996746],[-46.941752460978286,-16.694343228421836],[-46.93667022968197,-16.698246970942346],[-46.935860019364284,-16.70981088864586],[-46.93887989573638,-16.71342000886292],[-46.93556539710393,-16.721522116899365],[-46.93983741808256,-16.735295701254202],[-46.93784871872342,-16.739125788299297],[-46.945140616074156,-16.744502642056805],[-46.948381459141515,-16.752015504901408],[-46.942341706397336,-16.760043957990266],[-46.94418309372797,-16.767998754858343],[-46.942489016629196,-16.771681531211787],[-46.93468153122115,-16.772491742172544],[-46.925327278946185,-16.78368738169178],[-46.928273499753196,-16.788695957607313],[-46.92473803532378,-16.799670631029777],[-46.91582571643937,-16.804605550768855],[-46.91531012658542,-16.813738837221788],[-46.92429610193323,-16.818894723068166],[-46.91825634829074,-16.822135567377657],[-46.91516281635355,-16.830384986313128],[-46.921276224662826,-16.83657204990748],[-46.92157084692319,-16.842022559288072],[-46.906766086424774,-16.856311730797906],[-46.90124192173791,-16.85830043038948],[-46.89402367995227,-16.869643381049286],[-46.88334362930232,-16.866623504678195],[-46.88245976341954,-16.87295787967605],[-46.87244261105876,-16.87369443533903],[-46.86573995822876,-16.87943956583459],[-46.857932471922396,-16.894980882424168],[-46.854102385232615,-16.89638033723819],[-46.85380776297225,-16.906250178283976],[-46.84666317675171,-16.9112587536421],[-46.84445351069729,-16.917887751008834],[-46.83838962830627,-16.922214372684],[-46.83424786663709,-16.916488995586857],[-46.82998428892381,-16.89846015203306],[-46.815488123081686,-16.889263003934467],[-46.81038474634189,-16.87792258186181],[-46.80508488828653,-16.87461017072273],[-46.784546726606955,-16.870625076704385],[-46.77997860743594,-16.862341554237183],[-46.77266961604367,-16.864107892664173],[-46.76420336819,-16.859539774086787],[-46.75591984485165,-16.865691507629634],[-46.74873267040179,-16.86642240660122],[-46.7400836971345,-16.86392516766792],[-46.739961881090395,-16.85868705795926],[-46.73161744928083,-16.858138883915576],[-46.73965733873435,-16.85089080068271],[-46.72808476962879,-16.837490983842397],[-46.72211576100987,-16.842180920271357],[-46.717060374967495,-16.839683681095114],[-46.71669492593687,-16.83426284638839],[-46.699762429331216,-16.817452165961626],[-46.69671701565223,-16.809168643272596],[-46.692027080437114,-16.80289509224497],[-46.681550860220064,-16.796682449822903],[-46.668516492297066,-16.799057872038084],[-46.6556039413165,-16.794733384804182],[-46.64786859242239,-16.798266063636426],[-46.64322049893658,-16.80389636957118],[-46.64185774207416,-16.814055103299108],[-46.6374597539365,-16.818329204141662],[-46.636840319734006,-16.824647439794333],[-46.62915932699943,-16.82793044467672],[-46.62754879591703,-16.832328433065133],[-46.618257272100045,-16.838956386240028],[-46.6168325719072,-16.84496490495584],[-46.604629704374126,-16.854937806931822],[-46.598001750053264,-16.85549529933453],[-46.594966518778016,-16.86107021291498],[-46.57904704243679,-16.872220041127097],[-46.574710997629545,-16.871043114825277],[-46.56046399480284,-16.882131000419122],[-46.5535882671603,-16.882131000419122],[-46.549190279022625,-16.888387292583467],[-46.53444772775595,-16.890741145125844],[-46.52772224514133,-16.88591573017115],[-46.51998966395661,-16.88426780334451],[-46.5071865376591,-16.886993221340887],[-46.49271229969307,-16.88588604442039],[-46.48831505715709,-16.89113989400841],[-46.48083403120139,-16.89268178477347],[-46.47278193543979,-16.89787852707282],[-46.45844806283015,-16.892282035188703],[-46.45787699212594,-16.897650099118426],[-46.45153810757866,-16.901476271901576],[-46.437375556270126,-16.901304951006857],[-46.437375556270126,-16.895708459361796],[-46.4263538933856,-16.89930620432978],[-46.412248448877996,-16.891539642574784],[-46.406994598938226,-16.90124784400736],[-46.40008464368673,-16.899134883182622],[-46.39134726272076,-16.900619666730993],[-46.39288915443061,-16.908728869224234],[-46.390661979312995,-16.91421114811729],[-46.38289541755603,-16.910042332159524],[-46.38272409715325,-16.92306274189592],[-46.37747024721348,-16.923976455184057],[-46.37124557716638,-16.920207389268615],[-46.365534871022554,-16.92403356217106],[-46.3720450759726,-16.930029804259835],[-46.37124557716638,-16.9332278000869],[-46.36039523468463,-16.93191433727733],[-46.353827922933654,-16.942193607604437],[-46.344919220666576,-16.950759668180346],[-46.3400080142273,-16.963437436000184],[-46.33172749036368,-16.957555407772137],[-46.33029981315399,-16.952358665950822],[-46.316936759753375,-16.95612773225191],[-46.31019812670129,-16.95492848282571],[-46.30591509686885,-16.95041702568857],[-46.301289425332534,-16.95766962282309],[-46.29477922038248,-16.946419531070195],[-46.28741240892694,-16.958354907374577],[-46.278960562863915,-16.957498300650258],[-46.283928877900735,-16.964808005204272],[-46.27564835403711,-16.96566461124817],[-46.26691097307113,-16.971889280750904],[-46.26702518667298,-16.974858848835467],[-46.258230698906075,-16.98005559097893],[-46.23702882865693,-16.979893700417048],[-46.22452238266011,-16.970242606412643],[-46.20898926094281,-16.962590260208373],[-46.20699685962637,-16.95815494428965],[-46.21008064124947,-16.946333782382627],[-46.20528364841205,-16.937653508757645],[-46.21282178027037,-16.93742508004762],[-46.21607688319456,-16.932399659045814],[-46.21390681397955,-16.915952824855523],[-46.21938909202135,-16.90938551288015],[-46.22207312424133,-16.919550570188694],[-46.22538533396643,-16.921377996333042],[-46.22332948014992,-16.930686446705934],[-46.22475715556298,-16.935997403779428],[-46.23098182561009,-16.93325626495342],[-46.24091845478542,-16.932970730084115],[-46.241261097387614,-16.92571813272014],[-46.24565834082192,-16.918865285217997],[-46.25365332978258,-16.923890706581407],[-46.26130567614106,-16.92537549016615],[-46.2712423053164,-16.92057849683723],[-46.27055702101033,-16.9149820050421],[-46.265817134075526,-16.909042869839453],[-46.265874241774775,-16.89767856506315],[-46.2728984097298,-16.896365101948458],[-46.279294401078,-16.89984863331414],[-46.28254950400218,-16.904874054732982],[-46.27758118896536,-16.912069543950246],[-46.28534774982401,-16.912869042601674],[-46.287632032640865,-16.908985762605443],[-46.30053822893913,-16.90681569466009],[-46.296826269810886,-16.886485579636723],[-46.30522100817469,-16.87295120626404],[-46.31235939062989,-16.87049560330564],[-46.32212469940244,-16.876663165240654],[-46.322638662407414,-16.871809065045312],[-46.32800672594904,-16.867012071834587],[-46.330462330066986,-16.85273530577016],[-46.33348900399083,-16.851250522296844],[-46.34136977934965,-16.854905373788895],[-46.3414839929515,-16.858902868701005],[-46.348565268605775,-16.87483573904919],[-46.35359069044352,-16.87626341611702],[-46.36101460869999,-16.86929635378526],[-46.360043788592655,-16.863300113233],[-46.35410465434681,-16.862729041829425],[-46.350278480718416,-16.856847014388492],[-46.35376201174463,-16.85170737926406],[-46.35176326383072,-16.84422635359784],[-46.366439779940855,-16.849423096290572],[-46.357873720275975,-16.838858290140877],[-46.362213856909335,-16.831719906806168],[-46.37243602098763,-16.84074282311099],[-46.377689870927405,-16.827779518925215],[-46.39071028082751,-16.834518153225925],[-46.39841973488524,-16.831719906806168],[-46.39173820863409,-16.821383528366663],[-46.390767387628436,-16.813788289060675],[-46.400304268298974,-16.81121847124727],[-46.40053269640099,-16.8027095193172],[-46.41743638673044,-16.80339480324247],[-46.41618003172015,-16.797684097043454],[-46.407842400157286,-16.79271578296982],[-46.40744265075416,-16.786662434293778],[-46.41161146698476,-16.781351476988753],[-46.404815726233444,-16.776383163108065],[-46.42074859735386,-16.764162250652276],[-46.41949224144526,-16.760735827183577],[-46.409155862866804,-16.760792934417402],[-46.40590075994262,-16.756110154852664],[-46.414866569010634,-16.749028878916462],[-46.418749849439955,-16.743775029835767],[-46.43896575039282,-16.746973025137624],[-46.443648528730066,-16.744060564610475],[-46.44176399621465,-16.736351111371736],[-46.43656725307579,-16.732981795004605],[-46.430685225630874,-16.739891749154957],[-46.42554559019127,-16.733438651030085],[-46.4323984368452,-16.72915562097491],[-46.43079944013105,-16.722017239359854],[-46.43702411017815,-16.716078104320783],[-46.444733563337564,-16.717106031138584],[-46.44838841476655,-16.708311542578482],[-46.45284276590009,-16.709225255580144],[-46.460038256054524,-16.71522149770654],[-46.46552053409633,-16.716649174694137],[-46.46774771011225,-16.70128737459325],[-46.480197049308146,-16.707968900903523],[-46.484365864640424,-16.707683366278147],[-46.48956260777928,-16.69883177122778],[-46.488020716967725,-16.695234025697427],[-46.48048258510941,-16.693006851338232],[-46.48002572800705,-16.689580426607105],[-46.49087606959048,-16.684954754984364],[-46.4907047491877,-16.678730085406666],[-46.48487982764539,-16.66805106369849],[-46.47637087567975,-16.66376803436562],[-46.478598050797366,-16.650976052013405],[-46.48710700366132,-16.653717190973037],[-46.495044885821066,-16.651147373217945],[-46.503153458664585,-16.65195371283038],[-46.51002210937931,-16.64321179542414],[-46.50176585260477,-16.63599624296177],[-46.504055403142445,-16.630862101422895],[-46.509675207864355,-16.634192355237317],[-46.52015163289728,-16.63613500384623],[-46.53243194688596,-16.632110945632988],[-46.53735794857795,-16.640228441771157],[-46.53638662541406,-16.645917627180467],[-46.54533668432019,-16.6445994008846],[-46.55123401007439,-16.640505963338573],[-46.555396828253826,-16.632041566329686],[-46.54832003698946,-16.625034154987123],[-46.55054020704449,-16.620871337416677],[-46.557894519341154,-16.625519816993798],[-46.56011468939619,-16.62024691375062],[-46.55622939224905,-16.614280208382226],[-46.55650691328134,-16.606925895625942],[-46.56386122467969,-16.60539952911379],[-46.56580387370242,-16.59971034421824],[-46.55983716656725,-16.598045217301838],[-46.563167421649794,-16.58444667723879],[-46.573851989029,-16.58458543834979],[-46.578639229755694,-16.59610256807614],[-46.58370399241299,-16.60075104885569],[-46.58953193768455,-16.595061864097833],[-46.581553202840624,-16.5930498352402],[-46.57718224321322,-16.57598227978812],[-46.56536156930766,-16.563044886288044],[-46.566393740755636,-16.553199559831477],[-46.5609946907266,-16.54081350429748],[-46.562820839935085,-16.53469987419827],[-46.555754435890336,-16.533667701610845],[-46.55384888908547,-16.528348050427187],[-46.557977573979066,-16.521281646218508],[-46.55678660733832,-16.514453435846924],[-46.54503104422286,-16.506316454357528],[-46.53871401658476,-16.498946589036393],[-46.53871401658476,-16.48441742589898],[-46.533239260136845,-16.476100005744602],[-46.53618720570919,-16.46936184440092],[-46.53702947600105,-16.45978101929101],[-46.5287320233859,-16.4580508860738],[-46.53926476470231,-16.440738367966965],[-46.54378821784076,-16.42760838883089],[-46.54620447844422,-16.415410574945145],[-46.55271031488704,-16.396472025820376],[-46.55557097295986,-16.382621426885915],[-46.55892406321693,-16.375264221352808],[-46.55345066771666,-16.37215789013289],[-46.54726005280197,-16.37966645408796],[-46.54084055433942,-16.381952009640493],[-46.531980937816094,-16.381712783381012],[-46.52350890391368,-16.385901000024543],[-46.51101656595839,-16.38093154221886],[-46.512930897388415,-16.359451565185775],[-46.505142059209035,-16.345607856050584],[-46.51170606515977,-16.316139659362467],[-46.500425744067286,-16.3120060616157],[-46.50042572969424,-16.305767715360332],[-46.47912233634326,-16.311599658611225],[-46.45611857588989,-16.287753508295992],[-46.44374190501059,-16.284967136592833],[-46.42371891367172,-16.27719121818096],[-46.404667912945015,-16.27252566736103],[-46.39987276255224,-16.267406519894408],[-46.39274483738527,-16.265138544231718],[-46.387690489795375,-16.267600917870677],[-46.386135305714255,-16.27421044922144],[-46.37810018990815,-16.275895232141025],[-46.36857468909564,-16.275312038131442],[-46.350366079035034,-16.27634882676266],[-46.344404540806,-16.281338375140038],[-46.31958639997269,-16.29721420868032],[-46.308182609037665,-16.29875013640271],[-46.30978153298828,-16.278918711125343],[-46.31648209543862,-16.269680057331026],[-46.30863346269898,-16.26032527505239],[-46.31632388055752,-16.252634857651557],[-46.33140014607078,-16.252787142991625],[-46.33787227862246,-16.248751576974424],[-46.344218158350856,-16.248083713812363],[-46.34502076892124,-16.23645356974526],[-46.36350098101473,-16.209620511249543],[-46.365899478331755,-16.20139709401456],[-46.36555683483125,-16.194886888894402],[-46.37390425084419,-16.190736675634525],[-46.37814884895215,-16.19161962086668],[-46.378911418915365,-16.16602538040564],[-46.387269619203295,-16.124913256120532],[-46.393699241679094,-16.119793201186795],[-46.39636184818123,-16.107244933616485],[-46.386808335203206,-16.095610446392122],[-46.396662340931975,-16.08883862329899],[-46.410050369294126,-16.088475508887534],[-46.4124177310034,-16.05841357060496],[-46.434173718950724,-16.04026121558223],[-46.43536309287847,-16.037848567092812],[-46.42282727017522,-16.029261035344486],[-46.41808932090649,-16.02442437919925],[-46.41660871226531,-16.01840323604878],[-46.40673798619416,-16.015836847105835],[-46.402690987804306,-16.011000191099512],[-46.39974731102618,-15.997848350240986],[-46.393709428574425,-15.993505832582809],[-46.39805194484499,-15.982917231734088],[-46.40120473055662,-15.96458943443087],[-46.40796239980788,-15.964518049589357],[-46.41912207176782,-15.956618239416548],[-46.41664743324731,-15.94945606167159],[-46.42540385041248,-15.951074095268751],[-46.42885406831469,-15.949027758761005],[-46.43090040358246,-15.9380822378911],[-46.43937128584468,-15.932799834647929],[-46.446723820375404,-15.934750993366215],[-46.45057854695511,-15.923924444947025],[-46.45141135798702,-15.915453564176957],[-46.457907286910576,-15.904960140589976],[-46.45466842912,-15.899498575806433],[-46.4473283919515,-15.895269441034186],[-46.44404722530766,-15.878147347978324],[-46.45305742013386,-15.855089987242113]]]},"properties":{"nome":"Unaí"}},
{"type":"Feature","geometry":{"type":"Polygon","coordinates":[[[-46.88289801820899,-15.609819813224782],[-46.888102769828606,-15.61722806705868],[-46.9097375992986,-15.62099593104037],[-46.917637957930616,-15.634791173399718],[-46.92614603583549,-15.640139107841398],[-46.92632835161735,-15.64329925102007],[-46.93410716729311,-15.651138837971518],[-46.94158212243411,-15.645608587362176],[-46.96011757912096,-15.660436953238538],[-46.97020572983021,-15.658249160635417],[-46.976222156919725,-15.652232734156788],[-46.98722188743659,-15.65338740186681],[-46.99056434703058,-15.64998416967538],[-46.997485370424684,-15.653658936726222],[-47.002414885427754,-15.647249431425927],[-47.003751868726354,-15.640017564229286],[-47.01122682296906,-15.6338795932255],[-47.01268535102055,-15.62099593104037],[-47.01499468695237,-15.61394638038282],[-47.01693939132046,-15.599786506233004],[-47.01548086326898,-15.59583632704284],[-47.01797251408432,-15.577726273153585],[-47.01542009134168,-15.576146201648468],[-47.01785097022975,-15.562350960119385],[-47.01955258599039,-15.545030941778718],[-47.0448337337925,-15.5363405480634],[-47.049148546019694,-15.537677531668493],[-47.05808202831388,-15.54576020577593],[-47.062761472104796,-15.54648946978736],[-47.072971165770305,-15.55615221707849],[-47.10394207100381,-15.557709619823436],[-47.105051391565006,-15.563256225800332],[-47.12723781267061,-15.585960330202607],[-47.142250623887136,-15.594169305896814],[-47.14979400819492,-15.596979586102123],[-47.16510263822777,-15.599641955711364],[-47.1677650093713,-15.602156417013168],[-47.17715726038278,-15.598606590058804],[-47.18074406532731,-15.61379504396502],[-47.175308391882446,-15.624333594100056],[-47.17153670017771,-15.62671863397571],[-47.16371598707711,-15.640640612886685],[-47.16171920916862,-15.649459716201617],[-47.15772565335165,-15.654229795912288],[-47.15179078610341,-15.65533911736268],[-47.14191782771878,-15.664601947935365],[-47.134984571965454,-15.66754164865551],[-47.130269957334534,-15.672699992385203],[-47.12655373210702,-15.682905745178545],[-47.12616546856312,-15.69488641258381],[-47.118954882220336,-15.705868691015118],[-47.115515986683974,-15.716629105331188],[-47.11645890961015,-15.729552696369488],[-47.10321769291489,-15.739069401270278],[-47.102093201605165,-15.753292166021051],[-47.10497743686093,-15.764108046637359],[-47.10891552709901,-15.76599389198714],[-47.11396293789828,-15.786239002096874],[-47.11130056675475,-15.7932831900031],[-47.11901034779924,-15.802546020904515],[-47.11948009842088,-15.822053295343741],[-47.12120570818275,-15.833923030260246],[-47.11972661410114,-15.83688122005027],[-47.12312853228547,-15.85108052912041],[-47.11891311235626,-15.851598211912906],[-47.11314464184473,-15.860176962290673],[-47.119578703794666,-15.87208367385474],[-47.1155851479777,-15.876594913125313],[-47.11743401737633,-15.888649534852558],[-47.11684237884538,-15.900630203355139],[-47.118395427631064,-15.906620535688646],[-47.124681581071165,-15.909430816063585],[-47.12564299312252,-15.916382561850929],[-47.13370405856223,-15.9211156647862],[-47.13784552378736,-15.928733003085789],[-47.131284226257215,-15.93361655022712],[-47.13563791936654,-15.940173963405815],[-47.13655165692745,-15.949580088677344],[-47.123866824379824,-15.945548891862222],[-47.1151594390595,-15.953772533613284],[-47.10258210520697,-15.959147462844818],[-47.09215474166328,-15.956674995943754],[-47.0881235464359,-15.96038369737737],[-47.07576120907527,-15.95662124596773],[-47.05673395890636,-15.938023991257083],[-47.049854049606175,-15.937701495736603],[-47.02042236988277,-15.92883212161269],[-46.984256510056156,-15.924033875821435],[-46.954161563734296,-15.917019674089707],[-46.85157800340158,-15.893110613790467],[-46.82481560196791,-15.88572119813834],[-46.81430573894516,-15.887186148125803],[-46.809510653231094,-15.884285584605907],[-46.8067473509755,-15.873926643710659],[-46.805449451578276,-15.859397447065481],[-46.812912346836605,-15.84433594798107],[-46.81681755334538,-15.839718605086956],[-46.82316934309003,-15.824635813335219],[-46.82095092385149,-15.816897858746689],[-46.8244555491172,-15.81232890638526],[-46.8200905722696,-15.802174101908868],[-46.81362791424921,-15.793270076997057],[-46.813096608369364,-15.787207017014918],[-46.82078660132477,-15.76566688092576],[-46.82648696067315,-15.754401953823141],[-46.828148015702084,-15.74359899242628],[-46.82773110757872,-15.728669784969014],[-46.84240088093434,-15.714673816615685],[-46.84961611066883,-15.69259084794408],[-46.8557022883469,-15.681799565038833],[-46.852438879599596,-15.671056838289047],[-46.852540537448725,-15.653028888350484],[-46.85487563975783,-15.64497398833051],[-46.858960470695884,-15.639638184615144],[-46.854399644048335,-15.628143686421675],[-46.854831093201206,-15.618303536877846],[-46.87426144169262,-15.613992123372475],[-46.88289801820899,-15.609819813224782]]]},"properties":{"nome":"Cabeceiras"}},
{"type":"Feature","geometry":{"type":"Polygon","coordinates":[[[-47.84705162001908,-14.333292006767063],[-47.85476112438246,-14.33752822858416],[-47.867420196841,-14.339431763100231],[-47.86879920961681,-14.352138519095783],[-47.87550926186981,-14.350473403904237],[-47.87698554961447,-14.34319114699292],[-47.88345718360117,-14.342287063717816],[-47.89102363574713,-14.334007263108111],[-47.90301704400373,-14.333625792821268],[-47.90839385983117,-14.33077049329321],[-47.9140090939249,-14.332056046140208],[-47.91534233124878,-14.324678420668173],[-47.91315269493026,-14.320634841607879],[-47.9257164004416,-14.303977965776838],[-47.92486000144696,-14.298553467234953],[-47.91177177413279,-14.297885894799554],[-47.908107758091276,-14.282896041791377],[-47.917959212604636,-14.28275299071322],[-47.921861648709076,-14.275329589861764],[-47.935756682624316,-14.27842330884816],[-47.93923187279311,-14.285894394027055],[-47.95065307577329,-14.28508567833456],[-47.95426940923953,-14.282087325770505],[-47.95779037486025,-14.27199745225518],[-47.9662628165978,-14.269950866996453],[-47.96861267104051,-14.260652541675412],[-47.97837829602004,-14.263565062861113],[-47.98397445708367,-14.259967803683343],[-47.999806214734015,-14.25473294195747],[-48.003296302563484,-14.25070372630002],[-48.00423739741807,-14.243820295660068],[-48.01380966632091,-14.244546283138964],[-48.0267967621987,-14.232634723335442],[-48.04513464791354,-14.229300561749447],[-48.053389385636926,-14.21999717667326],[-48.050942541889626,-14.213785957026012],[-48.056105114013384,-14.211903768933224],[-48.06253144057042,-14.215748809737812],[-48.068043562442575,-14.208892268679953],[-48.07457893639027,-14.206071975397533],[-48.074674539594376,-14.202439054132604],[-48.084378262566,-14.191396885631267],[-48.095516035395946,-14.190393051962213],[-48.106558203225134,-14.181740964324902],[-48.11683554631975,-14.177008605842303],[-48.12849913542483,-14.167974104591934],[-48.122045918698085,-14.160517056081234],[-48.12102969324472,-14.153550416428503],[-48.1358481871872,-14.140882993731372],[-48.14368764812779,-14.129123801108717],[-48.16041820615252,-14.121379943103141],[-48.16051381025494,-14.112536647705257],[-48.166750146722634,-14.107489153813798],[-48.173208674289356,-14.093439026098348],[-48.17252882928233,-14.075536443787168],[-48.173888519296376,-14.063185929061039],[-48.18080027477169,-14.055027789609902],[-48.18533257362075,-14.041317583917037],[-48.191337870583894,-14.033725983333653],[-48.195416939727714,-14.021035544676113],[-48.20289523390663,-14.019562547961197],[-48.21393169833208,-14.023613289703727],[-48.219370456591626,-14.02038402665673],[-48.22124003036094,-14.015115228967362],[-48.21529138744782,-14.004407672073537],[-48.21520640592362,-14.000439854795719],[-48.22653642002099,-13.996199286951306],[-48.24007659155124,-13.993891302599726],[-48.25084718339869,-13.987275082795408],[-48.25327204896425,-13.972958120782822],[-48.25120354237695,-13.962803627768645],[-48.263614588188915,-13.95302522901205],[-48.26944401837562,-13.951520858638673],[-48.28072678827557,-13.94193050630412],[-48.28599208005713,-13.940050043573073],[-48.30987394100578,-13.935724982973582],[-48.31856410023223,-13.94266442257844],[-48.32168817758401,-13.949303087364603],[-48.32051664868938,-13.969349251671767],[-48.32390106589534,-13.974425878098941],[-48.33756890599376,-13.970911290824244],[-48.35378807468681,-13.971562140976511],[-48.36289996778632,-13.97611808673437],[-48.37024155095541,-13.986531679129149],[-48.38716363788355,-13.997075441072527],[-48.39734875004963,-14.00043952793454],[-48.40819705964388,-14.015177889036933],[-48.41973415517718,-14.02017155735443],[-48.449179576429486,-14.022754489067372],[-48.46484936244422,-14.02154912071847],[-48.46967083527144,-14.022754489067372],[-48.47190937497571,-14.028609133635781],[-48.47294254804523,-14.040318423980553],[-48.47810841159619,-14.05547162375846],[-48.49515576140418,-14.065975545775341],[-48.500493820317,-14.077684835668043],[-48.49515576140418,-14.089221930710798],[-48.49911625562543,-14.106958062214753],[-48.51668019241733,-14.115740029724233],[-48.53940999096356,-14.122627847650945],[-48.55111928096041,-14.127449321086692],[-48.57279438280292,-14.144991731566616],[-48.580284885086556,-14.154419432037482],[-48.59978601902573,-14.172499954013684],[-48.60740566760618,-14.177149231214322],[-48.62845656070047,-14.178311551301928],[-48.6422752459014,-14.175082886233152],[-48.65893515502229,-14.173533127120638],[-48.679856901819754,-14.170175316265668],[-48.68360215341073,-14.166817505371647],[-48.68657252362752,-14.153127966595775],[-48.69148009458483,-14.150674181022513],[-48.6971625442214,-14.152094793834983],[-48.70245755406916,-14.159327002917376],[-48.709431470267205,-14.159585296164154],[-48.71963405017398,-14.146024904387248],[-48.720538076048356,-14.132206220253366],[-48.726220525684916,-14.125103157993818],[-48.732419562305395,-14.123295105431495],[-48.745592514225585,-14.123295105431495],[-48.7599277846138,-14.120324734432893],[-48.76341474271281,-14.12135790687886],[-48.764318768587195,-14.138921842364356],[-48.76832231277181,-14.147058076867697],[-48.777491719609074,-14.147832956630642],[-48.79544309618975,-14.139438428777957],[-48.79957578577288,-14.142796240175329],[-48.80241701059115,-14.1603601750129],[-48.81274873769308,-14.171208488635045],[-48.8276005950652,-14.172241660655045],[-48.847618315988285,-14.164105425717446],[-48.853559059116805,-14.16565518475913],[-48.87086470062012,-14.184252294210443],[-48.882358747986686,-14.207369532173534],[-48.8893326632864,-14.2192510176077],[-48.90031012277074,-14.235265194973131],[-48.91399966077653,-14.245726067889109],[-48.92756005158719,-14.252570836847955],[-48.94757777340859,-14.253216569857825],[-48.950031558438084,-14.258253286742399],[-48.95403510172439,-14.27439660960398],[-48.959975844852906,-14.281757964758512],[-48.96307536316315,-14.290798226184503],[-48.96927439888531,-14.29764299492756],[-48.975344289208955,-14.30100080703584],[-48.99135846504912,-14.306683255834749],[-49.00336909760296,-14.30758728237856],[-49.014992291266346,-14.311590827421425],[-49.01757522169436,-14.316369249699532],[-49.014863144071214,-14.325022071424668],[-49.00879325374756,-14.32980049498032],[-48.99923640712153,-14.332512573354325],[-48.988517241129145,-14.33806587720964],[-48.98373881736697,-14.34568552477998],[-48.983093084086235,-14.367898737591796],[-48.987484068059636,-14.375776678820415],[-48.990325292877905,-14.386495845610664],[-48.98929211980839,-14.393728054897956],[-48.980897591650375,-14.404059781606518],[-48.976506607676974,-14.411937722789096],[-48.97676490116894,-14.418782491841636],[-48.98373881736697,-14.43350520296041],[-48.988517241129145,-14.449131939610247],[-48.9952328629369,-14.456880735414986],[-49.02454913789239,-14.471732592092849],[-49.02777780160114,-14.481031146325039],[-49.021320473285336,-14.491362873253216],[-49.02700292292189,-14.499369960948771],[-49.035655743673544,-14.50014484089989],[-49.04882869559374,-14.499111668189089],[-49.04986186866326,-14.508797661888838],[-49.04120904701328,-14.520937440618388],[-49.033718544729645,-14.528040502714365],[-49.006597763108346,-14.541213454828457],[-49.005564590038816,-14.548187371379301],[-49.00698520199881,-14.557615070735896],[-49.016671195819974,-14.560585443244339],[-49.03203964017602,-14.568850824015128],[-49.03720550282867,-14.57479156713294],[-49.03447686296663,-14.579727145942208],[-49.02715676031261,-14.585540170393145],[-49.014454228258934,-14.581018929275324],[-49.00973619284341,-14.580921373189744],[-49.00655719608842,-14.587551851950169],[-49.00001754526167,-14.590730848884618],[-48.99129801022712,-14.585190312404592],[-48.98301287620946,-14.594721684951839],[-48.97895797893331,-14.612694729422252],[-48.97415542282934,-14.622861843031961],[-48.976505609648704,-14.625263120654479],[-48.98749018019682,-14.621533475597237],[-48.99111764289111,-14.629759131287535],[-48.985046326042784,-14.637746360699097],[-48.98706442187129,-14.644030556596057],[-48.981699863555896,-14.646687290048645],[-48.967138921995264,-14.645307832585306],[-48.96994892766248,-14.653788942688017],[-48.960190543104126,-14.660328593583577],[-48.950329975182214,-14.660992776846713],[-48.95523471285312,-14.667328063650702],[-48.95824908434915,-14.675196081806218],[-48.950891975597,-14.681020458687401],[-48.93995849673066,-14.677597359664956],[-48.926317193764056,-14.68061173120028],[-48.91804044821451,-14.675655900588852],[-48.907209150915115,-14.671772982893353],[-48.901333682968406,-14.67315244141205],[-48.89683767336188,-14.677903906317939],[-48.881868001940234,-14.679998638102855],[-48.879619996687815,-14.692924667277365],[-48.870219249410376,-14.694815035351281],[-48.860818500336315,-14.688581930156134],[-48.85749758413947,-14.690114661200111],[-48.848403380664536,-14.68638501641029],[-48.84349864299363,-14.690216842829598],[-48.83925808820277,-14.683932647185062],[-48.83414898560135,-14.682399916246125],[-48.826587513715324,-14.685720832880028],[-48.8186684054467,-14.676984267677232],[-48.8202011361373,-14.672948076931133],[-48.816778036576885,-14.664824603939747],[-48.80742838008292,-14.666306244299784],[-48.801604002919674,-14.660992776846713],[-48.79664817356698,-14.660941686165387],[-48.78249596007073,-14.66737915457995],[-48.77549649039614,-14.661146049688242],[-48.779992500002656,-14.653380214761018],[-48.77462794168727,-14.649292932672742],[-48.77237993733316,-14.643570738338804],[-48.76170191328248,-14.645052378156537],[-48.76134427600157,-14.650314753170885],[-48.75526444402267,-14.659766592860104],[-48.746630061192214,-14.661299323291566],[-48.739426226587106,-14.668298793612543],[-48.739426226587106,-14.674991718365073],[-48.73574767310935,-14.679078999579245],[-48.726806742883134,-14.676013538006872],[-48.724814194243,-14.685465377807219],[-48.73007656919482,-14.693384487010537],[-48.729361294633,-14.70237650742057],[-48.73160929988541,-14.707536699590909],[-48.72333255433588,-14.721842186742665],[-48.712756711852144,-14.726593651570443],[-48.71382962279657,-14.731140754064208],[-48.719398545144145,-14.736505311105072],[-48.714085077612225,-14.7435047819337],[-48.722004186779166,-14.754591533763117],[-48.712450166253014,-14.764145554701454],[-48.717405994707384,-14.76491192132751],[-48.72752201834328,-14.781669777026906],[-48.7211867306504,-14.79306307488599],[-48.72215746002789,-14.799755999092636],[-48.71505580788803,-14.798325450642432],[-48.71352307719744,-14.803434552961455],[-48.726091469219625,-14.8045585564251],[-48.72588710518743,-14.812222208853631],[-48.73952840905236,-14.81191566281862],[-48.7430536892814,-14.819017315743903],[-48.741520958590804,-14.828520246185835],[-48.75102388923181,-14.836643718931741],[-48.74555714934947,-14.840526636784189],[-48.74601696909565,-14.8443584642],[-48.761650821600696,-14.85002956714776],[-48.7573080852429,-14.862700140916418],[-48.7494911576429,-14.864028507810602],[-48.750002069070845,-14.87404234864327],[-48.74581260506345,-14.873378164912323],[-48.73947731826889,-14.878844905241747],[-48.73641185598939,-14.88466928191394],[-48.74422878269107,-14.886661832030379],[-48.74550605766769,-14.895040759776998],[-48.74903133879504,-14.899128042090092],[-48.753374076051166,-14.911747524969991],[-48.74795842785062,-14.913024800397217],[-48.74714097082354,-14.92038190774105],[-48.740601319996784,-14.924673554202855],[-48.75092170676655,-14.929016291008374],[-48.748929157228105,-14.94066504523508],[-48.73952840905236,-14.93938776914023],[-48.733755122672584,-14.94316850527502],[-48.7253761946578,-14.941635774082398],[-48.72098236661821,-14.952415979716063],[-48.70453105708607,-14.947102513820141],[-48.695947765039094,-14.9547661671596],[-48.68588283308498,-14.958189265892381],[-48.68220427870891,-14.963962551998458],[-48.69063429840548,-14.9682031074203],[-48.69604994660603,-14.973465482118469],[-48.69814467860972,-14.9820487737668],[-48.68159118661234,-14.980822590225348],[-48.67689081297362,-14.977399491114673],[-48.67479608096992,-14.985931691734772],[-48.667949882747415,-14.983939142427198],[-48.65655658503322,-14.968867289891595],[-48.6548705810939,-14.96278745807961],[-48.649608206142084,-14.960335089149638],[-48.64889293068194,-14.969020562877796],[-48.63995200225236,-14.971064204367332],[-48.64904620393066,-14.979596404868618],[-48.640207457068016,-14.984858780804615],[-48.63310580492816,-14.98470550787145],[-48.633718897024735,-14.999777360356468],[-48.627383610230176,-14.997784809833506],[-48.62804779311022,-14.987822059947305],[-48.61818722608662,-14.988077514815558],[-48.61629685811511,-14.990938612629504],[-48.6194708880849,-15.00044465624229],[-48.613855820179495,-15.003550833109681],[-48.61007062589773,-14.997974797666608],[-48.603205525325,-14.994050993861357],[-48.5947485148474,-14.993653016904616],[-48.587186954028155,-14.999622670731942],[-48.580167082715136,-14.995214523872313],[-48.57406477039626,-14.998928974800537],[-48.57302383498437,-15.005499721859024],[-48.56519607909193,-15.012429522589857],[-48.559597507848395,-15.010946140669743],[-48.55658289290892,-15.015539840058011],[-48.54825681368061,-15.006208888910635],[-48.5321310158782,-15.011328949109435],[-48.52342212767639,-15.01721462624913],[-48.5096410306819,-15.011472503398991],[-48.50298973812995,-15.002285104311278],[-48.5003000411338,-14.98465418633226],[-48.49121986125877,-14.984416947927508],[-48.48074084997614,-14.987476081278613],[-48.47888191225978,-14.979220368275707],[-48.479718519572096,-14.971995477348827],[-48.47410475691879,-14.964598033946473],[-48.47038706204747,-14.966001648222692],[-48.46040788866028,-14.95693883523028],[-48.449415230579646,-14.957455185275645],[-48.43638262335461,-14.948534755321921],[-48.430721187109185,-14.948658414865559],[-48.4219904536763,-14.93742979116608],[-48.41185637929309,-14.935600209319201],[-48.40527702742236,-14.940469316324362],[-48.39355460225942,-14.941112129087402],[-48.38585545636959,-14.944646341100897],[-48.372494307397375,-14.940343017842391],[-48.37179094719116,-14.927578511696009],[-48.36088306402221,-14.922020168405934],[-48.357110256609886,-14.918353839745834],[-48.35765845441034,-14.911754409577723],[-48.35173323866151,-14.907993865315916],[-48.34732810532407,-14.910735777775276],[-48.33885603189579,-14.911465129125824],[-48.33545878135768,-14.906259992856436],[-48.32418186128686,-14.898998740823842],[-48.309944760589524,-14.899466126185503],[-48.30505110273932,-14.896429462686498],[-48.29449360295537,-14.897392775211134],[-48.27971204773737,-14.887909546123417],[-48.26518773138919,-14.881317954992678],[-48.257549486784036,-14.873535942572333],[-48.238190811275885,-14.880746205351057],[-48.22627545763433,-14.874366388796824],[-48.21463387455876,-14.866530942118352],[-48.204042236997374,-14.863599094384915],[-48.187383346566016,-14.849742596075895],[-48.17165593991401,-14.848391579813093],[-48.14859893272048,-14.847662782698224],[-48.13391084181791,-14.846316763677684],[-48.12807198381228,-14.843984071117971],[-48.12033022993021,-14.845163596166387],[-48.11480196443407,-14.849711654619657],[-48.10129782343156,-14.848646541303783],[-48.09352283996881,-14.854986982113548],[-48.08257316717284,-14.859110028043695],[-48.081747493255854,-14.872309942888128],[-48.09051365624354,-14.885702024938862],[-48.086601295551844,-14.886127017941133],[-48.07757492566064,-14.895067236016068],[-48.06841058801653,-14.882386904215457],[-48.0689644883224,-14.874969899761343],[-48.05940216376976,-14.85846537107736],[-48.0554389656195,-14.856153171866403],[-48.04757491958622,-14.858501612982174],[-48.04071798020785,-14.857517828051536],[-48.03468479774165,-14.84893359632116],[-48.04040341624649,-14.837421660813906],[-48.031353823108574,-14.831062519931848],[-48.02794200818476,-14.823868372771937],[-48.01296338325468,-14.823057555897174],[-48.00398960433347,-14.810090511011744],[-47.98979377673186,-14.802179337149681],[-47.95116043077103,-14.802467345745919],[-47.92123413056735,-14.794939041093409],[-47.9099826813281,-14.79859352058255],[-47.90027618435888,-14.792011260838692],[-47.894886016871375,-14.782052994047719],[-47.882608413998234,-14.77559280399468],[-47.877075195191615,-14.776807785197454],[-47.86508369405837,-14.771917343055055],[-47.85628128135403,-14.76381492586607],[-47.852653503351064,-14.756498336999712],[-47.83825683580813,-14.74591064489983],[-47.83427047729322,-14.740674972645143],[-47.83308219931011,-14.732406616174304],[-47.82177925055393,-14.722116470102565],[-47.82403945941949,-14.718606948970377],[-47.81737708974177,-14.708671569590077],[-47.81523513779516,-14.699333191020916],[-47.807561874165295,-14.692848205797302],[-47.79030990610189,-14.69475173972616],[-47.7844734187503,-14.68767929070982],[-47.778450011751026,-14.676082610998408],[-47.78068733244145,-14.667089462161611],[-47.776069640639804,-14.659784316698723],[-47.7741661069595,-14.644340514648324],[-47.77221679692894,-14.640462874661681],[-47.77590370204389,-14.636226654268583],[-47.77750206005588,-14.625509261972127],[-47.769508361974275,-14.614421843897603],[-47.76570129371534,-14.598812103186308],[-47.772487639885405,-14.578149795729098],[-47.769193648892575,-14.572589873848317],[-47.768699645554904,-14.557058333753737],[-47.76972770721046,-14.549957274934583],[-47.761980056786854,-14.54360008176417],[-47.76150322025426,-14.540554047024562],[-47.77166938784931,-14.534576416016735],[-47.774904250831824,-14.52795219392623],[-47.78491783059272,-14.52751350433265],[-47.789161682200664,-14.521764755130187],[-47.79605293273132,-14.524049759345019],[-47.80343818659963,-14.519784927318149],[-47.80631446817187,-14.514646530150191],[-47.815078734816,-14.506637572641045],[-47.82274055480746,-14.506160735865654],[-47.82892799417762,-14.486839294234294],[-47.82731056223721,-14.47879791326988],[-47.83064079306522,-14.474895477248111],[-47.83121299744332,-14.466470717948633],[-47.834352492580344,-14.464996337789163],[-47.83839798000389,-14.438821792944756],[-47.84099578922795,-14.429552077584482],[-47.850532531557924,-14.408594130801438],[-47.86007118190957,-14.40311050358149],[-47.857328415141374,-14.396543503335932],[-47.86126899730604,-14.3850078575935],[-47.86515235858374,-14.380783080789538],[-47.85698699963786,-14.372787476258818],[-47.85173225407775,-14.371816634825278],[-47.84783744826332,-14.367313384629634],[-47.83605575585121,-14.363601684717947],[-47.8351974488349,-14.352199554390562],[-47.82773017878114,-14.350805282812598],[-47.8290157317331,-14.345428467160366],[-47.83700942981471,-14.342525481887817],[-47.83353614766758,-14.3347682948049],[-47.84505271939158,-14.337053298713258],[-47.84705162001908,-14.333292006767063]]]},"properties":{"nome":"Niquelândia"}},
{"type":"Feature","geometry":{"type":"Polygon","coordinates":[[[-48.10729533379783,-15.14735956956972],[-48.115676266852326,-15.153097551921956],[-48.11950158797952,-15.146420627073633],[-48.11915383216673,-15.140300111717774],[-48.13247290674599,-15.138248349123037],[-48.13841954282277,-15.141412933081666],[-48.14766986720588,-15.142108446065535],[-48.1544163434487,-15.14016101037035],[-48.16192788427629,-15.146316299968856],[-48.168848239323815,-15.139778477942029],[-48.1814022493183,-15.142004118569895],[-48.18543622483149,-15.136822547153029],[-48.19875530030906,-15.126285524293905],[-48.208249052862804,-15.123399144884905],[-48.21259600860749,-15.116617892631478],[-48.23099232883324,-15.119156516414069],[-48.22695835421837,-15.126876711240916],[-48.23429601624125,-15.128024306969357],[-48.26208176317521,-15.118982636891955],[-48.26882823941804,-15.113592411140093],[-48.271749393635346,-15.107610999359123],[-48.28524234701932,-15.100760196197628],[-48.28538145024274,-15.112131834005627],[-48.29484042721521,-15.1019077918491],[-48.304368956248545,-15.096100257989916],[-48.306107738007434,-15.099021412945328],[-48.302595397111745,-15.106463403316464],[-48.30645549471854,-15.112166609830485],[-48.310524245813,-15.1059765437762],[-48.317618478766924,-15.103890003993898],[-48.32384332129057,-15.112166609830485],[-48.328677136969795,-15.102464203413717],[-48.33705806912598,-15.108793370777828],[-48.341509351614505,-15.096343687947652],[-48.34623884144822,-15.099890804182946],[-48.35218547662668,-15.099160516129452],[-48.356428107424165,-15.103820453095162],[-48.364104444190616,-15.093425792870232],[-48.36976128285843,-15.093147587572709],[-48.3846452621885,-15.099453573020789],[-48.399158301086594,-15.09792344376872],[-48.406252534040526,-15.101261907095951],[-48.41495093081812,-15.101442606787174],[-48.41657379487107,-15.094812048836854],[-48.421535121913294,-15.086373157677002],[-48.42491995234429,-15.08743961066891],[-48.427006490814286,-15.096295809621175],[-48.43247785971527,-15.09643491285587],[-48.43836653738823,-15.10102529884439],[-48.444208846721175,-15.098799657375965],[-48.45241590097097,-15.105383846752517],[-48.45900009116782,-15.104178291246146],[-48.466650734320524,-15.110716114260535],[-48.479169968733736,-15.11753214196501],[-48.48668150956132,-15.1167438943076],[-48.48950992979354,-15.124533639594619],[-48.48960266467695,-15.132277018272712],[-48.49586228188356,-15.132694326300713],[-48.49618685487381,-15.141086849668078],[-48.500313566168714,-15.14488898805048],[-48.49785608636845,-15.1500821519244],[-48.521086222273425,-15.161905874276036],[-48.523590068617075,-15.159912070407135],[-48.53476464542421,-15.164873396339939],[-48.536619346685676,-15.172384936778805],[-48.54413088841157,-15.174888784367496],[-48.54542917857595,-15.168258227359173],[-48.5534043947189,-15.173497758413841],[-48.56689734810287,-15.163992413239423],[-48.572554186770674,-15.164502455758806],[-48.58484158397536,-15.16195224212861],[-48.5864644480283,-15.153745188036181],[-48.59954009264028,-15.155414419368935],[-48.60805559601929,-15.153242919833083],[-48.61326744522796,-15.16120467176548],[-48.60974598463551,-15.163816091672162],[-48.6182924493491,-15.172006454308317],[-48.611051694884125,-15.181542092232432],[-48.60523535135448,-15.179405475910508],[-48.59771762742278,-15.185103118783434],[-48.59728239097269,-15.194322221833623],[-48.59091210940792,-15.193966119058766],[-48.58818198912229,-15.197843681643889],[-48.5884985248857,-15.207339752955372],[-48.580664265190606,-15.217033659732797],[-48.58316357863533,-15.22600217197651],[-48.579101369971085,-15.229642333167257],[-48.568666681564565,-15.232398831242314],[-48.562652503856526,-15.24090572905851],[-48.56933932118469,-15.244981126400072],[-48.57064503143332,-15.26436893890268],[-48.57400822324575,-15.269512644136086],[-48.58409779868304,-15.271807528074232],[-48.57772751711827,-15.27912741697679],[-48.58666965198528,-15.281659703187154],[-48.58765882557218,-15.28601206874492],[-48.593316902118445,-15.289691796931962],[-48.58718402192708,-15.299267002063097],[-48.58950363458574,-15.313065980944849],[-48.5849633263576,-15.319920958277862],[-48.575882708104714,-15.325321848775358],[-48.584993001304696,-15.341198093410972],[-48.578939256401654,-15.34131679375971],[-48.57416154500349,-15.356154406220302],[-48.57683231539493,-15.359745108026706],[-48.585527154843994,-15.359863809088816],[-48.59072031999307,-15.364196392333534],[-48.58641741224002,-15.371318446022872],[-48.57742581882842,-15.376363234133457],[-48.56861227779434,-15.376452258902908],[-48.56887935501314,-15.382327954216203],[-48.56211340419326,-15.399925361359607],[-48.56211340419326,-15.406869363908626],[-48.565229302384395,-15.41096454522103],[-48.55795887297233,-15.418205298981109],[-48.56433904588669,-15.419718736140634],[-48.56113412105764,-15.43135142279743],[-48.570600518114354,-15.435327903399827],[-48.56751429487033,-15.44618903518001],[-48.56089671968425,-15.448355326909589],[-48.553151485728755,-15.456100559663353],[-48.56116379690306,-15.472570308679755],[-48.56748461902492,-15.476606139869032],[-48.57971081221266,-15.481354175041822],[-48.58086814503086,-15.485894484976306],[-48.57855347759783,-15.495331205815877],[-48.580304315646146,-15.49966378815221],[-48.57941405914844,-15.50904115923256],[-48.58629871065501,-15.513522117793535],[-48.59220408082258,-15.524264549345167],[-48.59333173869368,-15.536104962866213],[-48.586269035707915,-15.536283015371634],[-48.58825727602794,-15.543790845720249],[-48.579770162106854,-15.545512008717797],[-48.58273768376587,-15.55352431970632],[-48.576031083738506,-15.556462167146123],[-48.5600410842576,-15.580076225820616],[-48.544768235919136,-15.583320716936877],[-48.54567827601435,-15.593845529752263],[-48.54832926190996,-15.598949667989427],[-48.54579697670104,-15.606427825228772],[-48.540297168036474,-15.609237079281897],[-48.52724007004184,-15.608999677654595],[-48.504766034433416,-15.613352044161172],[-48.492421140558974,-15.617506575406978],[-48.49068019386026,-15.62114673613984],[-48.482885502258476,-15.620790632654643],[-48.472479390159464,-15.623362485712791],[-48.46887879697364,-15.629614066184336],[-48.46413076142089,-15.628110521757971],[-48.455782130885694,-15.630247138362892],[-48.45483252359548,-15.633452062132275],[-48.4373834921082,-15.639426673909766],[-48.43536557684108,-15.642196360760728],[-48.42127973806454,-15.64805227173389],[-48.41328721138606,-15.653908182874835],[-48.40074448333322,-15.653947750382127],[-48.39200018264461,-15.642512897103417],[-48.39073404138763,-15.633729031072114],[-48.384640728391254,-15.628664459005348],[-48.38432419172953,-15.612679404870182],[-48.37399721402053,-15.613233343168384],[-48.37186059806671,-15.617704409981858],[-48.365134214441845,-15.618258346813827],[-48.35520290598794,-15.62660697667576],[-48.34859522304977,-15.635232574903918],[-48.34630033921425,-15.630009735984576],[-48.33902001665596,-15.632779423943065],[-48.327103765597435,-15.624905598316486],[-48.312015564168995,-15.623639455320022],[-48.30172815275668,-15.62770166319703],[-48.293445468444794,-15.628493001636278],[-48.29165176638439,-15.63440166873691],[-48.27893758138485,-15.63978277613317],[-48.26706749115551,-15.641365455181184],[-48.24864112318183,-15.65057286092361],[-48.235811605279586,-15.648995166397594],[-48.23389093982849,-15.642038945773816],[-48.22404316211959,-15.628744446384383],[-48.21658698715791,-15.622484073023719],[-48.20884944727284,-15.622765437801517],[-48.202273506305225,-15.617776361813354],[-48.20026527128361,-15.562490283145967],[-48.200074989241806,-15.49974957965038],[-48.18320544926622,-15.500170113032576],[-48.148778309214734,-15.499136185280143],[-48.051528883953665,-15.499577961992582],[-48.052192289790995,-15.496470569959916],[-48.04544581264985,-15.490732588143954],[-48.048853826801704,-15.48235165584326],[-48.044715525442996,-15.477204859270126],[-48.04064677255191,-15.463329374020407],[-48.03424370607253,-15.46641571281484],[-48.029992383176356,-15.463520639840583],[-48.02211569784702,-15.464355255724747],[-48.01379127601041,-15.456191670686417],[-47.999361015069105,-15.449522231024728],[-47.99317986929583,-15.451051587023885],[-47.98279299372031,-15.44512533310989],[-47.9736805831912,-15.444488102062412],[-47.952660675686005,-15.43920590802136],[-47.95323128824943,-15.428174080386551],[-47.94899925038576,-15.413290620789326],[-47.949379658162506,-15.40630062624953],[-47.93986946104916,-15.399310632278963],[-47.93844293098809,-15.389752884275508],[-47.93482905710911,-15.386139009383538],[-47.92688804162565,-15.367736776963941],[-47.923749676569265,-15.36497881978748],[-47.92449379423824,-15.358022516140492],[-47.93108753083162,-15.35565553314232],[-47.93497614455878,-15.348892726735757],[-47.94461314516268,-15.346525744137727],[-47.94596570614662,-15.341369103878916],[-47.95805422263561,-15.338241305981047],[-47.95949131957937,-15.334183622395454],[-47.967775758301,-15.327928025402006],[-47.96515516959797,-15.316684859058427],[-47.97098809063788,-15.310091122953315],[-47.96919172058107,-15.30133117442986],[-47.972868996654505,-15.297400293194947],[-47.97096695687251,-15.280028332897565],[-47.97781429865038,-15.279838129123055],[-47.9908749701432,-15.272990786696106],[-47.993981633653206,-15.258281683425121],[-47.998166120993936,-15.254287399570169],[-47.99975115429532,-15.24787594167344],[-48.00933232190936,-15.240245337123831],[-48.01211437380155,-15.23409004605461],[-48.011314533635506,-15.224804946614759],[-48.01764370290298,-15.218927862249485],[-48.01906950532868,-15.211520648183328],[-48.02658104615627,-15.20658250528031],[-48.03162351532316,-15.212633468867965],[-48.04059563415773,-15.205261030696937],[-48.058296440961264,-15.200566318261671],[-48.06796407231972,-15.195906380400313],[-48.0695637517535,-15.199175291609551],[-48.08500414128233,-15.190272725044458],[-48.08841215543418,-15.174728008404076],[-48.09338507433683,-15.169059577205198],[-48.0937676057309,-15.16366935070349],[-48.101070493070814,-15.158140022094582],[-48.10729533379783,-15.14735956956972]]]},"properties":{"nome":"Padre Bernardo"}},
{"type":"Feature","geometry":{"type":"Polygon","coordinates":[[[-48.28144925385126,-15.829308691983567],[-48.31438993722906,-15.82137074907661],[-48.32280798058627,-15.830816274377838],[-48.326628349301295,-15.826938059618785],[-48.33825810605615,-15.822342430812204],[-48.34454192567315,-15.824405774811458],[-48.36348717492798,-15.818590895827757],[-48.377333556985754,-15.821336309091254],[-48.381448521011684,-15.836582778734002],[-48.38804301578317,-15.845551291745522],[-48.38661860484785,-15.85256783415001],[-48.39120837341721,-15.858634768019638],[-48.39395168276783,-15.868025327607047],[-48.40313121900823,-15.871823757232203],[-48.406665867767366,-15.877310375916903],[-48.40729893929418,-15.889127710087458],[-48.41188870696522,-15.894456060893644],[-48.41436823681244,-15.903899377099764],[-48.41895800538181,-15.908911192971715],[-48.417832967896395,-15.91340046909317],[-48.41549851686587,-15.92068078962144],[-48.418940843068306,-15.929029420408849],[-48.4188617086783,-15.937021947315886],[-48.422066632609024,-15.947902862962325],[-48.420167418926916,-15.953877475027431],[-48.41122528405991,-15.960247755577058],[-48.41490501163575,-15.962740474795837],[-48.40817862801088,-15.976470211930941],[-48.39369711908093,-15.978448560276778],[-48.392035305873904,-15.983275730017052],[-48.376406354577036,-15.991663926775082],[-48.369465873673875,-16.005809595050657],[-48.37085361717593,-16.010250371762407],[-48.365691213935456,-16.016522969883354],[-48.36768956389568,-16.02018661126741],[-48.3649140777899,-16.028402048137973],[-48.36474754900084,-16.037339110871894],[-48.36702344694283,-16.044832922657125],[-48.36546917465173,-16.055546297253482],[-48.36879975761935,-16.072365739294604],[-48.36735650541926,-16.079304452866705],[-48.35980718504408,-16.09229372607559],[-48.357808835083844,-16.10439484312954],[-48.35136970843234,-16.109890303938634],[-48.35014849461765,-16.117828193320115],[-48.3547558009963,-16.1287080961752],[-48.35118930157046,-16.134994570573117],[-48.350367063709434,-16.151085448855614],[-48.35230296458774,-16.159859452108623],[-48.35551905906903,-16.163949823926277],[-48.35686170085561,-16.172442809788723],[-48.35311479456789,-16.178593979986378],[-48.355206817252686,-16.18721186293293],[-48.362887974378964,-16.190365507653055],[-48.370131990626724,-16.196828920329462],[-48.373753999648926,-16.204010488870495],[-48.37556500416003,-16.21347142519342],[-48.37106871697408,-16.220528097324767],[-48.363106542572424,-16.24066771478542],[-48.34793157556564,-16.246256848829706],[-48.330200848574925,-16.259590744000352],[-48.3209492297195,-16.282460744765064],[-48.32080120442867,-16.302518254073913],[-48.32524198111995,-16.31280605438677],[-48.319522152584426,-16.319422175967244],[-48.30628750077726,-16.320246764847692],[-48.288105315559044,-16.31814406262942],[-48.27639615312297,-16.31781422774354],[-48.2661712509797,-16.323916185729065],[-48.25713589434239,-16.316781963949918],[-48.2533244611695,-16.316781963949918],[-48.237199166423636,-16.32381845690922],[-48.22644896992641,-16.323916185729065],[-48.21501467040769,-16.317075152184742],[-48.204948577830244,-16.31433873801989],[-48.20518615617175,-16.29630625871696],[-48.195586653044444,-16.284554140595656],[-48.19029238161183,-16.25761735403695],[-48.184998110179215,-16.24650520232426],[-48.178249369283556,-16.237778381335477],[-48.17685307831158,-16.221488316331495],[-48.17359506484588,-16.21351782032164],[-48.16806807765239,-16.20897987289697],[-48.1608539061333,-16.196762323800733],[-48.15171983362943,-16.189257257636747],[-48.14692008296409,-16.17547615339563],[-48.14040581493401,-16.170777381322207],[-48.14438930512822,-16.16232047136418],[-48.143516622372424,-16.14864845190909],[-48.14758913920455,-16.138816233609553],[-48.149974469914454,-16.120838982751287],[-48.14799639043861,-16.1189190830614],[-48.15096350875407,-16.105130706093266],[-48.14753095981518,-16.09558938239447],[-48.135429768995856,-16.08686256110569],[-48.13368440438256,-16.083546368844488],[-48.11500900814075,-16.07324872113551],[-48.10122063119919,-16.069059846798016],[-48.09290106206175,-16.06108934994775],[-48.08650280156915,-16.051761875066028],[-48.27939470618516,-16.051554077113494],[-48.27790482243867,-16.041089170800085],[-48.27333625680497,-16.03503582309439],[-48.269852725778755,-16.01761816868422],[-48.27207990089637,-16.008937894688696],[-48.265886644036435,-16.000450773384518],[-48.26214097113559,-15.986140237982573],[-48.258975614399866,-15.984135512375008],[-48.25765671508625,-15.97601109496957],[-48.26003073331178,-15.966673290914223],[-48.25148426769986,-15.955594541097225],[-48.252750410753485,-15.943566183966023],[-48.25190631598328,-15.935863815408581],[-48.26098033970367,-15.927581130159309],[-48.26514805998961,-15.931168534911524],[-48.27606854292874,-15.930799243322308],[-48.26926302491386,-15.91307324309657],[-48.27448586411172,-15.908958277714417],[-48.275699250905326,-15.901519688973567],[-48.27337798893981,-15.897985040196643],[-48.27401106136493,-15.890018890730998],[-48.2717953110211,-15.88289683740256],[-48.27543547140194,-15.879942503808568],[-48.28039453109639,-15.866595247756102],[-48.27918114430277,-15.86300784318649],[-48.285511857774225,-15.843751920135581],[-48.28144925385126,-15.829308691983567]]]},"properties":{"nome":"Santo Antônio do Descoberto"}},
{"type":"Feature","geometry":{"type":"Polygon","coordinates":[[[-48.90695945430043,-15.989028568635382],[-48.91312280444792,-16.003433254650577],[-48.912866712726725,-16.019157223638494],[-48.898208505180385,-16.032362606791494],[-48.902948391216874,-16.046410944813434],[-48.90363367642126,-16.05897449924033],[-48.90740274235042,-16.071823587730858],[-48.91406567796676,-16.08702193633414],[-48.939811977914566,-16.134474857183026],[-48.93388732361279,-16.148568017668225],[-48.923721306036384,-16.15808423388173],[-48.92187659583752,-16.162912639323036],[-48.92961280441935,-16.170181779780105],[-48.928718269245934,-16.176996591309024],[-48.93347099669941,-16.19228659717275],[-48.94794914862515,-16.20343004569848],[-48.948978080748205,-16.209335013138922],[-48.95466348674036,-16.216334751666384],[-48.960219218226314,-16.219736677585356],[-48.95511099956713,-16.231495932784654],[-48.946973765076166,-16.235734326833207],[-48.942250770061975,-16.23557801942996],[-48.92917685380859,-16.22284950908406],[-48.91514174109952,-16.23205394831737],[-48.90529612294057,-16.237096826060686],[-48.8907278089064,-16.23869774000875],[-48.8735980332812,-16.238537648682712],[-48.85838935429843,-16.235495912885263],[-48.85222583616598,-16.230372989102193],[-48.84045912136459,-16.22973262438745],[-48.82685135520248,-16.235495912885263],[-48.82495575364613,-16.238424437235942],[-48.827295800282556,-16.25584466320231],[-48.816383915119026,-16.257082736277518],[-48.80549465043265,-16.26931437091408],[-48.80052178363228,-16.27015719868544],[-48.79266532926146,-16.266120577797803],[-48.78744518411114,-16.268458173155228],[-48.778644187151684,-16.276660743651348],[-48.77335784514809,-16.27755998560269],[-48.7706381066922,-16.288974987771187],[-48.76628253071404,-16.29178868135552],[-48.761085789371826,-16.286934579635],[-48.74943594808385,-16.286877472662443],[-48.74303995673564,-16.284022120077992],[-48.73230382875408,-16.286249295729032],[-48.7244801610945,-16.284478976870677],[-48.71585699462868,-16.279282234247905],[-48.713858247613096,-16.2825944437184],[-48.702322620825285,-16.290418110588075],[-48.68975906712922,-16.291674466772324],[-48.675539408121445,-16.285621117645725],[-48.66137685681291,-16.29104628882435],[-48.65172576343883,-16.291674466772324],[-48.64801380431061,-16.2876769722139],[-48.63002507937366,-16.282366014984945],[-48.62494254983667,-16.292131322981344],[-48.618489451687545,-16.309149228396052],[-48.611293962431425,-16.31286118723607],[-48.605925897991476,-16.312175901749033],[-48.597245624724735,-16.31920007073501],[-48.595361092209316,-16.322969137174177],[-48.58788006625361,-16.32730927428504],[-48.58456785742682,-16.33296287268799],[-48.57440280014946,-16.328222986614875],[-48.558184394126094,-16.332677338391125],[-48.55886967843215,-16.335247156188107],[-48.551617080578474,-16.346611461262256],[-48.54407894872016,-16.34170025396988],[-48.53534156775418,-16.34318503818031],[-48.52254958595609,-16.34204289615519],[-48.51906605492989,-16.33273444493903],[-48.50353293411089,-16.329365128351956],[-48.50079147259481,-16.322768056736535],[-48.49616612265537,-16.319542712690065],[-48.49513819574711,-16.311776153216645],[-48.490226989307835,-16.301154238656153],[-48.48445917456646,-16.29761360065827],[-48.468697625645454,-16.294244284834157],[-48.46070263668478,-16.291274716931643],[-48.44037252213006,-16.2883051497475],[-48.43094985685801,-16.285678224984128],[-48.413417989023436,-16.290874968000338],[-48.40861898575641,-16.291138776018943],[-48.40997955701775,-16.28128493903154],[-48.41546307383633,-16.274482080199448],[-48.419792165683276,-16.255186698675978],[-48.42585289408935,-16.244673191092573],[-48.42894510280813,-16.23387107564823],[-48.43537689561365,-16.22999550797448],[-48.44042234988224,-16.21776324660848],[-48.44016724181628,-16.212521953818367],[-48.44468959721346,-16.20681682860653],[-48.45431409596354,-16.205981932942144],[-48.46706945614245,-16.202920645618295],[-48.4734471362319,-16.205031078930077],[-48.49165251325579,-16.19814318419247],[-48.498122958771376,-16.198491057986413],[-48.50415276536873,-16.195777645101355],[-48.513267049783536,-16.197517012405196],[-48.516931317353325,-16.195777645101355],[-48.517743020671006,-16.188124429159252],[-48.52481644774465,-16.18255845425546],[-48.530567956266985,-16.180819087106542],[-48.53553094968406,-16.173096295993354],[-48.539589474357335,-16.172980337878464],[-48.54789205365781,-16.16769266163869],[-48.559418260711546,-16.170568415573022],[-48.57873683273048,-16.16219626103553],[-48.579223856158386,-16.15714050138861],[-48.59851923637162,-16.1463796151301],[-48.61275885594502,-16.143271945872712],[-48.62363569872764,-16.15022941467432],[-48.62878938022503,-16.147961795416812],[-48.644456569210284,-16.1451581934288],[-48.66630817563307,-16.154640964998507],[-48.67809979712403,-16.14618892876641],[-48.683624543020876,-16.146559994210218],[-48.689355436105764,-16.138932547429665],[-48.69306608638862,-16.137819350989755],[-48.70217779443518,-16.123801340089596],[-48.71277376097791,-16.120750361226573],[-48.712155319413824,-16.117616922669242],[-48.71838096592965,-16.110855293767653],[-48.71974153719099,-16.09893998425447],[-48.72761636210936,-16.092755566878527],[-48.73202791211287,-16.092590649011544],[-48.74353092825923,-16.080139357327198],[-48.75078730981689,-16.076923460062854],[-48.75923934722108,-16.070574124776964],[-48.76645449970046,-16.05795791473981],[-48.77738030336101,-16.04517678698989],[-48.77874087372403,-16.039610811608235],[-48.7848428321067,-16.038209010316557],[-48.785420044592506,-16.027269463820623],[-48.78959796165525,-16.02353132760397],[-48.79212670121373,-16.015450356361065],[-48.79633078709901,-16.01598198482361],[-48.85911498104559,-16.00044955496608],[-48.90695945430043,-15.989028568635382]]]},"properties":{"nome":"Abadiânia"}},
{"type":"Feature","geometry":{"type":"Polygon","coordinates":[[[-48.28144925385126,-15.829308691983567],[-48.280447287356395,-15.823335365597705],[-48.26504254836792,-15.808510942758765],[-48.25596852464753,-15.801547157372186],[-48.24035276241566,-15.797537705374083],[-48.23750394144335,-15.785034543934456],[-48.23201732184378,-15.783768401381115],[-48.23076387917165,-15.777127012732546],[-48.21863391800872,-15.770374250727047],[-48.215257537131286,-15.766872818325359],[-48.20804755715132,-15.74999872878478],[-48.208258580394705,-15.738040713305987],[-48.20685175487939,-15.728685324114124],[-48.207498894921855,-15.717641744157884],[-48.211438005646094,-15.712225466263503],[-48.21834551927664,-15.707948716997372],[-48.231428995401274,-15.70949622459832],[-48.240854724826754,-15.704713018645503],[-48.23923687606804,-15.697608550049406],[-48.24134711389186,-15.692966025617203],[-48.23958858267145,-15.67995289104901],[-48.23452401135531,-15.667994874946277],[-48.235811605279586,-15.648995166397594],[-48.24864112318183,-15.65057286092361],[-48.295793671784004,-15.707837654079352],[-48.303999144100594,-15.703445234072234],[-48.30839031672019,-15.705818354138758],[-48.31247011080444,-15.716932275162684],[-48.319785603304425,-15.719394219365583],[-48.325553587827386,-15.713274529271283],[-48.330407135900145,-15.715666131807357],[-48.33338784662416,-15.721469287315779],[-48.348792585612635,-15.725162204395465],[-48.352010698608375,-15.738351192009711],[-48.35005872866626,-15.753386638890523],[-48.3541209373305,-15.761194520798291],[-48.35306581841859,-15.769740985110285],[-48.35649495465772,-15.77348665783536],[-48.350480776051356,-15.790737854910807],[-48.352010698608375,-15.794589039747338],[-48.3633532289326,-15.801289046393613],[-48.37189969364619,-15.808622124355177],[-48.37823040801595,-15.817801660057281],[-48.377333556985754,-15.821336309091254],[-48.36348717492798,-15.818590895827757],[-48.34454192567315,-15.824405774811458],[-48.33825810605615,-15.822342430812204],[-48.326628349301295,-15.826938059618785],[-48.32280798058627,-15.830816274377838],[-48.31438993722906,-15.82137074907661],[-48.28144925385126,-15.829308691983567]]]},"properties":{"nome":"Águas Lindas de Goiás"}},
{"type":"Feature","geometry":{"type":"Polygon","coordinates":[[[-47.11361122141341,-14.096462249834145],[-47.126451492149585,-14.088117599401622],[-47.124359130799924,-14.081981659025638],[-47.1336383818335,-14.06365966828648],[-47.13441276643933,-14.054321288941528],[-47.14321708716535,-14.047895431565383],[-47.14410972599518,-14.034570694298777],[-47.14821433963242,-14.026777267194186],[-47.147201537658596,-14.020114899305423],[-47.149522780759504,-14.015892029416815],[-47.15695762612308,-14.013631820712401],[-47.15820694013816,-14.00827789315086],[-47.16498947116323,-14.001317978315871],[-47.1715850412181,-13.988149096089812],[-47.17983182166471,-13.984150657226497],[-47.18995287137461,-13.969031558726131],[-47.19651847991982,-13.962716449642118],[-47.185089756244075,-13.955043643676698],[-47.17762816084797,-13.954128767021967],[-47.175077438616164,-13.949983843584572],[-47.175077438616164,-13.940737477608616],[-47.173004977644986,-13.936592555112476],[-47.17428033921005,-13.920650545200834],[-47.17142572230752,-13.9126446661879],[-47.177516708667305,-13.906321893176772],[-47.178240932245984,-13.900718049759503],[-47.18421545023256,-13.89404856008424],[-47.18165974594418,-13.887255769172762],[-47.18362136109751,-13.881931386663377],[-47.190777151106275,-13.882722800842432],[-47.1931267836651,-13.879330845805839],[-47.1877463557119,-13.872605310007438],[-47.19384417465774,-13.865341732093766],[-47.207928329093114,-13.86459080191457],[-47.216540084259876,-13.867090988570016],[-47.216530824425924,-13.871952463089354],[-47.223846185771876,-13.873434055263944],[-47.22764276619988,-13.878897426761322],[-47.237273114779086,-13.876582438720359],[-47.24412547903771,-13.879638223216347],[-47.250561145378754,-13.897880327083572],[-47.24043693180242,-13.90522655542017],[-47.24574596974168,-13.927573903770146],[-47.2415481262493,-13.939056243181952],[-47.24204199034811,-13.942636757951465],[-47.24920301933161,-13.947698864771164],[-47.25204273677686,-13.957205748038701],[-47.25833950381203,-13.964737175058422],[-47.26391688559464,-13.976827229736802],[-47.47527506224758,-13.962025076178758],[-47.503264061099415,-13.958156458745885],[-47.51072718273319,-13.964711904331264],[-47.51829115912223,-13.976612559169244],[-47.532612284637985,-13.993253305427672],[-47.54274177581661,-14.003482818965365],[-47.55262756304181,-14.021507262797984],[-47.552127838334094,-14.028646468800469],[-47.560586929309885,-14.036069870178334],[-47.56765365584982,-14.03407096856954],[-47.57204437302357,-14.041923522847423],[-47.58046722416418,-14.03842544581825],[-47.58990478530027,-14.051309585814717],[-47.59042930620478,-14.05606841978286],[-47.60185051008328,-14.05525970461059],[-47.60165977529057,-14.051595687829606],[-47.60894012479833,-14.047075272362104],[-47.61664962826338,-14.048740386579633],[-47.625549315936595,-14.05783081139035],[-47.632831572567696,-14.057210922262632],[-47.64372825644,-14.06177902167351],[-47.65638732889853,-14.064634323188749],[-47.66271591156614,-14.071012496608576],[-47.66685676593688,-14.072202681774467],[-47.67261505134972,-14.066680908160432],[-47.68313217186165,-14.066396713286858],[-47.692554474214326,-14.070013046312084],[-47.696552277265965,-14.067300796894985],[-47.70533370981685,-14.078413010021576],[-47.718585967705266,-14.089054107610524],[-47.72321128800031,-14.088083266842732],[-47.72823715180919,-14.096248627038072],[-47.73726081777138,-14.098247528008534],[-47.7564487460019,-14.094249725109902],[-47.76375770595314,-14.096649169943367],[-47.797508240322514,-14.1334247591353],[-47.798593521068405,-14.137594223305474],[-47.80504608202499,-14.14404678338682],[-47.821950912316524,-14.144788742255292],[-47.83234405543777,-14.155582427726337],[-47.840503693013616,-14.159236907683118],[-47.846391678085496,-14.164770125590785],[-47.848213195580364,-14.169837952396188],[-47.85420799303448,-14.17066001906461],[-47.86327362110022,-14.17587089502989],[-47.87705230701649,-14.175441742000585],[-47.886438370432295,-14.177940369131791],[-47.8935413359091,-14.175085067996275],[-47.89289855988227,-14.170766829967121],[-47.89735603266143,-14.164485931100481],[-47.93165588413209,-14.176536560300704],[-47.90174102756683,-14.235960007387312],[-47.84705162001908,-14.333292006767063],[-47.84505271939158,-14.337053298713258],[-47.83353614766758,-14.3347682948049],[-47.83700942981471,-14.342525481887817],[-47.8290157317331,-14.345428467160366],[-47.82773017878114,-14.350805282812598],[-47.82092475868264,-14.354612350255579],[-47.80945587222887,-14.355802535842045],[-47.81212043795662,-14.360895157181098],[-47.81016921990441,-14.367414473755417],[-47.81140708938277,-14.37464714135728],[-47.80826568622409,-14.380691527791596],[-47.797510147445855,-14.38459396356583],[-47.797367096126756,-14.390798569301893],[-47.78951644936426,-14.388544082594786],[-47.78903961193335,-14.39806175228267],[-47.78133010936659,-14.39758682301874],[-47.77923583999526,-14.414623259981251],[-47.77057456969005,-14.40634155268206],[-47.768575668164225,-14.418144226149504],[-47.762104034177526,-14.409673691103206],[-47.75106430078275,-14.410530090136907],[-47.74487686231091,-14.40634155268206],[-47.74221229568483,-14.411291121569388],[-47.733169555794206,-14.412147522221362],[-47.73259925764114,-14.41614532536484],[-47.725746154967354,-14.423475265585763],[-47.72298622139407,-14.430707932197022],[-47.72374725344153,-14.447078705015455],[-47.71689414986943,-14.445936203354263],[-47.71499061618912,-14.450599670291343],[-47.707376479671254,-14.455930710029916],[-47.70542526161902,-14.462284088201617],[-47.682653427307386,-14.465066910431268],[-47.67601585382647,-14.459070206074026],[-47.659709930334856,-14.45493888901766],[-47.65637779238347,-14.452201843131888],[-47.64549255394622,-14.436319351297893],[-47.638473510879884,-14.434059142916135],[-47.62788391069756,-14.433523178120081],[-47.61574935914353,-14.426979065347664],[-47.60944366465105,-14.431262970056528],[-47.59665489163516,-14.427574157934997],[-47.59118080083887,-14.429121017128935],[-47.59118080083887,-14.43572425772621],[-47.58309173581005,-14.437032699756704],[-47.58130645815039,-14.447858810380085],[-47.57279968280267,-14.447443007901297],[-47.574882506738966,-14.456604004100573],[-47.57190704307452,-14.45910263105781],[-47.56459045373157,-14.457080841284002],[-47.565721511726025,-14.452142715018296],[-47.55328750587371,-14.454582214212259],[-47.5484104156523,-14.449823380348004],[-47.5537052152943,-14.446729659764676],[-47.54980659523319,-14.424825668176734],[-47.542497635281954,-14.42459869388818],[-47.521711349039435,-14.428138733402262],[-47.51697158786877,-14.43162155181727],[-47.507377624651824,-14.4293956764158],[-47.499439240333835,-14.424541473303893],[-47.4887027736874,-14.423854827755957],[-47.48116493198493,-14.41637420666814],[-47.474824904780604,-14.397758483728046],[-47.46850967377308,-14.384897231727388],[-47.46591758681738,-14.373659133817544],[-47.46608734055831,-14.36389350906635],[-47.45723724438037,-14.35315704301914],[-47.45403862033473,-14.347217559969646],[-47.44118881218517,-14.340192794658856],[-47.435022353866785,-14.342592238651461],[-47.42954063367878,-14.335168839376712],[-47.424343109005626,-14.322662353945807],[-47.41590499908161,-14.325462341146245],[-47.396572113306945,-14.321298599369596],[-47.394668578728314,-14.315944672348982],[-47.38901710479939,-14.313920975350351],[-47.39002799964987,-14.295660018656754],[-47.39175415019754,-14.284357071394751],[-47.398178100710645,-14.268890381374845],[-47.39490699789294,-14.265855788906649],[-47.394132614185416,-14.258241653209277],[-47.40192604095927,-14.249200820882496],[-47.408945084025596,-14.237123489155865],[-47.40858840884035,-14.230581284261396],[-47.40359115637328,-14.223739624362285],[-47.421258925835616,-14.21178245471944],[-47.43327522316565,-14.209224701235044],[-47.43517875684596,-14.203275680827916],[-47.43940353362717,-14.202087402191866],[-47.449516296378576,-14.184003829606914],[-47.44624328643752,-14.179304123128938],[-47.449455261244914,-14.166990280239173],[-47.45362091091413,-14.163042068409204],[-47.454328537219624,-14.145893096797586],[-47.444749831887776,-14.148399352987461],[-47.44576454188327,-14.155700684189467],[-47.44186401380048,-14.160535811737367],[-47.42517661982516,-14.163421631401656],[-47.41254234266509,-14.167320250997237],[-47.40358543410492,-14.162611007993478],[-47.40453720094508,-14.154045104653678],[-47.401859282658926,-14.147144318089069],[-47.38859367400876,-14.141433716416216],[-47.38698768570674,-14.137151717903073],[-47.36983299261219,-14.1314888001591],[-47.361932755252745,-14.132392882807977],[-47.357460021893544,-14.137865066884906],[-47.34746551516277,-14.138246536094504],[-47.338947296176656,-14.14738273605486],[-47.33233261087085,-14.148859024335417],[-47.33142852840261,-14.155426024934009],[-47.32676315312735,-14.161802291825563],[-47.30691909810825,-14.156091690060116],[-47.29692649760251,-14.159471511814752],[-47.29159545902363,-14.15642547611044],[-47.28674125697735,-14.159803390586276],[-47.27117919872811,-14.147144318089069],[-47.26470756474142,-14.144861221286007],[-47.25071716298066,-14.146907805777433],[-47.247051238917486,-14.142053604065678],[-47.22920608542421,-14.143337249983599],[-47.220022202236144,-14.142337798741199],[-47.20331764235405,-14.150047302238367],[-47.19227600093761,-14.136152267353998],[-47.183948516744195,-14.142433167276865],[-47.17709541317209,-14.142005919723253],[-47.16995811498345,-14.144813538403463],[-47.168481827238786,-14.139959334664445],[-47.16024970999257,-14.135152816769637],[-47.15948867794511,-14.130821228394932],[-47.15353965773956,-14.128395081294192],[-47.15187454232555,-14.120256423992103],[-47.14240264937593,-14.115165709597605],[-47.132980347023256,-14.1169738772226],[-47.1326484680348,-14.10878753698044],[-47.12146377619757,-14.105075836262706],[-47.11361122141341,-14.096462249834145]]]},"properties":{"nome":"Alto Paraíso de Goiás"}},
{"type":"Feature","geometry":{"type":"Polygon","coordinates":[[[-46.73116874708462,-14.390279769990824],[-46.736915587960745,-14.377431870123997],[-46.74987220759421,-14.379571915120154],[-46.750513077396,-14.385498047322336],[-46.7577953340271,-14.383033751863294],[-46.76336288464724,-14.387174606073591],[-46.770751952762254,-14.385782242343257],[-46.78220748935259,-14.390851974328328],[-46.78634834282502,-14.385389328197622],[-46.79216575624818,-14.384176254013067],[-46.79616355929982,-14.377252578832023],[-46.813261032405705,-14.37703895608811],[-46.81133270342693,-14.357408524312463],[-46.81686592133523,-14.34666442889578],[-46.82635879533662,-14.341417312702806],[-46.83542442340237,-14.351018906237961],[-46.838459015077134,-14.34723472573645],[-46.852806091124805,-14.339883804425643],[-46.8529853822791,-14.33403015069544],[-46.86472892773268,-14.340703964255619],[-46.87225914004345,-14.33838462812053],[-46.87604141210559,-14.325071335190952],[-46.88742828417057,-14.320787429932919],[-46.89585113531117,-14.329139708567748],[-46.90081214884137,-14.330459595292675],[-46.89707565312946,-14.330261229775267],[-46.89729118322064,-14.339683533395347],[-46.889104843222974,-14.350534438782562],[-46.88777351392077,-14.357721329077464],[-46.87896919319476,-14.361194611009044],[-46.877397536706276,-14.368951797332738],[-46.881872177188825,-14.369808196776269],[-46.87673187340265,-14.384822845038283],[-46.88137245158279,-14.393388747967556],[-46.87701797514254,-14.395494461279588],[-46.87116432188419,-14.403310776109397],[-46.88094329762548,-14.404417037639643],[-46.88722610484115,-14.407915115292585],[-46.88594055188918,-14.415767670222037],[-46.88647651733041,-14.426759719573884],[-46.889724731074686,-14.429187774988145],[-46.88686943055421,-14.437967299977158],[-46.86837959301245,-14.43679046594995],[-46.867666245336906,-14.442108153593702],[-46.861349106307706,-14.445892333603652],[-46.85981368965442,-14.45863342257064],[-46.86241912827018,-14.462451935204564],[-46.86334800693521,-14.471376419169966],[-46.86102676383431,-14.478443145952719],[-46.851640701316825,-14.488292693605459],[-46.85735130325607,-14.490756989301316],[-46.85952758791453,-14.495718001639148],[-46.86627388000272,-14.496610640775195],[-46.87248420664967,-14.502605438204641],[-46.869594574315684,-14.515348433733847],[-46.86009979229262,-14.519523620774075],[-46.846643447951436,-14.530517578025066],[-46.85331726126756,-14.533979415589892],[-46.84874916096117,-14.5391178130771],[-46.850070952850004,-14.54379463215247],[-46.840862274363474,-14.54547119112008],[-46.840433121304464,-14.550397872869503],[-46.83204650910074,-14.557678223319739],[-46.82654953012932,-14.554822922110644],[-46.808845519933485,-14.565673828401824],[-46.80081558201668,-14.563388824427337],[-46.79524803229485,-14.56870651234704],[-46.79142761237585,-14.564424514624953],[-46.77775764506684,-14.58087921070427],[-46.77429580655811,-14.582448958664132],[-46.7707271583621,-14.574132918690996],[-46.762338638136704,-14.572954178047965],[-46.76137542675983,-14.580556870033444],[-46.75470161434202,-14.58034324558356],[-46.75038337683864,-14.583375931087039],[-46.745672226111466,-14.591657638650755],[-46.75009727509875,-14.59297752368356],[-46.74602890039839,-14.600151062240641],[-46.732786179025034,-14.607219696078008],[-46.72946739183541,-14.60086631759583],[-46.71761703489792,-14.597654342620734],[-46.71030044555497,-14.599187851080597],[-46.70498275773785,-14.61025237974641],[-46.699199677026535,-14.61085891719637],[-46.70351982075495,-14.619068146050214],[-46.70241355895728,-14.624565124650456],[-46.69409561217724,-14.630989074579706],[-46.693382262705065,-14.635629653848396],[-46.68835067662783,-14.640554428065329],[-46.68128395098621,-14.65279769938461],[-46.684139252405,-14.658508300941518],[-46.684316634639316,-14.674070358130997],[-46.68856430139229,-14.680707931681338],[-46.68445968595842,-14.694450378161788],[-46.67749977090241,-14.710012436281094],[-46.66939735421354,-14.719791411704888],[-46.67418098371278,-14.727394104073179],[-46.66747093235811,-14.738243102866718],[-46.669647217016546,-14.749916076985361],[-46.66818428003365,-14.760730742611106],[-46.66075515693843,-14.770040511686798],[-46.661260604812824,-14.773817061906446],[-46.65233802806618,-14.776374817291298],[-46.64133262558662,-14.777357100754163],[-46.63556289743369,-14.771705626999161],[-46.63092231835523,-14.779140472311566],[-46.63252830486061,-14.78770828164426],[-46.62806701693644,-14.798831939894733],[-46.6263427726138,-14.807456969780954],[-46.62140464815705,-14.80573272669151],[-46.61771774304208,-14.810194016324724],[-46.61920356820012,-14.81548690785794],[-46.60970687905371,-14.824110031254826],[-46.603424071838056,-14.822952271258988],[-46.59136962934611,-14.813179016159763],[-46.56550788869777,-14.81662559501654],[-46.56088447642439,-14.811090468872996],[-46.56189155612986,-14.800588608099655],[-46.56800651582962,-14.787281035853567],[-46.54599571176882,-14.77397346502709],[-46.545204163052844,-14.766420364329942],[-46.53815460241968,-14.751529694014389],[-46.52822685219262,-14.746133803754567],[-46.512905121129656,-14.739875793005503],[-46.510459899739764,-14.718153000106705],[-46.502260208082035,-14.697938919251367],[-46.497209717857956,-14.675263303196099],[-46.499260410853175,-14.663177670133704],[-46.488160392417996,-14.646236118203241],[-46.48161820474887,-14.639994112327201],[-46.47345016792513,-14.635807901666762],[-46.46636243338397,-14.629423481931614],[-46.45637405406175,-14.624523237379208],[-46.45115755157991,-14.623808648340617],[-46.44243956164765,-14.634598947181662],[-46.43486491506967,-14.635456454010951],[-46.43000570761061,-14.63345560358577],[-46.42371732185704,-14.634884781715176],[-46.41792914859638,-14.632812472694004],[-46.4167143469562,-14.624451777797706],[-46.41278410529876,-14.62280822273521],[-46.412355351990065,-14.614876280851801],[-46.403623069861645,-14.604836301597002],[-46.39133213419305,-14.598190621144722],[-46.379827245957635,-14.586185519994135],[-46.368136564561894,-14.581183394725075],[-46.36971818875678,-14.57601850198235],[-46.38026235215202,-14.567633987754736],[-46.37873789404688,-14.55670871139598],[-46.387503523435285,-14.540066720141054],[-46.38470868492333,-14.533968891204747],[-46.3768323229875,-14.525584376175244],[-46.376451209134956,-14.519338336626982],[-46.3826760759131,-14.51362162240416],[-46.38470868492333,-14.507650831290512],[-46.38356534156906,-14.499520392780054],[-46.37886493289604,-14.495963325646374],[-46.379373084699445,-14.486816583230695],[-46.384327571070784,-14.481862096805893],[-46.39820973482295,-14.47655148992947],[-46.40366727775341,-14.48271851363954],[-46.41238843155209,-14.488176057790568],[-46.42062932264369,-14.482172760362229],[-46.42652347015842,-14.492705819411132],[-46.42996172160273,-14.492323790851673],[-46.43394572922655,-14.483427994893592],[-46.44240492081366,-14.484846955812174],[-46.44535199412187,-14.481736157121563],[-46.452796083149714,-14.481081250649405],[-46.45754414565192,-14.477260970899435],[-46.4631108401776,-14.472130879833038],[-46.47708215094193,-14.470275316187639],[-46.47784620671863,-14.47644234034856],[-46.485104739741395,-14.480371770587661],[-46.490616858918614,-14.476333188974374],[-46.497537024421625,-14.479007385230666],[-46.5027027128011,-14.487941742277762],[-46.507699966166484,-14.484552383127744],[-46.510078430154365,-14.475866318374168],[-46.516799926944074,-14.475807189601264],[-46.52298736631423,-14.480506896775289],[-46.52982902534961,-14.478841781741496],[-46.54226112407858,-14.486396790193014],[-46.551958083634425,-14.481994629294082],[-46.55796623185028,-14.474380493123514],[-46.56415176409709,-14.47271346986044],[-46.5689697272065,-14.464206695607356],[-46.57325363199803,-14.464742661257093],[-46.569982529180315,-14.476938247754244],[-46.57099342313248,-14.483898163386906],[-46.57497787542236,-14.484670638605781],[-46.57991599987911,-14.477890015049445],[-46.588422775226825,-14.48163795532564],[-46.59675025942025,-14.4797935486999],[-46.59936904879776,-14.48758506830589],[-46.606922150181965,-14.48847770714209],[-46.614240645749945,-14.48651504468759],[-46.61483383207814,-14.492998122576562],[-46.623579024793834,-14.498590468838618],[-46.62857627905753,-14.50567054674333],[-46.64564895596664,-14.51429557795838],[-46.65040779106573,-14.501981735390965],[-46.66806983915803,-14.4980316159298],[-46.6749801636171,-14.490322112869055],[-46.68492317172926,-14.497802734349527],[-46.6925983433808,-14.494291306258372],[-46.692180633960206,-14.484863281230737],[-46.6971778873256,-14.483018875329025],[-46.69777297987882,-14.469902039399338],[-46.7080650328862,-14.469783783009442],[-46.71903991690063,-14.466184615675905],[-46.719158172921254,-14.457023621223959],[-46.7104148864306,-14.447238922224347],[-46.71549987824979,-14.439462662257045],[-46.717248916972586,-14.426185608121108],[-46.72270965610881,-14.418832778979016],[-46.72952651984573,-14.415193558287003],[-46.73159790014361,-14.407590866371292],[-46.720460891779986,-14.403842926063566],[-46.71539306586755,-14.39991760304937],[-46.71856880173807,-14.39488410916752],[-46.727100372384264,-14.398525237866837],[-46.73116874708462,-14.390279769990824]]]},"properties":{"nome":"Alvorada do Norte"}},
{"type":"Feature","geometry":{"type":"Polygon","coordinates":[[[-48.7573080852429,-14.862700140916418],[-48.761650821600696,-14.85002956714776],[-48.74601696909565,-14.8443584642],[-48.74555714934947,-14.840526636784189],[-48.75102388923181,-14.836643718931741],[-48.741520958590804,-14.828520246185835],[-48.7430536892814,-14.819017315743903],[-48.73952840905236,-14.81191566281862],[-48.72588710518743,-14.812222208853631],[-48.726091469219625,-14.8045585564251],[-48.71352307719744,-14.803434552961455],[-48.71505580788803,-14.798325450642432],[-48.72215746002789,-14.799755999092636],[-48.7211867306504,-14.79306307488599],[-48.72752201834328,-14.781669777026906],[-48.717405994707384,-14.76491192132751],[-48.712450166253014,-14.764145554701454],[-48.722004186779166,-14.754591533763117],[-48.714085077612225,-14.7435047819337],[-48.719398545144145,-14.736505311105072],[-48.71382962279657,-14.731140754064208],[-48.712756711852144,-14.726593651570443],[-48.72333255433588,-14.721842186742665],[-48.73160929988541,-14.707536699590909],[-48.729361294633,-14.70237650742057],[-48.73007656919482,-14.693384487010537],[-48.724814194243,-14.685465377807219],[-48.726806742883134,-14.676013538006872],[-48.73574767310935,-14.679078999579245],[-48.739426226587106,-14.674991718365073],[-48.739426226587106,-14.668298793612543],[-48.746630061192214,-14.661299323291566],[-48.75526444402267,-14.659766592860104],[-48.76134427600157,-14.650314753170885],[-48.76170191328248,-14.645052378156537],[-48.77237993733316,-14.643570738338804],[-48.77462794168727,-14.649292932672742],[-48.779992500002656,-14.653380214761018],[-48.77549649039614,-14.661146049688242],[-48.78249596007073,-14.66737915457995],[-48.79664817356698,-14.660941686165387],[-48.801604002919674,-14.660992776846713],[-48.80742838008292,-14.666306244299784],[-48.816778036576885,-14.664824603939747],[-48.8202011361373,-14.672948076931133],[-48.8186684054467,-14.676984267677232],[-48.826587513715324,-14.685720832880028],[-48.83414898560135,-14.682399916246125],[-48.83925808820277,-14.683932647185062],[-48.84349864299363,-14.690216842829598],[-48.848403380664536,-14.68638501641029],[-48.85749758413947,-14.690114661200111],[-48.860818500336315,-14.688581930156134],[-48.870219249410376,-14.694815035351281],[-48.879619996687815,-14.692924667277365],[-48.881868001940234,-14.679998638102855],[-48.89683767336188,-14.677903906317939],[-48.901333682968406,-14.67315244141205],[-48.907209150915115,-14.671772982893353],[-48.91804044821451,-14.675655900588852],[-48.926317193764056,-14.68061173120028],[-48.93995849673066,-14.677597359664956],[-48.950891975597,-14.681020458687401],[-48.94527151959652,-14.684178316791185],[-48.947059706001085,-14.697359800944854],[-48.941439692870034,-14.702622177144205],[-48.93484895125981,-14.704001633888796],[-48.92447747280826,-14.71105219502002],[-48.920645646980105,-14.711001103872116],[-48.921922921956714,-14.721168217729241],[-48.91655836543796,-14.725970773603564],[-48.91533218034649,-14.731744060038364],[-48.908894711086674,-14.737415164352457],[-48.89903414406307,-14.738232620419646],[-48.89065521604829,-14.745385363253654],[-48.89165327936324,-14.750773357260345],[-48.89837458660843,-14.762944374343828],[-48.89292487788558,-14.77084645311057],[-48.89392399133109,-14.781291728291697],[-48.89746630182129,-14.787013922990866],[-48.90010032932097,-14.797459199419222],[-48.90346098339272,-14.80299973702942],[-48.90446009593993,-14.812627555883521],[-48.912387712152615,-14.83519907642759],[-48.92095210184938,-14.840412183053378],[-48.9270544860335,-14.838977277413644],[-48.93404828015213,-14.846425213281655],[-48.94594681104337,-14.85396397762695],[-48.947763380617644,-14.863955110708885],[-48.95425144389258,-14.865109832794525],[-48.99789645039933,-14.924943805739396],[-49.00286930911486,-14.92719181079629],[-49.01594861076837,-14.940066749093038],[-49.018537223040546,-14.947287614216968],[-49.02412317475096,-14.953895386103639],[-49.03085205209906,-14.955588328322246],[-49.03146514419563,-14.968599508836075],[-49.038822252049464,-14.96982569292393],[-49.04297765463623,-14.975752252247833],[-49.04274679928631,-14.990678399866846],[-49.05102391314512,-15.004308935584008],[-49.03196743628843,-15.007957962119587],[-49.02602072115991,-15.020944168840597],[-49.01190255560956,-15.029701351862167],[-48.9967964498592,-15.043300869580444],[-48.99727959436172,-15.04902786204027],[-49.00469164407664,-15.073669872623565],[-49.00841363918322,-15.076974572897848],[-49.025632871739354,-15.077070770206548],[-49.031933763838325,-15.088951078202234],[-49.038282755330854,-15.089576357665784],[-49.039821905382475,-15.096117742187172],[-49.044776041410856,-15.100590894802647],[-49.04674807612315,-15.11184592428348],[-49.05516529931851,-15.11473182872611],[-49.060408026318434,-15.124255314642863],[-49.0716630553441,-15.125986858172315],[-49.08324531188167,-15.152106378241037],[-49.074523466380214,-15.148515029907438],[-49.067682802678156,-15.143555548817506],[-49.05964502336724,-15.147916472285068],[-49.053060884374354,-15.146206306250082],[-49.03896626726087,-15.130216254731485],[-49.0287052717078,-15.131242353881516],[-49.021978620384985,-15.129874222311658],[-49.016278067000506,-15.123261580400074],[-49.00647311557446,-15.115280805673972],[-49.00221125723664,-15.133155408779688],[-48.99722475131531,-15.142605642001019],[-48.98878793316866,-15.150244383403654],[-48.982289303011044,-15.149104273205223],[-48.97328242925644,-15.15332268173072],[-48.971002207723,-15.159023235373079],[-48.964894171339125,-15.161902014189568],[-48.95372108663367,-15.159393771114239],[-48.948248557109345,-15.160647891602126],[-48.941863936636004,-15.158253659934095],[-48.93173120523415,-15.160448372753761],[-48.92223978380857,-15.159165748329453],[-48.916852761322865,-15.163783196261672],[-48.90871750312553,-15.166808802622274],[-48.897498618713634,-15.151694473141216],[-48.88968175758896,-15.14865602471421],[-48.884539768563315,-15.14307255337956],[-48.88326725735266,-15.13172382059703],[-48.88456573885817,-15.123906959379534],[-48.87711245198014,-15.113830738999342],[-48.86937349994343,-15.111129896845988],[-48.86719204997209,-15.106663118714575],[-48.86761189289149,-15.097980602781425],[-48.86501492898211,-15.094621862820691],[-48.855007960821716,-15.094448731644714],[-48.85175310044266,-15.08797363485295],[-48.85535422273619,-15.076408489922178],[-48.85507721374359,-15.064323951183841],[-48.85157996903626,-15.058576004196329],[-48.84572814384951,-15.055494273972826],[-48.83624056900998,-15.042232444747833],[-48.83101201473029,-15.040224126300375],[-48.82959234061147,-15.033437393884236],[-48.83281257632621,-15.030078653960677],[-48.830215613315154,-15.022945659330647],[-48.81619200802487,-15.01335420619022],[-48.807119947123375,-15.004974669374732],[-48.803873072767196,-14.998298965882737],[-48.80735524464237,-14.986199972645178],[-48.80517110421677,-14.976773678845932],[-48.80739356407745,-14.971294166988983],[-48.80605242427403,-14.954050946274153],[-48.802412189333026,-14.9451227899591],[-48.79336907843819,-14.936769407642062],[-48.79858036170823,-14.929948755973118],[-48.79467189880654,-14.919871051718633],[-48.786816653568096,-14.915617723977844],[-48.7840194201476,-14.910214848338226],[-48.77317535060149,-14.907724161073206],[-48.76907529591432,-14.90197642134143],[-48.7661247892451,-14.891745442692672],[-48.759610683810074,-14.890097757870283],[-48.7640172849947,-14.882893923274517],[-48.765324896078454,-14.867748628242685],[-48.7573080852429,-14.862700140916418]]]},"properties":{"nome":"Barro Alto"}},
{"type":"Feature","geometry":{"type":"Polygon","coordinates":[[[-47.733141602019195,-16.166832821100506],[-47.73561519490071,-16.1797992354],[-47.73948517128068,-16.183788900975426],[-47.745310082941515,-16.19974756515211],[-47.75947339691973,-16.21582591801151],[-47.77359681402123,-16.2254809103466],[-47.77922224309513,-16.232143652386586],[-47.786403642276014,-16.231904272393134],[-47.78237407928751,-16.242436990007224],[-47.78712178156528,-16.243873268913333],[-47.78978134637186,-16.25642278461697],[-47.797294098128454,-16.251346600710548],[-47.811202840334936,-16.249925269663187],[-47.826025295847806,-16.236321097755443],[-47.83780204123766,-16.230534248875838],[-47.83902032474789,-16.225965683718854],[-47.844908697891974,-16.21967121702501],[-47.85211687764811,-16.208605136993558],[-47.85262449585223,-16.198046676408932],[-47.859832677404995,-16.184544028281444],[-47.85770067969006,-16.177538895240296],[-47.85820829789417,-16.169315478354946],[-47.86267534042605,-16.15835092225513],[-47.876685605734366,-16.150025980605374],[-47.888056256021926,-16.146878746956972],[-47.89282786875762,-16.147995507891885],[-47.9051122332499,-16.141091898087524],[-47.912624984108184,-16.133274575637873],[-47.920442306068594,-16.13053343740577],[-47.937599806398396,-16.132665433826563],[-47.951305500604576,-16.124645064270002],[-47.96328529399472,-16.104644900945562],[-47.96896847755487,-16.111250310711608],[-47.96318966743441,-16.12305115012856],[-47.97160754011172,-16.1278791795877],[-47.99382357328235,-16.13064306219314],[-48.00043725606829,-16.133491909850026],[-48.002343098418876,-16.138419889215516],[-48.003697179352294,-16.15038093696421],[-48.00905708259788,-16.16064938379329],[-48.017858607766726,-16.169450908977893],[-48.02017182981045,-16.184289379079473],[-48.02372629181149,-16.19337300534966],[-48.02722433422281,-16.196983886851168],[-48.02801025319689,-16.20357943012489],[-48.14040581493401,-16.170777381322207],[-48.14692008296409,-16.17547615339563],[-48.15171983362943,-16.189257257636747],[-48.1608539061333,-16.196762323800733],[-48.16806807765239,-16.20897987289697],[-48.17359506484588,-16.21351782032164],[-48.17685307831158,-16.221488316331495],[-48.178249369283556,-16.237778381335477],[-48.184998110179215,-16.24650520232426],[-48.19029238161183,-16.25761735403695],[-48.195586653044444,-16.284554140595656],[-48.20518615617175,-16.29630625871696],[-48.204948577830244,-16.31433873801989],[-48.21501467040769,-16.317075152184742],[-48.22644896992641,-16.323916185729065],[-48.237199166423636,-16.32381845690922],[-48.2533244611695,-16.316781963949918],[-48.25713589434239,-16.316781963949918],[-48.2661712509797,-16.323916185729065],[-48.27639615312297,-16.31781422774354],[-48.288105315559044,-16.31814406262942],[-48.30628750077726,-16.320246764847692],[-48.319522152584426,-16.319422175967244],[-48.329128614061915,-16.322431925903928],[-48.34388875613848,-16.321277500803443],[-48.357288326055404,-16.314350953746906],[-48.373120433150405,-16.309073585254374],[-48.38486445740603,-16.31988535576941],[-48.39759933240319,-16.32108460440864],[-48.400511791826865,-16.325253420161165],[-48.4022905369378,-16.34297337829238],[-48.39748511790302,-16.362886973769463],[-48.401425505133275,-16.37116749809017],[-48.39965518711802,-16.378134559577198],[-48.40096864892922,-16.384359229617413],[-48.3967427258977,-16.387899868070225],[-48.38086696337484,-16.394581393569457],[-48.37418543622538,-16.40103449199148],[-48.367381075240594,-16.40258755037356],[-48.35860661900621,-16.401551386389627],[-48.357914858745254,-16.408084561035093],[-48.35363283772087,-16.420252527582413],[-48.34838489959399,-16.423743224381518],[-48.34651785817546,-16.4342800534183],[-48.34258235688205,-16.442551020683357],[-48.32766038600199,-16.453151188239463],[-48.30921968630626,-16.45177435813948],[-48.300935379636975,-16.458245390583745],[-48.29879310160191,-16.473125318603955],[-48.285218017048166,-16.485211834223655],[-48.2727826152139,-16.491720718931386],[-48.27942715512985,-16.498898463239282],[-48.269947675907666,-16.508607748871484],[-48.27195847382279,-16.51900645122769],[-48.27264789127747,-16.53405871566057],[-48.26667294569283,-16.539861307075004],[-48.25121852088599,-16.55807339777436],[-48.24926517382655,-16.565427177005763],[-48.240647464626086,-16.577147260739025],[-48.22272262966878,-16.60753904770312],[-48.20721075400627,-16.626670362350314],[-48.20267209418669,-16.63477100777823],[-48.195490669852965,-16.642182237944297],[-48.189688078631995,-16.655625863820315],[-48.194609480949744,-16.668874359297998],[-48.1897184650448,-16.677864466798503],[-48.19457077883235,-16.73394722130821],[-48.19090897534138,-16.738438800786565],[-48.17130552778293,-16.732630372040013],[-48.15471001798643,-16.73760902540023],[-48.15144277702613,-16.731178264719407],[-48.147242038263606,-16.73496411605716],[-48.1447527113899,-16.742120930245562],[-48.14050011198769,-16.739579741740787],[-48.129609307588936,-16.744299091012206],[-48.123282270023616,-16.741550459200393],[-48.11285821497512,-16.748655411783712],[-48.10564954024726,-16.747203305324476],[-48.10020413804788,-16.756175252762578],[-48.10144880058641,-16.758612718213218],[-48.09792225463115,-16.76857002480842],[-48.08801680957258,-16.769244216889923],[-48.088587280202184,-16.775260090067416],[-48.08293443544414,-16.779512689046605],[-48.079926497682166,-16.790455354414462],[-48.080808134844716,-16.79792333360399],[-48.07391062575149,-16.802383377415122],[-48.07489598419338,-16.80855483315693],[-48.08028952485478,-16.811614630026728],[-48.07805950297603,-16.826498728610403],[-48.08205279828157,-16.833707404014604],[-48.07629623044756,-16.84112352221467],[-48.083245600180454,-16.85434806964706],[-48.08391979298771,-16.860467663730706],[-48.08174163174863,-16.873692212309788],[-48.07681484043749,-16.880434138241597],[-48.08521631706423,-16.8845830163047],[-48.08749819958265,-16.890495165696798],[-48.08433468079999,-16.900867359726277],[-48.07842253014866,-16.906727650285266],[-48.07982277640283,-16.91289910484679],[-48.07808402069509,-16.929685107889178],[-48.06654804176769,-16.93248998422574],[-48.05524473638034,-16.929724366303923],[-48.05116369723111,-16.925146241291035],[-48.035186291232165,-16.92159755895615],[-48.0201571917629,-16.927293525199765],[-48.008247834375865,-16.933054900185933],[-48.00536392341191,-16.93880658500868],[-48.006346559958494,-16.943941657686157],[-48.00276430587919,-16.95064158212909],[-47.92780479213603,-17.000456802186722],[-47.91734830790577,-17.0045405459488],[-47.91666623328021,-16.997561049838986],[-47.92217197082565,-16.99249417368451],[-47.92185279760858,-16.98271949330291],[-47.908287934086125,-16.970511114646893],[-47.908447520694665,-16.96448672032907],[-47.90034849873925,-16.953116172418905],[-47.89975004918181,-16.94880733291269],[-47.90637289478365,-16.94058862061759],[-47.901984261701365,-16.938194821888665],[-47.910721630090926,-16.925308201357954],[-47.89986973891364,-16.915254243126938],[-47.89228937366055,-16.91776773207557],[-47.894284206716456,-16.909588916710305],[-47.89057381784334,-16.90360441798997],[-47.89643862727921,-16.89773960979352],[-47.8875815682595,-16.89386963427519],[-47.88622508163775,-16.88106280564814],[-47.89408472412951,-16.88273846618695],[-47.89113237142239,-16.871048744687034],[-47.88806032808511,-16.86809639172741],[-47.893206997333394,-16.861433649684628],[-47.88941681470685,-16.847190543330196],[-47.8863447722679,-16.84188428704296],[-47.893845343767545,-16.840886871394357],[-47.893206997333394,-16.8357402019517],[-47.898792528632264,-16.82811993961811],[-47.8908530941837,-16.82349192834324],[-47.89113237142239,-16.8188240186765],[-47.89859304604531,-16.819342674868814],[-47.90274229876566,-16.812440553294298],[-47.889775884800635,-16.803942564739856],[-47.8799214101513,-16.80274566525575],[-47.878285647189195,-16.79803785937819],[-47.886943221825334,-16.79225284367975],[-47.88650435887644,-16.785071445159584],[-47.878285647189195,-16.784074029057887],[-47.883392418662446,-16.778129427095855],[-47.883392418662446,-16.770628855166255],[-47.879961306129694,-16.76691846563148],[-47.88419035170514,-16.761492519864543],[-47.887860844599864,-16.752356185311566],[-47.88343231643747,-16.747728173406625],[-47.886544254854826,-16.73651721166958],[-47.882395003032805,-16.723151831361463],[-47.87936285657226,-16.722952348346734],[-47.88044006595532,-16.704240814934916],[-47.871862285072595,-16.696859932610945],[-47.871423422123705,-16.6916733672527],[-47.86635654573053,-16.6876438049815],[-47.867952411815914,-16.683654139177165],[-47.86212750015509,-16.672483073829557],[-47.853469924620626,-16.66841361477812],[-47.85486630811908,-16.66538146879425],[-47.84580976741075,-16.658399554358965],[-47.839545991004385,-16.646191176270722],[-47.832165109236556,-16.646909315975403],[-47.81959766224204,-16.63478073219155],[-47.82143290779109,-16.626601916721736],[-47.82107383769729,-16.61511167935793],[-47.81564789300697,-16.615311162062092],[-47.811977400112255,-16.604938031167695],[-47.804516724591,-16.600349914587778],[-47.803958171910274,-16.593727069935888],[-47.809025047405115,-16.591053993792258],[-47.80794783712374,-16.58203734935798],[-47.80200323483277,-16.577050267225733],[-47.803559204939766,-16.57130514805417],[-47.800686645986055,-16.564043955788875],[-47.80539445138712,-16.56057294695606],[-47.80244209867999,-16.55502731118486],[-47.807907941145345,-16.550518989131447],[-47.799968505798475,-16.54736715240929],[-47.80312034199086,-16.538909061234484],[-47.798093363372715,-16.5370738148925],[-47.79446276735472,-16.530490865772425],[-47.796816669606095,-16.523788226846776],[-47.789236714883096,-16.52429192325414],[-47.7794333364071,-16.53266762473322],[-47.775531019778605,-16.539234937811315],[-47.77857672990163,-16.55627187771235],[-47.77534066317663,-16.56740775571364],[-47.77020102683871,-16.56778846898099],[-47.761634968072144,-16.55950794469491],[-47.75554354782608,-16.555795986193708],[-47.746691953258235,-16.555795986193708],[-47.73726928798618,-16.55179849169323],[-47.72775144441316,-16.543137253730745],[-47.71756735093661,-16.520675142094497],[-47.71975645455416,-16.50544659167738],[-47.7202323469574,-16.488409652236133],[-47.718709492345035,-16.47241967399675],[-47.71499753321681,-16.463853613663545],[-47.708620578067794,-16.46014165460084],[-47.69796059218801,-16.4471022090188],[-47.698246127989286,-16.44139150322336],[-47.69405827555951,-16.432920621730922],[-47.68749096380852,-16.425306347388712],[-47.67645026472482,-16.420261889699525],[-47.668074562560214,-16.40998261771273],[-47.66322046202356,-16.397799778333155],[-47.66398189022805,-16.394754067847643],[-47.656462792772295,-16.38999514621464],[-47.650807485732045,-16.38210806925067],[-47.64875333961289,-16.37410034680059],[-47.64894369711316,-16.360109116583505],[-47.652084584638864,-16.343738425037508],[-47.65389297505249,-16.326511127917527],[-47.65027619512356,-16.298243131930434],[-47.64399441827552,-16.288820466214506],[-47.641043885555156,-16.281491726429362],[-47.64694494919926,-16.267976388236516],[-47.660079573599546,-16.255222477256446],[-47.66464813923325,-16.243610708315735],[-47.66502885333549,-16.235044648418143],[-47.65798564828297,-16.219720920336602],[-47.65684350687454,-16.21172593102389],[-47.660420507606055,-16.20369608624627],[-47.656367615369625,-16.18897828393851],[-47.65598690126738,-16.174796696599547],[-47.658430424841384,-16.167263264687676],[-47.733141602019195,-16.166832821100506]]]},"properties":{"nome":"Luziânia"}},
{"type":"Feature","geometry":{"type":"Polygon","coordinates":[[[-46.44404722530766,-15.878147347978324],[-46.438090415810294,-15.884458478129813],[-46.41928907037577,-15.895905567871312],[-46.41126106293851,-15.904614467241988],[-46.40595041881153,-15.914367508807711],[-46.39253197439218,-15.923919309393904],[-46.37592452418893,-15.938011972574449],[-46.37070771897485,-15.944986983908677],[-46.366762845558064,-15.957035265167608],[-46.362593137300394,-15.96184207260305],[-46.356646742870424,-15.962616620897398],[-46.34456266495726,-15.959626671636755],[-46.33048454899723,-15.963149320891292],[-46.32134504078757,-15.970429290363072],[-46.310387448444054,-15.975981522902712],[-46.30356130061868,-15.976983244223874],[-46.29253176669563,-15.971390427686503],[-46.28586635172911,-15.970939229030153],[-46.27933598499082,-15.973531656043534],[-46.265479127678525,-15.985318466061244],[-46.25439142424757,-15.986146623263004],[-46.246974703293176,-15.984107913072865],[-46.2424768278858,-15.986116073399034],[-46.240644838729665,-15.993359201008131],[-46.23253377575618,-15.99951464761747],[-46.21971758885276,-16.004639910222238],[-46.20485104402573,-16.017808047661003],[-46.189878727963894,-16.017876183353465],[-46.1847684800105,-16.022820308971607],[-46.18837904719092,-16.025920462711788],[-46.19319102572391,-16.0222189395836],[-46.20673859757546,-16.024143731754492],[-46.21443776502486,-16.022070879405824],[-46.219693927228185,-16.023329397343957],[-46.2284435531298,-16.02928933811389],[-46.230842048650196,-16.046078815084687],[-46.22930015873697,-16.054188018214226],[-46.23209840455879,-16.06817924784025],[-46.22838644632887,-16.073375991128287],[-46.23689539829452,-16.079315125994682],[-46.24192082013227,-16.08845225609154],[-46.242548996739096,-16.104841982872973],[-46.240169535621256,-16.110942921183145],[-46.24565181366306,-16.112237347778333],[-46.25280923321576,-16.119927764731603],[-46.261641791584395,-16.13355731786229],[-46.27093120795372,-16.13972488130482],[-46.274509917280916,-16.146425442716776],[-46.28410390385406,-16.14985186563699],[-46.286848210334654,-16.153114700849418],[-46.29562537409131,-16.152051737682697],[-46.29065679494978,-16.16197455196229],[-46.29368566525451,-16.174716926965836],[-46.268340389419215,-16.207909820418983],[-46.26456951158812,-16.215681741623936],[-46.25593934724625,-16.225722313030758],[-46.24235061818164,-16.235835912606408],[-46.230740663888916,-16.235743463189767],[-46.2126319761323,-16.23399391777656],[-46.19697042317714,-16.239784744402474],[-46.186836477253024,-16.2392583052916],[-46.164890562098435,-16.24068956110853],[-46.14722196079615,-16.233582637068398],[-46.141694353765125,-16.241281804257458],[-46.134390017442655,-16.24532880183016],[-46.12254514471997,-16.24039343929656],[-46.118004610116394,-16.234569710013826],[-46.10852871337555,-16.23279297928717],[-46.100434716595835,-16.227956322656325],[-46.10013859504726,-16.218184303920328],[-46.096683840652865,-16.212952818764663],[-46.08404931106621,-16.21206445362597],[-46.08513509127539,-16.20209501974566],[-46.07921265491405,-16.202489849319186],[-46.07911394803064,-16.18886824633742],[-46.07733721694256,-16.182550981350882],[-46.08000231267635,-16.179491055935],[-46.078324290268334,-16.169916450712833],[-46.0735863409996,-16.162710821399788],[-46.07269797635388,-16.154912947245432],[-46.068453563298874,-16.153531045141868],[-46.06164276229181,-16.140699101338683],[-46.06480139423932,-16.133394762986452],[-46.06499880890447,-16.126287839803133],[-46.0608531036312,-16.12016798898857],[-46.05779317766879,-16.109408897285455],[-46.05345005862868,-16.10388129034554],[-46.04950176802056,-16.093220905663827],[-46.04298708856207,-16.080981205034703],[-46.03928172216972,-16.053755911682316],[-46.03609841260304,-16.046352867000113],[-46.02419247420397,-16.045570742222452],[-46.01573550325224,-16.040085138657233],[-46.01527836857046,-16.035970936172784],[-46.00407859581624,-16.035056669029185],[-46.00704996406131,-16.021799795364203],[-45.99082172238389,-16.03002820034168],[-45.98819320335353,-16.021456944950607],[-45.99722159175918,-16.023514046365847],[-45.998707275881706,-16.016085625200223],[-45.9878503532405,-16.016314192315924],[-45.979850515173936,-16.022028361979313],[-45.97116497688132,-16.036313786673546],[-45.97082212676829,-16.027513965069662],[-45.96796504219367,-16.026599698002823],[-45.95756525243763,-16.035628085945714],[-45.954365316851664,-16.041799389590985],[-45.94693689623901,-16.039856572018138],[-45.93745137404989,-16.05174204611047],[-45.93665139015341,-16.057456216336803],[-45.93070865276496,-16.063056101840466],[-45.93208005411536,-16.07208449127173],[-45.93687995659599,-16.076770110388964],[-45.941679859974926,-16.075284426148784],[-45.941679859974926,-16.067970287866835],[-45.94659404612599,-16.0639703690842],[-45.94830829669109,-16.077684376743306],[-45.94282269398443,-16.078712927624025],[-45.938937058172435,-16.089455567743922],[-45.930137236209355,-16.091512669205617],[-45.924537349832256,-16.08419853076126],[-45.91505182764314,-16.08088431298623],[-45.9143661274171,-16.074255874794467],[-45.906823423133986,-16.075398709016437],[-45.90122353585856,-16.08191286284561],[-45.90396633766105,-16.091398385247125],[-45.91242330861279,-16.100541057216144],[-45.906594855793095,-16.10716949430622],[-45.89963588666308,-16.107535606422115],[-45.88381149609637,-16.104466632737488],[-45.87575544325594,-16.10110994366219],[-45.86338364573706,-16.089409485311684],[-45.85053232212962,-16.0925743637607],[-45.83528336358782,-16.081928864127235],[-45.82722730984908,-16.07857217479079],[-45.805648595439926,-16.061309202738503],[-45.80641583843926,-16.05200637907374],[-45.80238781067157,-16.04586843419999],[-45.79883931078907,-16.0270709753994],[-45.80162056767224,-16.021604366651196],[-45.796921202841595,-16.008369421781957],[-45.78934467698804,-16.00338234088428],[-45.793812507342416,-15.995713985634836],[-45.788726408798794,-15.986017682701277],[-45.788547948586135,-15.978581866940619],[-45.78325364930574,-15.969986063581134],[-45.778316266857416,-15.955203662879205],[-45.76377181207719,-15.93848794865372],[-45.76017287718138,-15.92920805096881],[-45.75065503271003,-15.925966035029301],[-45.74904889708431,-15.921564033276843],[-45.74048283741943,-15.913890271288238],[-45.737449023685706,-15.90755495637876],[-45.74021514844791,-15.903628844961418],[-45.73578340162187,-15.89717455665812],[-45.735604942307525,-15.887478254008167],[-45.72837732929685,-15.881708061137578],[-45.72766349114115,-15.875699922223484],[-45.72315441194556,-15.866443817610417],[-45.71401728157647,-15.86325534103311],[-45.709424922265825,-15.853737497153803],[-45.70407113475069,-15.849644824398665],[-45.70197720943412,-15.843505813905052],[-45.69776556332741,-15.842268495190334],[-45.69067477002271,-15.83465421864417],[-45.69076994832369,-15.831204001274074],[-45.68256080728749,-15.81942566894108],[-45.66352511924311,-15.796344897218114],[-45.65276995596067,-15.786184598945193],[-45.64572675090814,-15.783614780910778],[-45.638612163028185,-15.77245510896377],[-45.627086053890814,-15.764031816850597],[-45.62324084496155,-15.75912060873727],[-45.62424973567062,-15.752991117590334],[-45.61499839169967,-15.74549105626971],[-45.60582318983052,-15.741150920097276],[-45.59891323457902,-15.741379348078997],[-45.596609917359615,-15.73220414596967],[-45.59120378231793,-15.727483295836814],[-45.588560200336886,-15.720726816066126],[-45.58180847972943,-15.715075596175163],[-45.5826115484406,-15.708829511391988],[-45.57636546255713,-15.705319805829342],[-45.57044655387991,-15.70552800884223],[-45.57107116237843,-15.69928192364716],[-45.560006667821156,-15.693541474402116],[-45.574134718432894,-15.68253646734143],[-45.57223114881997,-15.677480111611136],[-45.58008931897298,-15.676938785343832],[-45.576662894747706,-15.66661192438318],[-45.5786140526128,-15.662733402773828],[-45.585681053138885,-15.663161705622171],[-45.589036092740116,-15.657094080106802],[-45.58684698912256,-15.651359579166023],[-45.58662688840322,-15.637356450897798],[-45.58186796616754,-15.631913433656582],[-45.589958134327524,-15.62495351117233],[-45.59004736398469,-15.614067475737626],[-45.587037344826214,-15.610623206900575],[-45.58530033903664,-15.600010811250172],[-45.58788395757416,-15.585443273743381],[-45.58352478474159,-15.579808710608036],[-45.59338527091682,-15.567264191999897],[-45.593651771417214,-15.552168892036512],[-45.6006378687705,-15.549161253295516],[-45.60351225759244,-15.536978412600352],[-45.599438619662834,-15.531800705936284],[-45.59888658515781,-15.525842534969396],[-45.584590784048224,-15.513507408868298],[-45.58782685077323,-15.505112670847698],[-45.593023593013754,-15.478919564201112],[-45.59780155144862,-15.462206229972809],[-45.59757312334659,-15.45590541673934],[-45.600307347136436,-15.43939504607874],[-45.61095589925928,-15.434363850102377],[-45.6300060600612,-15.432703065641316],[-45.63401147902981,-15.429528040388679],[-45.64724889764805,-15.42625532009247],[-45.66151209620102,-15.41804909586866],[-45.66781330271034,-15.418097942694388],[-45.67899916684901,-15.422103360637673],[-45.68837770777262,-15.427183404053816],[-45.701273200644266,-15.427134557632957],[-45.71750945080244,-15.434752963162106],[-45.72071399564412,-15.438514922705549],[-45.72904475060348,-15.441070858190862],[-45.737237899831,-15.440182976589163],[-45.7425649786361,-15.43568336701112],[-45.747949321447315,-15.42047574631658],[-45.74855937813654,-15.412420767623402],[-45.75247211432403,-15.404297296586051],[-45.7609527675616,-15.398794701423116],[-45.771421500320756,-15.388125254028594],[-45.77561163087808,-15.36790310641922],[-45.789292291732245,-15.379144320132173],[-45.80835124793911,-15.39955948537346],[-45.83752328310437,-15.421007075806099],[-45.8470035348777,-15.426477519852254],[-45.852567270352836,-15.427106355418205],[-45.85786975328546,-15.418470811788103],[-45.86825328622981,-15.425002784822798],[-45.87446387338821,-15.426422385591339],[-45.885993939604404,-15.423514442825027],[-45.89582470322183,-15.425413992106531],[-45.89936748083596,-15.424101360990255],[-45.90362352976885,-15.416019183413576],[-45.917177895578895,-15.414654465352573],[-45.923217966326696,-15.409621402939331],[-45.92325970295312,-15.397125929784911],[-45.932058059763946,-15.387405783855618],[-45.93939217703472,-15.382663796992993],[-45.94361741195672,-15.382665761384393],[-45.955816172392325,-15.3728176811797],[-45.963431921386125,-15.376882507651933],[-45.96423306860091,-15.384164269617264],[-45.978882284011256,-15.379326445079359],[-45.9875748237732,-15.383886253752099],[-46.000508477078114,-15.374992204918502],[-46.008225199404805,-15.364783210167516],[-46.014257683880025,-15.361780234762334],[-46.01836684478922,-15.36670025760639],[-46.02519665594433,-15.370090226407717],[-46.029175234150564,-15.37499663968671],[-46.03072664800244,-15.388550748839986],[-46.029592383920736,-15.396577461105114],[-46.03422522311471,-15.407675243320522],[-46.040222525970144,-15.40997919337913],[-46.049089022690225,-15.409953255210244],[-46.0618088284485,-15.419115118118626],[-46.078480239598285,-15.418047886085594],[-46.08631223464055,-15.41611248741586],[-46.09705429329962,-15.418741471662104],[-46.10361932332978,-15.41334374766965],[-46.110227795887084,-15.402613740573763],[-46.13245527718769,-15.411395302850094],[-46.14834256419733,-15.413433412185363],[-46.15597599473088,-15.411300012690527],[-46.160528935966845,-15.40450177980566],[-46.17711462538065,-15.402438239644734],[-46.182397245664035,-15.405488648926912],[-46.18975800606781,-15.40307536156811],[-46.196032387984424,-15.407548830662776],[-46.19253845536554,-15.418469768276552],[-46.19228632431643,-15.425152713178512],[-46.19775993810731,-15.43010864879738],[-46.20170453484299,-15.440974255970175],[-46.204924872067366,-15.441073048893598],[-46.21125513099128,-15.42807030906806],[-46.20994642755613,-15.42420368467395],[-46.216192513439616,-15.420693980030922],[-46.21678737782076,-15.416529923199946],[-46.226364708730216,-15.419147330914651],[-46.23183746912157,-15.413139190876445],[-46.239511231316435,-15.409094107719866],[-46.24557885608894,-15.410640757186012],[-46.24998085879761,-15.403561861331928],[-46.260092047700645,-15.394080667133798],[-46.26745338482283,-15.405883690409434],[-46.273030127004965,-15.408605558026734],[-46.27525619539815,-15.413623037899164],[-46.28236782961744,-15.416665849381916],[-46.287820730054506,-15.41294413138879],[-46.293380008089194,-15.416824570105788],[-46.295807058357525,-15.427436965702187],[-46.29214268837978,-15.430910978662993],[-46.295426344255276,-15.439477038754145],[-46.28367180701588,-15.447472028340002],[-46.28124475584923,-15.459559689725777],[-46.271584144824736,-15.4800230538605],[-46.2716793231257,-15.484686798008125],[-46.28124475584923,-15.48925536272091],[-46.28324350376314,-15.49487089132171],[-46.282148952403524,-15.504150788842209],[-46.28971563811145,-15.502532755915777],[-46.294093846244884,-15.508100694271363],[-46.28690787374087,-15.51247890330389],[-46.2848139484243,-15.519807641675884],[-46.2809116317958,-15.523091299201],[-46.27501056905001,-15.522091924796154],[-46.27424914084552,-15.529039951016744],[-46.279008063081186,-15.541175202314918],[-46.2723931612814,-15.545077517966334],[-46.26977575441111,-15.561543388185973],[-46.26021032078927,-15.563922849066042],[-46.260876569794455,-15.56982391289937],[-46.25483273869888,-15.57058533968564],[-46.253880954790745,-15.584766927799746],[-46.25509617324922,-15.591475946122303],[-46.250088978228575,-15.601772981247796],[-46.25014541398799,-15.607936748414035],[-46.2549420070751,-15.622153397175191],[-46.25484185120913,-15.636994134133591],[-46.259236255068814,-15.650346992824558],[-46.26114928483999,-15.66268231139079],[-46.26578273578667,-15.681063488631459],[-46.264760211346534,-15.708049216731697],[-46.26750777511835,-15.718940956834759],[-46.267371197957495,-15.73437897427184],[-46.25537007137598,-15.785169175075447],[-46.25398632268199,-15.794494101139177],[-46.25752692996641,-15.797427606816305],[-46.269863353626036,-15.798541067045798],[-46.285920461750244,-15.804666722323292],[-46.29294512467699,-15.808787952778598],[-46.30725334679201,-15.820041571234363],[-46.320565498953684,-15.825435255344415],[-46.33275459441514,-15.824053964407218],[-46.33948133377285,-15.825227707696659],[-46.348313045928506,-15.831080212427127],[-46.36433743741008,-15.835615311143881],[-46.386675990903974,-15.835451824298959],[-46.41261713723354,-15.836488366266709],[-46.42317568714806,-15.841618481644698],[-46.430872783082414,-15.849678301201463],[-46.44158802882689,-15.85484122896371],[-46.45305742013386,-15.855089987242113],[-46.44404722530766,-15.878147347978324]]]},"properties":{"nome":"Arinos"}},
{"type":"Feature","geometry":{"type":"Polygon","coordinates":[[[-49.08324531188167,-15.152106378241037],[-49.08512649368108,-15.159545598594576],[-49.09102656738174,-15.161255765184212],[-49.098380279603795,-15.15689484179272],[-49.1161553159959,-15.158711893946368],[-49.12391519428715,-15.156339037873451],[-49.125774999776056,-15.159545598594576],[-49.14052518043444,-15.16243150433215],[-49.14084583587174,-15.1602510430241],[-49.15841779102587,-15.158391238104272],[-49.16085477666124,-15.15345313397541],[-49.15880257808961,-15.146013911836526],[-49.166177668418804,-15.13921600326588],[-49.17438646360362,-15.141075807624375],[-49.18188180062012,-15.134358062815057],[-49.19044288361833,-15.13208691526843],[-49.185536846085206,-15.124727858157332],[-49.18096749712057,-15.123140609779693],[-49.17990933112321,-15.116406831937917],[-49.17533998215858,-15.110779318063734],[-49.17726391927394,-15.105392294895928],[-49.177648706337685,-15.09182854160218],[-49.17283886399844,-15.088365456313173],[-49.174281817059544,-15.079034364061295],[-49.17028363581717,-15.069811492243177],[-49.16501686001877,-15.062704952068355],[-49.16566618835727,-15.055345894012225],[-49.1554212259354,-15.046543883633078],[-49.15271568984416,-15.041385328765886],[-49.153581460962165,-15.035757813749145],[-49.14910830898804,-15.029408823591137],[-49.15296820716884,-15.022554800295651],[-49.15166954869519,-15.017540539596153],[-49.143011834820186,-15.01523181621533],[-49.14192962002436,-15.00296671973261],[-49.13462826700695,-14.998425447139065],[-49.28991335209687,-14.992108909701527],[-49.28971968969466,-15.016376295575425],[-49.294050932108405,-15.022440897251801],[-49.29193787806617,-15.033102428276168],[-49.29480204675512,-15.045223721143174],[-49.30324454764425,-15.055840805193032],[-49.302017650188766,-15.068255774740592],[-49.308168833554056,-15.068910157338314],[-49.310393731442424,-15.078071494079374],[-49.30939190688138,-15.084519105723011],[-49.30196918158761,-15.099872960367081],[-49.30115573284333,-15.106278872816922],[-49.30725660156956,-15.116141945366651],[-49.315602954875516,-15.119168786717001],[-49.309298722840325,-15.125167975297417],[-49.295571767308004,-15.131980612630548],[-49.31123066484319,-15.138171865414519],[-49.30777350565877,-15.14752653232356],[-49.30828191168539,-15.164405602744846],[-49.31885675164928,-15.178844327324489],[-49.31824666531565,-15.20314612360509],[-49.323737446809915,-15.213924325801477],[-49.32272063565499,-15.221855456026768],[-49.323940810118884,-15.23110844120423],[-49.32231391083369,-15.23507400556841],[-49.326279476044725,-15.240158064124987],[-49.32729628809797,-15.248699280953641],[-49.337400852824096,-15.260697657381503],[-49.34304415657552,-15.274958439035355],[-49.342357808664154,-15.280601743897934],[-49.34464563533481,-15.29204087427386],[-49.34243407024189,-15.29448122142311],[-49.350441461343365,-15.314004002598384],[-49.34960259117486,-15.320257393605019],[-49.3545589226858,-15.327701995153541],[-49.34696430206747,-15.33800098568987],[-49.34043455606505,-15.343667295225341],[-49.3269433436161,-15.340483368942746],[-49.31669002326882,-15.341832490067342],[-49.312210940617184,-15.336058251372904],[-49.3019576202699,-15.328719032314842],[-49.29434857719969,-15.326506472871602],[-49.28145097777871,-15.328719032314842],[-49.2821525206931,-15.3338996566179],[-49.27346418055511,-15.339296141970813],[-49.270064395869575,-15.337299442636272],[-49.261322091237524,-15.338756494424148],[-49.26164587999853,-15.35100651401265],[-49.28485076426087,-15.368653017841808],[-49.28534434089878,-15.372686750168784],[-49.28016371623109,-15.383938420676738],[-49.27494261706993,-15.388350046969899],[-49.284170605741814,-15.397942297821368],[-49.28538481539223,-15.403446712582857],[-49.29700074797317,-15.409598705378874],[-49.29574606472764,-15.415791171159526],[-49.291779648812025,-15.418867167405821],[-49.29194154409084,-15.425302475162388],[-49.287408496945154,-15.43024025892871],[-49.288986968053386,-15.435218515870611],[-49.28008276904082,-15.43659461884148],[-49.26773830995098,-15.441208614382935],[-49.26753594197535,-15.449020024919053],[-49.26267910606865,-15.45266265165626],[-49.25579858771071,-15.452743600075646],[-49.252236907746365,-15.458774171427558],[-49.2463682310632,-15.45577912176664],[-49.24325176064523,-15.458895591762502],[-49.23677598003518,-15.454848228834162],[-49.23224293288949,-15.465411847070587],[-49.22220547141677,-15.474842203986475],[-49.22268440910882,-15.479618092924161],[-49.21766567792331,-15.487173172025264],[-49.22543661627234,-15.490303132857594],[-49.228134858941786,-15.49807407105373],[-49.22472194537838,-15.509927189975446],[-49.23091441082254,-15.510008136764018],[-49.226259942891474,-15.526197591214778],[-49.23176435721851,-15.54971277174817],[-49.23803776985293,-15.55331492620176],[-49.23815919063831,-15.559507392326047],[-49.22901215005499,-15.563919018048248],[-49.22605757491585,-15.571892323604795],[-49.211244223828366,-15.567440224633739],[-49.205496967930586,-15.579420420253358],[-49.2001949215792,-15.58180836532757],[-49.19711892565467,-15.592493404077912],[-49.18594820172179,-15.601802339761084],[-49.18174222398453,-15.594790179402835],[-49.16942126212757,-15.590193758068253],[-49.165080198432825,-15.590832149584045],[-49.15186548832665,-15.588278582861687],[-49.142098093666,-15.583107608772977],[-49.12818115343425,-15.57251030497781],[-49.12179723544346,-15.564913442989312],[-49.11796688375068,-15.554252299635206],[-49.111391449432894,-15.54608088490173],[-49.10181557199756,-15.537909469645482],[-49.09530397555714,-15.54059071588285],[-49.08681336539296,-15.537781792402466],[-49.11703534068252,-15.526188952318666],[-49.10933325999664,-15.525378206623015],[-49.10568490698042,-15.52213522572833],[-49.09615864888812,-15.524364774782223],[-49.08825388312132,-15.521121794400264],[-49.0811598621698,-15.511595537427592],[-49.08167979268321,-15.486742572682237],[-49.092085920951895,-15.479138982187234],[-49.090603777089896,-15.46750985464865],[-49.07395816286012,-15.456450782320692],[-49.074984262595095,-15.450066163098768],[-49.08675428229841,-15.448064752748781],[-49.088920492350944,-15.438259802112611],[-49.08390400605533,-15.432559249248072],[-49.07706334235328,-15.428796883860356],[-49.07352899902134,-15.424122430691472],[-49.072958944311715,-15.412151270363141],[-49.075809220554795,-15.406906760943555],[-49.07102075632269,-15.398811975987897],[-49.07102075632269,-15.39470757841115],[-49.084474060764954,-15.381254272964233],[-49.084246038701444,-15.373273499061268],[-49.07820345267085,-15.36609080176512],[-49.078317464151766,-15.358908105621222],[-49.08182443581699,-15.356637586999685],[-49.07566336739032,-15.340736161212266],[-49.07032377415499,-15.336159367340743],[-49.061756953617056,-15.321842215853428],[-49.05987929411187,-15.307349034317319],[-49.04937613880935,-15.30189208725251],[-49.045620819798984,-15.304239160568606],[-49.03910768993437,-15.299134274660004],[-49.038110183574894,-15.290215394033416],[-49.03130366932836,-15.279594884714895],[-49.02543598528359,-15.276778395990767],[-49.019333592116325,-15.282939464747221],[-49.013583261285326,-15.28311549594113],[-49.00888911297154,-15.274079261260876],[-49.00501644074739,-15.273433815639681],[-48.99979420162415,-15.26592317894305],[-48.989056338995766,-15.261463738920405],[-48.9818977633113,-15.262343890768394],[-48.970397100750986,-15.26075961686583],[-48.95901379320106,-15.256182822302115],[-48.94939078924761,-15.256241499353248],[-48.93929098199923,-15.260085974837304],[-48.92841836040014,-15.252606718680536],[-48.9185383547321,-15.240164377340857],[-48.92110069218053,-15.236736384177092],[-48.91767270039507,-15.23154245575557],[-48.91746927061079,-15.224383492674937],[-48.920377870871995,-15.215086361769579],[-48.91414515730983,-15.210567644608092],[-48.91479439761344,-15.18623409313342],[-48.90822408009953,-15.180209137298426],[-48.90871750312553,-15.166808802622274],[-48.916852761322865,-15.163783196261672],[-48.92223978380857,-15.159165748329453],[-48.93173120523415,-15.160448372753761],[-48.941863936636004,-15.158253659934095],[-48.948248557109345,-15.160647891602126],[-48.95372108663367,-15.159393771114239],[-48.964894171339125,-15.161902014189568],[-48.971002207723,-15.159023235373079],[-48.97328242925644,-15.15332268173072],[-48.982289303011044,-15.149104273205223],[-48.98878793316866,-15.150244383403654],[-48.99722475131531,-15.142605642001019],[-49.00221125723664,-15.133155408779688],[-49.00647311557446,-15.115280805673972],[-49.016278067000506,-15.123261580400074],[-49.021978620384985,-15.129874222311658],[-49.0287052717078,-15.131242353881516],[-49.03896626726087,-15.130216254731485],[-49.053060884374354,-15.146206306250082],[-49.05964502336724,-15.147916472285068],[-49.067682802678156,-15.143555548817506],[-49.074523466380214,-15.148515029907438],[-49.08324531188167,-15.152106378241037]]]},"properties":{"nome":"Goianésia"}},
{"type":"Feature","geometry":{"type":"Polygon","coordinates":[[[-48.86169025243749,-15.806774503750193],[-48.85505459596138,-15.796954340173066],[-48.83366915228897,-15.798733192999114],[-48.82877696587921,-15.780304614011463],[-48.82371407800591,-15.775030850959908],[-48.822080826733334,-15.758861654406266],[-48.815994208880774,-15.749011466026865],[-48.82738288116957,-15.740832123632167],[-48.83396198420697,-15.72501977110624],[-48.82526849762072,-15.717132019642946],[-48.83135640275908,-15.7036863458045],[-48.83027314861247,-15.691123330632177],[-48.82449423428745,-15.689020343377019],[-48.823272794995624,-15.683483816090204],[-48.8164956376926,-15.678434926226338],[-48.80993539388626,-15.668516487126565],[-48.81047684803387,-15.662459713244221],[-48.81468744221338,-15.651758070092493],[-48.81004852861146,-15.633054567600169],[-48.823717889557656,-15.63035047837998],[-48.82646730924885,-15.619292408117735],[-48.79521428181216,-15.58960333500225],[-48.794411187049846,-15.58236771458987],[-48.80485101022653,-15.571377712690854],[-48.791854112830656,-15.554977949028029],[-48.806164756803675,-15.545471684662223],[-48.82624670367632,-15.546356293603258],[-48.828462258187415,-15.537186424950532],[-48.81000315201151,-15.510675346049348],[-48.810121093621795,-15.505983744106365],[-48.819537282040656,-15.507624726803396],[-48.828340028019966,-15.507009150233197],[-48.83424956277719,-15.509656129016129],[-48.840466887300224,-15.515688779591148],[-48.847176671855266,-15.51925912460482],[-48.85382490025378,-15.514580742176229],[-48.86841406598233,-15.514211395914938],[-48.86866029689664,-15.518151087317557],[-48.8761703312495,-15.52221389306117],[-48.88798940256059,-15.520921181929364],[-48.89432984209163,-15.521782989385057],[-48.898454205190376,-15.530154830582621],[-48.91310492887208,-15.532801811041802],[-48.92947926715741,-15.521228970039589],[-48.93545036076612,-15.511564416675181],[-48.943883760823105,-15.514026724267612],[-48.95959789666342,-15.512193508880944],[-48.97416128343826,-15.5246440719488],[-48.97461403074819,-15.529322465051907],[-48.980197919028406,-15.530831624341724],[-48.99483676338879,-15.538301962363445],[-48.9996570477449,-15.543340317787507],[-48.99728178175943,-15.557977198401872],[-49.004953965614334,-15.562219883230917],[-49.01125276463868,-15.572178794028982],[-49.017929575632905,-15.571671920863862],[-49.02579186725644,-15.554578211680527],[-49.02770704220452,-15.544236264732453],[-49.034537834319906,-15.537788507704143],[-49.04002800406147,-15.527893435606874],[-49.0467949574012,-15.521764874233204],[-49.05961609761509,-15.516889140901561],[-49.06474227000354,-15.507541810677946],[-49.07264703577034,-15.512608968796675],[-49.0811598621698,-15.511595537427592],[-49.08825388312132,-15.521121794400264],[-49.09615864888812,-15.524364774782223],[-49.10568490698042,-15.52213522572833],[-49.10933325999664,-15.525378206623015],[-49.11703534068252,-15.526188952318666],[-49.08681336539296,-15.537781792402466],[-49.09530397555714,-15.54059071588285],[-49.10181557199756,-15.537909469645482],[-49.111391449432894,-15.54608088490173],[-49.11796688375068,-15.554252299635206],[-49.12179723544346,-15.564913442989312],[-49.12818115343425,-15.57251030497781],[-49.142098093666,-15.583107608772977],[-49.15186548832665,-15.588278582861687],[-49.165080198432825,-15.590832149584045],[-49.16942126212757,-15.590193758068253],[-49.18174222398453,-15.594790179402835],[-49.18594820172179,-15.601802339761084],[-49.187526673728335,-15.609937541133812],[-49.16886832930726,-15.623536682034143],[-49.15535013506044,-15.625074679614265],[-49.15409545181491,-15.618234635738805],[-49.14709351267158,-15.61532053437617],[-49.140617732061536,-15.617384689606041],[-49.14110341520304,-15.623617629972841],[-49.130296955422935,-15.623617629972841],[-49.217062702653465,-15.855402297404737],[-49.215135375296214,-15.866259989099724],[-49.20808900637726,-15.873552734005845],[-49.207793354647585,-15.87877591674719],[-49.199096263122094,-15.887546922178625],[-49.197181657705904,-15.896539741871466],[-49.20043382763069,-15.904571617317464],[-49.19634397690683,-15.914278852571757],[-49.197477310333895,-15.926696231087027],[-49.189987462922105,-15.931131008283673],[-49.17885124327929,-15.933200571077048],[-49.174515016114036,-15.94073969321303],[-49.17796428809026,-15.948278815320021],[-49.182793268138305,-15.95266431783225],[-49.172051250801736,-15.968481691685357],[-49.152932430864325,-15.979913563338279],[-49.15411503778304,-15.985629498654584],[-49.14403823818572,-15.99449905439797],[-49.13924210773098,-15.991608236293072],[-49.13457737924274,-15.995418860380134],[-49.133714342596456,-16.00168347312702],[-49.14090278456917,-16.014680038968194],[-49.15507903069422,-16.026651071220734],[-49.14906802134418,-16.032368992320862],[-49.1462624551511,-16.04375911374265],[-49.135412320180194,-16.049163552850597],[-49.14435393043108,-16.05693063776993],[-49.14322072905635,-16.06406314222987],[-49.14662033318051,-16.067196111134948],[-49.14795351211389,-16.074861885573068],[-49.15248631761277,-16.07706162969575],[-49.14995327871733,-16.086393879150325],[-49.16268513178188,-16.092926452174343],[-49.15648585261627,-16.102258700305786],[-49.15895223292437,-16.11239085475341],[-49.15428610935248,-16.115923778003435],[-49.15428610935248,-16.124122823684175],[-49.16064446039197,-16.130601714838818],[-49.15208247279027,-16.13304765480072],[-49.150226580362734,-16.125553184110466],[-49.14016502158252,-16.12902055736815],[-49.122958864903666,-16.132814758708637],[-49.11457881758803,-16.141987377842714],[-49.10621892756905,-16.146129471908143],[-49.10139461786216,-16.142808337294237],[-49.09908033490808,-16.134260187062196],[-49.08580975138786,-16.13980326714098],[-49.07102642918371,-16.135944542357798],[-49.0665268999779,-16.136750688048398],[-49.058386288719774,-16.128653678057002],[-49.04656457636175,-16.130100105003994],[-49.041419949882425,-16.13352563341855],[-49.022882952584865,-16.138902669060457],[-49.01977367138413,-16.14251177516934],[-49.01102148079237,-16.140090137688336],[-49.003887747118775,-16.13042986097559],[-48.99676344126407,-16.13221093811216],[-48.991865481382,-16.12848180869668],[-48.97995453218027,-16.1263667806675],[-48.964267461681146,-16.12572887293016],[-48.95069155606723,-16.130624637363002],[-48.94199729603151,-16.131248931026317],[-48.939811977914566,-16.134474857183026],[-48.91406567796676,-16.08702193633414],[-48.90740274235042,-16.071823587730858],[-48.90363367642126,-16.05897449924033],[-48.902948391216874,-16.046410944813434],[-48.898208505180385,-16.032362606791494],[-48.912866712726725,-16.019157223638494],[-48.91312280444792,-16.003433254650577],[-48.90695945430043,-15.989028568635382],[-48.898030797755936,-15.98150724532791],[-48.896990457028764,-15.9647444923101],[-48.887966841372226,-15.95810079706444],[-48.90171286723972,-15.947274701255955],[-48.89701716843374,-15.944173881068862],[-48.903440729976325,-15.910774818398687],[-48.89671682121007,-15.878138131255769],[-48.889208826032906,-15.868654120642969],[-48.8698376163316,-15.867052426157818],[-48.87057099913292,-15.848579563691743],[-48.86407427430202,-15.842902935637259],[-48.85574792917239,-15.842290165729265],[-48.843158638743425,-15.834633649175473],[-48.85590658332966,-15.82315567660379],[-48.86169025243749,-15.806774503750193]]]},"properties":{"nome":"Pirenópolis"}},
{"type":"Feature","geometry":{"type":"Polygon","coordinates":[[[-46.52592474320726,-15.058768883835718],[-46.53194646406875,-15.05639766781326],[-46.54270259304012,-15.061752898219757],[-46.54452897131899,-15.065273646240518],[-46.551267890933644,-15.063879366398483],[-46.56517697988982,-15.07325374793696],[-46.56987516343588,-15.079963256990126],[-46.57740256581644,-15.0840678167859],[-46.58795387530977,-15.081126789375276],[-46.59552898541844,-15.083710752275426],[-46.60025742691821,-15.0878146230317],[-46.61056393112357,-15.084013059231031],[-46.62539150703357,-15.089518242316014],[-46.64096747210172,-15.08759113667749],[-46.65635423041147,-15.0815101544136],[-46.67012089507261,-15.067365911106778],[-46.68161722775326,-15.058624185086511],[-46.695759073792814,-15.05511801358733],[-46.70820836178474,-15.049525936072248],[-46.72642501356378,-15.038419265908173],[-46.73971354272841,-15.034381621255527],[-46.74714994307575,-15.03412732268471],[-46.758457811904734,-15.030308291111432],[-46.76823280631268,-15.024043728895993],[-46.78581021424059,-15.01835551687245],[-46.803287228248976,-15.016917899723646],[-46.8158494578283,-15.01247768440452],[-46.82952533874684,-15.009625311105678],[-46.8499917133571,-15.009705571143021],[-46.85914138600421,-15.013718585763177],[-46.86195049605107,-15.01877498414173],[-46.87337956108662,-15.026680622336421],[-46.88702381142568,-15.030051554112717],[-46.891919688114626,-15.034465869730772],[-46.91070059597813,-15.04542139985352],[-46.91720167943479,-15.047106865708926],[-46.931327489648204,-15.052965866950295],[-46.92763551713673,-15.06171423922378],[-46.926431612959256,-15.072549377672905],[-46.92362250291238,-15.07921098166551],[-46.91768324110577,-15.083745688012767],[-46.91086111683455,-15.083825947899253],[-46.897618169085746,-15.091450675856306],[-46.89504983987437,-15.094982129354719],[-46.893845934798584,-15.104613362691635],[-46.8870559154173,-15.113642646201157],[-46.8993638139734,-15.137172816655845],[-46.90518556176781,-15.14340276123238],[-46.914023926846454,-15.158282643161602],[-46.920544946614214,-15.178219502885325],[-46.92762227417281,-15.18792108369499],[-46.93729524062574,-15.205023574767669],[-46.938150715253954,-15.210652678677963],[-46.93417931099357,-15.226071829173982],[-46.94021014795857,-15.231855396357732],[-46.93539687225831,-15.237141392194301],[-46.93245626682015,-15.250191732426847],[-46.92760366377507,-15.255099016391068],[-46.91113151781991,-15.244962837213725],[-46.906294731412046,-15.23662246272027],[-46.891432935977925,-15.235263325932964],[-46.88921977996864,-15.242526519108651],[-46.88973239190742,-15.255855325969955],[-46.88796155915751,-15.268251274147685],[-46.8912690356594,-15.278137367317],[-46.88929008302109,-15.282212510962623],[-46.87358578912303,-15.285475652864692],[-46.85779733116768,-15.303659800136188],[-46.83718116517873,-15.32132005634173],[-46.835846265073265,-15.326539631330004],[-46.84790542102551,-15.346763946086318],[-46.857166910569276,-15.349187056140854],[-46.86778876566019,-15.35729610740674],[-46.86862891772461,-15.363610398349094],[-46.85067066993031,-15.36852478760167],[-46.849426805994064,-15.373167467354769],[-46.86278934466002,-15.383613278391426],[-46.870864586413234,-15.388448631931432],[-46.885556367594994,-15.393509332616414],[-46.89062557511632,-15.400011105805065],[-46.89696890183268,-15.402286248419717],[-46.91187783905628,-15.411549010783181],[-46.91781016766552,-15.419504615674535],[-46.92078719439857,-15.4273963051426],[-46.930417545672725,-15.443092423640504],[-46.933226429344145,-15.4602301587906],[-46.93237871615998,-15.483175101666161],[-46.934326491868035,-15.49213796742357],[-46.938932790336935,-15.502085765741548],[-46.94416280258233,-15.518190217906087],[-46.949044867673784,-15.554600541979818],[-46.946064092271065,-15.563337086742022],[-46.93363110241334,-15.57629477861734],[-46.917695847164154,-15.590010986332969],[-46.90345057359436,-15.591188928934233],[-46.897008861591466,-15.593182845263252],[-46.888766331074464,-15.60560991436752],[-46.88289801820899,-15.609819813224782],[-46.87426144169262,-15.613992123372475],[-46.854831093201206,-15.618303536877846],[-46.854399644048335,-15.628143686421675],[-46.858960470695884,-15.639638184615144],[-46.85487563975783,-15.64497398833051],[-46.852540537448725,-15.653028888350484],[-46.852438879599596,-15.671056838289047],[-46.8557022883469,-15.681799565038833],[-46.84961611066883,-15.69259084794408],[-46.84240088093434,-15.714673816615685],[-46.82773110757872,-15.728669784969014],[-46.828148015702084,-15.74359899242628],[-46.82648696067315,-15.754401953823141],[-46.82078660132477,-15.76566688092576],[-46.813096608369364,-15.787207017014918],[-46.81362791424921,-15.793270076997057],[-46.8200905722696,-15.802174101908868],[-46.8244555491172,-15.81232890638526],[-46.82095092385149,-15.816897858746689],[-46.82316934309003,-15.824635813335219],[-46.81681755334538,-15.839718605086956],[-46.812912346836605,-15.84433594798107],[-46.805449451578276,-15.859397447065481],[-46.8067473509755,-15.873926643710659],[-46.76494556166763,-15.844567356012474],[-46.75831071098033,-15.835899243607624],[-46.74274021485563,-15.827659188264716],[-46.73674744669575,-15.8195261446075],[-46.712562345948214,-15.806149430083135],[-46.69800848041708,-15.801333812956024],[-46.692722002767866,-15.801012772063043],[-46.66500544856866,-15.788385152637458],[-46.66018983185877,-15.788385152637458],[-46.60435007319922,-15.793949866386154],[-46.59731927208414,-15.788599179756984],[-46.58976142759523,-15.803326943983654],[-46.57202390395109,-15.817693535347424],[-46.56086772374267,-15.821224988418876],[-46.4979062266135,-15.824468140587419],[-46.48641023529267,-15.83270542740686],[-46.457848666448406,-15.855719604387367],[-46.45305742013386,-15.855089987242113],[-46.44158802882689,-15.85484122896371],[-46.430872783082414,-15.849678301201463],[-46.42317568714806,-15.841618481644698],[-46.41261713723354,-15.836488366266709],[-46.386675990903974,-15.835451824298959],[-46.36433743741008,-15.835615311143881],[-46.348313045928506,-15.831080212427127],[-46.33948133377285,-15.825227707696659],[-46.33275459441514,-15.824053964407218],[-46.320565498953684,-15.825435255344415],[-46.30725334679201,-15.820041571234363],[-46.29294512467699,-15.808787952778598],[-46.285920461750244,-15.804666722323292],[-46.269863353626036,-15.798541067045798],[-46.25752692996641,-15.797427606816305],[-46.25398632268199,-15.794494101139177],[-46.25537007137598,-15.785169175075447],[-46.267371197957495,-15.73437897427184],[-46.26750777511835,-15.718940956834759],[-46.264760211346534,-15.708049216731697],[-46.26578273578667,-15.681063488631459],[-46.26114928483999,-15.66268231139079],[-46.259236255068814,-15.650346992824558],[-46.25484185120913,-15.636994134133591],[-46.2549420070751,-15.622153397175191],[-46.25014541398799,-15.607936748414035],[-46.250088978228575,-15.601772981247796],[-46.25509617324922,-15.591475946122303],[-46.253880954790745,-15.584766927799746],[-46.25483273869888,-15.57058533968564],[-46.260876569794455,-15.56982391289937],[-46.26021032078927,-15.563922849066042],[-46.26977575441111,-15.561543388185973],[-46.2723931612814,-15.545077517966334],[-46.279008063081186,-15.541175202314918],[-46.27424914084552,-15.529039951016744],[-46.27501056905001,-15.522091924796154],[-46.2809116317958,-15.523091299201],[-46.2848139484243,-15.519807641675884],[-46.28690787374087,-15.51247890330389],[-46.294093846244884,-15.508100694271363],[-46.28971563811145,-15.502532755915777],[-46.282148952403524,-15.504150788842209],[-46.28324350376314,-15.49487089132171],[-46.28124475584923,-15.48925536272091],[-46.2716793231257,-15.484686798008125],[-46.271584144824736,-15.4800230538605],[-46.28124475584923,-15.459559689725777],[-46.28367180701588,-15.447472028340002],[-46.295426344255276,-15.439477038754145],[-46.29214268837978,-15.430910978662993],[-46.295807058357525,-15.427436965702187],[-46.293380008089194,-15.416824570105788],[-46.287820730054506,-15.41294413138879],[-46.291000546971354,-15.402167090006857],[-46.29732991296988,-15.398693077136985],[-46.303135798313,-15.391982997329263],[-46.30308820826419,-15.382655509824847],[-46.306942934843896,-15.377325516588801],[-46.2998045523887,-15.36590410468959],[-46.30656222074165,-15.362525269746973],[-46.306252892161766,-15.344774491042145],[-46.31489033465407,-15.342847127236011],[-46.317424461409324,-15.337600415737699],[-46.31467618437517,-15.33363861287575],[-46.320672425421954,-15.322181508892648],[-46.335484570072005,-15.3182553980296],[-46.329488328126914,-15.311723777141713],[-46.33769746916312,-15.302979257617773],[-46.33626979195343,-15.299338683317295],[-46.346227836066824,-15.298267925186833],[-46.35051086589926,-15.29573379989414],[-46.348048123768066,-15.28709635624767],[-46.36150397583248,-15.280350584369048],[-46.36935619734168,-15.2820281037956],[-46.359326768604234,-15.269428858372503],[-46.375530898601106,-15.260862797990745],[-46.38263359009174,-15.251511516587218],[-46.39144949279672,-15.23627106936751],[-46.39940878989452,-15.235414462620344],[-46.402442602729934,-15.22313644433595],[-46.40522657162695,-15.21788973277854],[-46.417398718573935,-15.21322188921388],[-46.415394131610675,-15.20246437383686],[-46.41905898488205,-15.197087844988005],[-46.411701195206916,-15.186733587601637],[-46.40956515776813,-15.176832910947809],[-46.4219776606475,-15.15779831831593],[-46.426898067631896,-15.146716410732584],[-46.43998008309588,-15.129162884753605],[-46.43158680090116,-15.12953351872377],[-46.422390567674576,-15.126374598704004],[-46.424096206989375,-15.117297849140867],[-46.42214673436374,-15.10097977280963],[-46.42687255098625,-15.091362763758648],[-46.44292506871937,-15.085444683064825],[-46.44668107134766,-15.077434314868912],[-46.46289979986622,-15.070163612371221],[-46.472703179240504,-15.073399678868437],[-46.48260173691579,-15.07054432638627],[-46.49516529061186,-15.063310764211922],[-46.502952156090885,-15.048529105849823],[-46.50907008202772,-15.060935912068443],[-46.52592474320726,-15.058768883835718]]]},"properties":{"nome":"Buritis"}},
{"type":"Feature","geometry":{"type":"Polygon","coordinates":[[[-47.326107936332164,-16.206404963220553],[-47.31750477894099,-16.212325415651595],[-47.30547885885763,-16.213250487071345],[-47.302148604673405,-16.220466038089405],[-47.29252786896605,-16.219263446349725],[-47.2869774447268,-16.211215330943748],[-47.264498225839176,-16.21186288090096],[-47.25608008276898,-16.217043277267745],[-47.23608699185434,-16.21270700811691],[-47.227951712097436,-16.204216813217517],[-47.22767419106515,-16.199568331916318],[-47.20942717083961,-16.187010496872308],[-47.19915888635633,-16.189785709304253],[-47.194441025213976,-16.193046584207305],[-47.186480074317736,-16.19008902783243],[-47.17794629740921,-16.190366549780915],[-47.17073074517954,-16.194321226624346],[-47.163653953915166,-16.195500692359527],[-47.15976865676802,-16.193211142346193],[-47.143603045632226,-16.190574691417506],[-47.136734395815814,-16.194945649574862],[-47.13201653557177,-16.192586719082094],[-47.122511433702726,-16.195500692359527],[-47.11855675697125,-16.193141761601836],[-47.11016174012972,-16.193211142346193],[-47.10724776704479,-16.18918708441198],[-47.089486409299525,-16.190019647715665],[-47.074639023740886,-16.185232407343523],[-47.07241885368585,-16.178849419037963],[-47.066174627315014,-16.17198076908325],[-47.059167215634986,-16.175102882659942],[-47.059652878115244,-16.184677365009637],[-47.053547411811394,-16.184538604398007],[-47.042030281335286,-16.175866065912434],[-47.02912554479936,-16.17662924880443],[-47.02877864328441,-16.18287347721541],[-47.02483154384236,-16.185205295783813],[-47.01530835978495,-16.184192190739243],[-47.008621869443544,-16.185813159420615],[-46.9958567499674,-16.165449754697235],[-46.99818689088119,-16.15562263988426],[-46.99616068236737,-16.153799051184304],[-46.99808558068008,-16.13900772440684],[-46.99180433204143,-16.127863572069355],[-46.99109515883702,-16.12117708199171],[-46.99413447295523,-16.105575269675555],[-46.99018336433206,-16.101320229860903],[-46.9819772173807,-16.102839886621762],[-46.97559465674431,-16.107601478689254],[-46.968198993198484,-16.116111558396096],[-46.95968891384716,-16.11398403904252],[-46.94773427867486,-16.11915087185977],[-46.94247894022665,-16.118421876900783],[-46.93292815273721,-16.127438354312115],[-46.92845330833709,-16.12950880536526],[-46.91863536637372,-16.1266368902889],[-46.91135539595502,-16.121026636807],[-46.905077256385574,-16.119156552983977],[-46.89966736908095,-16.12075948219221],[-46.89051294614263,-16.11482372896935],[-46.88926742571299,-16.109426474854537],[-46.89563341782228,-16.10195335268985],[-46.90324493125952,-16.098147596980354],[-46.918052781962515,-16.07358316982531],[-46.9177760002437,-16.068047523752536],[-46.91279391942345,-16.061958314355255],[-46.91618450176721,-16.053170476922645],[-46.92303486278276,-16.04881115558884],[-46.93009281188404,-16.03545641066756],[-46.93825788875893,-16.029021222721145],[-46.94026455981364,-16.01905706104088],[-46.95133585102434,-16.01255267728418],[-46.94954284785322,-15.984869108012427],[-46.94518915564221,-15.982611638138465],[-46.94529665433732,-15.974119250282804],[-46.94196419838233,-15.97084054327668],[-46.94508165694712,-15.963208144069677],[-46.94212544597584,-15.95014706595353],[-46.94314668223185,-15.945524627367682],[-46.93830924634204,-15.936172249632053],[-46.94029796995568,-15.93128106465186],[-46.954161563734296,-15.917019674089707],[-46.984256510056156,-15.924033875821435],[-47.02042236988277,-15.92883212161269],[-47.049854049606175,-15.937701495736603],[-47.05673395890636,-15.938023991257083],[-47.07576120907527,-15.95662124596773],[-47.0881235464359,-15.96038369737737],[-47.09215474166328,-15.956674995943754],[-47.10258210520697,-15.959147462844818],[-47.1151594390595,-15.953772533613284],[-47.123866824379824,-15.945548891862222],[-47.13655165692745,-15.949580088677344],[-47.13563791936654,-15.940173963405815],[-47.131284226257215,-15.93361655022712],[-47.13784552378736,-15.928733003085789],[-47.142430718135294,-15.933022376836378],[-47.15182297004509,-15.93501915479988],[-47.1521187879631,-15.941157398093317],[-47.158774714923595,-15.941083443827353],[-47.16077149283208,-15.946408184928965],[-47.17134702000716,-15.954025522653467],[-47.17282611498709,-15.97303188979894],[-47.178816447814235,-15.97562030582456],[-47.184510962723365,-15.982276231997142],[-47.191388753796105,-15.98005758978413],[-47.193755305225,-15.983237644041674],[-47.20817647880888,-15.987970747216915],[-47.20825043441128,-15.997584862570694],[-47.21117827838252,-16.00301234916527],[-47.21669862792437,-16.004820739159182],[-47.21841184003701,-16.01386269133311],[-47.22602611489544,-16.01481447503955],[-47.23916073929572,-16.01262537125686],[-47.246108765148946,-16.01738429290029],[-47.24944001107325,-16.01576626025205],[-47.26038553095765,-16.018240898696533],[-47.26181320816734,-16.01386269133311],[-47.26771427091313,-16.011673586611902],[-47.272378013949506,-16.013672333701887],[-47.27989711140526,-16.011959122395464],[-47.2815151443186,-16.008627876689932],[-47.29036673888644,-16.0114832303473],[-47.296978624143506,-16.016159036273635],[-47.30146791165676,-16.02687721130456],[-47.31078318423491,-16.030693105885174],[-47.31342290435854,-16.035833485688084],[-47.308693436982715,-16.05056667042972],[-47.30655425364382,-16.06157357824647],[-47.31390856594049,-16.07003797542687],[-47.30891318376584,-16.072882568261235],[-47.31793262405293,-16.089117558594886],[-47.32514817628261,-16.086064825944593],[-47.333543192225825,-16.090713305879387],[-47.33305752974557,-16.10438122571336],[-47.33826105336818,-16.11610649682764],[-47.34408899863973,-16.125334078137136],[-47.35158207100339,-16.133520953712857],[-47.34832119730182,-16.148854001425537],[-47.34256263161461,-16.16501961172872],[-47.33340443215884,-16.176883643884373],[-47.331531163618756,-16.20061170841437],[-47.326107936332164,-16.206404963220553]]]},"properties":{"nome":"Cabeceira Grande"}},
{"type":"Feature","geometry":{"type":"Polygon","coordinates":[[[-47.480241775588254,-14.821775436197699],[-47.47299385077068,-14.802227019723489],[-47.497314453395674,-14.788976668602086],[-47.51257896357167,-14.785161972027254],[-47.51442337013997,-14.779392241581611],[-47.5259628300391,-14.775882720596002],[-47.532089233377285,-14.751850128163506],[-47.5347080227548,-14.746734619262309],[-47.5347080227548,-14.737752913703012],[-47.53863334703436,-14.736383437971423],[-47.54352760316254,-14.728851317872023],[-47.557220458646675,-14.731828690104127],[-47.56557464616022,-14.755058289399372],[-47.57641982961728,-14.758214950584893],[-47.58567237912735,-14.775117873640728],[-47.603775023917045,-14.785341263376523],[-47.61548233043374,-14.79561996515649],[-47.625932692645335,-14.813722610283698],[-47.62935829221719,-14.822689056400039],[-47.635765075925214,-14.82622337280069],[-47.64560508680017,-14.826124191133427],[-47.640935898176544,-14.758699416860022],[-47.632471084932384,-14.752092361139216],[-47.63041686964294,-14.745815276736344],[-47.64058494615797,-14.73313522273695],[-47.643213272050545,-14.72594070415693],[-47.65606117217843,-14.717374802090836],[-47.65908050506978,-14.710554123155108],[-47.669517517417944,-14.713890075672024],[-47.67421531738337,-14.728330611881331],[-47.68913268978749,-14.735540389694348],[-47.69174194264995,-14.741956711252916],[-47.70490837100454,-14.671260833661595],[-47.715232848702115,-14.652616500878285],[-47.726118088037694,-14.65206527722296],[-47.740821838372305,-14.648971557987192],[-47.74572372389219,-14.651540756268965],[-47.75490951510191,-14.647924423374974],[-47.75643158009514,-14.64235687340797],[-47.76252365072147,-14.63907241801932],[-47.76794815092082,-14.643688201969066],[-47.77221679692894,-14.640462874661681],[-47.7741661069595,-14.644340514648324],[-47.776069640639804,-14.659784316698723],[-47.78068733244145,-14.667089462161611],[-47.778450011751026,-14.676082610998408],[-47.7844734187503,-14.68767929070982],[-47.79030990610189,-14.69475173972616],[-47.807561874165295,-14.692848205797302],[-47.81523513779516,-14.699333191020916],[-47.81737708974177,-14.708671569590077],[-47.82403945941949,-14.718606948970377],[-47.82177925055393,-14.722116470102565],[-47.83308219931011,-14.732406616174304],[-47.83427047729322,-14.740674972645143],[-47.83825683580813,-14.74591064489983],[-47.852653503351064,-14.756498336999712],[-47.85628128135403,-14.76381492586607],[-47.86508369405837,-14.771917343055055],[-47.877075195191615,-14.776807785197454],[-47.882608413998234,-14.77559280399468],[-47.894886016871375,-14.782052994047719],[-47.90027618435888,-14.792011260838692],[-47.9099826813281,-14.79859352058255],[-47.92123413056735,-14.794939041093409],[-47.95116043077103,-14.802467345745919],[-47.98979377673186,-14.802179337149681],[-48.00398960433347,-14.810090511011744],[-48.01296338325468,-14.823057555897174],[-48.02794200818476,-14.823868372771937],[-48.031353823108574,-14.831062519931848],[-48.04040341624649,-14.837421660813906],[-48.03468479774165,-14.84893359632116],[-48.04071798020785,-14.857517828051536],[-48.04757491958622,-14.858501612982174],[-48.0554389656195,-14.856153171866403],[-48.05940216376976,-14.85846537107736],[-48.0689644883224,-14.874969899761343],[-48.06841058801653,-14.882386904215457],[-48.07757492566064,-14.895067236016068],[-48.07879921620517,-14.898800459054192],[-48.07126574839981,-14.905679869860036],[-48.05818364400262,-14.909867230611333],[-48.05462912630603,-14.919417579222412],[-48.046194685101625,-14.922933315604318],[-48.04312279537626,-14.935680752275278],[-48.044964946274895,-14.945154669828248],[-48.037859506837805,-14.951733779856779],[-48.03483311678158,-14.960418203857776],[-48.05049139807247,-14.961997190601114],[-48.05207038391536,-14.967392061300577],[-48.04680709627522,-14.971207943618218],[-48.04891241133127,-14.980418698142534],[-48.05864949413928,-14.995024320994403],[-48.05614316934376,-15.001717930166608],[-48.05658977936368,-15.00982070525537],[-48.061885293166334,-15.022325775147731],[-48.054819290668526,-15.032569882750929],[-48.05590391384762,-15.051710296347386],[-48.06222024978295,-15.055921186642443],[-48.05947679131199,-15.060451084807992],[-48.06183744170778,-15.066001804039935],[-48.06655874429599,-15.06785204371487],[-48.07173463124888,-15.076233950005788],[-48.0769503926206,-15.076329652366672],[-48.08154409221765,-15.082167478261077],[-48.072069587865506,-15.090637110923943],[-48.08455870715712,-15.099776658028476],[-48.085085068709645,-15.109442566363311],[-48.09527733775359,-15.110638841822638],[-48.09125785206594,-15.121405324400518],[-48.09202346821629,-15.128295873349892],[-48.089837357785264,-15.136255511218787],[-48.087048060980294,-15.139785239002427],[-48.07944378526929,-15.13959976891176],[-48.07244228719878,-15.147714087791028],[-48.056862795344834,-15.140248915252675],[-48.05421984487943,-15.131949125755732],[-48.04902668062867,-15.136446776798783],[-48.035858301133274,-15.138626050872196],[-48.03497152201403,-15.134835504914554],[-48.026103729923314,-15.136504736215294],[-48.01487119471237,-15.132644638599247],[-48.012436898632956,-15.12572428423338],[-48.00673369162512,-15.125133098408131],[-48.00499490986624,-15.11570889566629],[-47.99511320458569,-15.119550013895868],[-47.99074068368633,-15.106432452096211],[-47.983268655256516,-15.10211527898413],[-47.97751242518904,-15.104661304188705],[-47.96926551897829,-15.099901345337969],[-47.96544648156652,-15.09403441783622],[-47.9573656208512,-15.09237396708447],[-47.95343588674191,-15.094421856819332],[-47.94895266914502,-15.086230299146491],[-47.93467279067386,-15.08241126158678],[-47.92881611368626,-15.072715047874134],[-47.92549521276077,-15.07719826557532],[-47.913595313735364,-15.08234566407155],[-47.911547425280474,-15.088267938809102],[-47.904020047154425,-15.089762345065877],[-47.89699080461636,-15.08527912686336],[-47.88697275124535,-15.08920886133594],[-47.88403928831202,-15.085057734251839],[-47.87457471663197,-15.093027898174956],[-47.87136451240399,-15.090039086390236],[-47.86212133501729,-15.091644189198547],[-47.85758276862249,-15.087714454656412],[-47.85287815942721,-15.090371177411878],[-47.85387442880654,-15.098507386227798],[-47.849889346797646,-15.09861808292739],[-47.84518473580574,-15.092086976080067],[-47.83937315783866,-15.09092465984901],[-47.83151368962007,-15.0959613609571],[-47.82332213220724,-15.096791587378119],[-47.80992782821452,-15.089098164070025],[-47.80411625024744,-15.080021032336958],[-47.798526064777086,-15.079190807187706],[-47.79016846186883,-15.07459689283948],[-47.78435688390175,-15.07371131902593],[-47.7768295057757,-15.063914657575832],[-47.774670919724976,-15.056331932157072],[-47.76116591903475,-15.040391603577866],[-47.74126446256731,-15.040695550972776],[-47.74362820226935,-15.034434835160543],[-47.736536983163205,-15.033732102038023],[-47.72950965044343,-15.024596568182135],[-47.72324893369892,-15.025490956217018],[-47.7143689397917,-15.019038586366648],[-47.7050417510613,-15.020827361876442],[-47.70242247210196,-15.02574649533906],[-47.683701304001474,-15.030843702695066],[-47.679907018769036,-15.039234011634674],[-47.57373868368432,-15.047092943836025],[-47.576467567888116,-15.022974793764872],[-47.5754358878186,-15.016095788426592],[-47.57166126221615,-15.010538370612023],[-47.57539176886005,-14.993982314750841],[-47.571601868304505,-14.971920012622308],[-47.57458114621566,-14.964332581206964],[-47.56376838744877,-14.946197509804389],[-47.56396102936482,-14.937234878660922],[-47.55532836860477,-14.934888839982236],[-47.547882079602786,-14.925477981753852],[-47.53765869112077,-14.93089675904431],[-47.515937804843176,-14.922777175623755],[-47.49744224503305,-14.902454376308436],[-47.49163436902326,-14.875467300004773],[-47.489765167156484,-14.842163085965138],[-47.480241775588254,-14.821775436197699]]]},"properties":{"nome":"Água Fria de Goiás"}},
{"type":"Feature","geometry":{"type":"Polygon","coordinates":[[[-48.40817862801088,-15.976470211930941],[-48.41768775343408,-15.98270474965415],[-48.4196573087962,-15.986432837160791],[-48.42711348375788,-15.987065908940302],[-48.45454657995908,-15.966174550853355],[-48.45433555581736,-15.962657486655244],[-48.4664342547101,-15.953653803781155],[-48.475578620110504,-15.949925716575315],[-48.48106523971007,-15.94141442303122],[-48.49091301831727,-15.933887906649778],[-48.49717339100704,-15.934380296057148],[-48.504840590110426,-15.931848009861959],[-48.52720911409716,-15.933114152634385],[-48.532273686311626,-15.929104699900781],[-48.53790098837289,-15.916232248145029],[-48.54282487722734,-15.912996548589646],[-48.57312242598511,-15.91449716324506],[-48.58237621067869,-15.91874890178891],[-48.59000639829406,-15.919486051405856],[-48.60309259272074,-15.93870499002645],[-48.61724095873262,-15.939094856099722],[-48.62357942825824,-15.930442344222753],[-48.629860257383655,-15.927736995830749],[-48.629193317574,-15.94105411105195],[-48.63252801482562,-15.944055339033918],[-48.650201910798195,-15.96706474958681],[-48.64903476658046,-15.975901697645442],[-48.64986844179169,-15.986239259893738],[-48.63786353330282,-16.00045001003803],[-48.634526399820146,-16.002096692745777],[-48.62821290525606,-16.01866961725518],[-48.627310976947875,-16.02537770638122],[-48.62313956099285,-16.027519785229224],[-48.62280133810185,-16.033664167881536],[-48.61924999684812,-16.042796187880505],[-48.61941910829361,-16.055197695894],[-48.61541680288577,-16.058467185284357],[-48.617389770947646,-16.07154513918223],[-48.61524769233859,-16.07661848264925],[-48.61603687938368,-16.08642694869677],[-48.619362738111214,-16.093022295709755],[-48.619024515220225,-16.114161230278487],[-48.622575855575654,-16.127295555425],[-48.62037740678419,-16.1377240960402],[-48.61275885594502,-16.143271945872712],[-48.59851923637162,-16.1463796151301],[-48.579223856158386,-16.15714050138861],[-48.57873683273048,-16.16219626103553],[-48.559418260711546,-16.170568415573022],[-48.54789205365781,-16.16769266163869],[-48.539589474357335,-16.172980337878464],[-48.53553094968406,-16.173096295993354],[-48.530567956266985,-16.180819087106542],[-48.52481644774465,-16.18255845425546],[-48.517743020671006,-16.188124429159252],[-48.516931317353325,-16.195777645101355],[-48.513267049783536,-16.197517012405196],[-48.50415276536873,-16.195777645101355],[-48.498122958771376,-16.198491057986413],[-48.49165251325579,-16.19814318419247],[-48.4734471362319,-16.205031078930077],[-48.46706945614245,-16.202920645618295],[-48.45431409596354,-16.205981932942144],[-48.44468959721346,-16.20681682860653],[-48.44016724181628,-16.212521953818367],[-48.44042234988224,-16.21776324660848],[-48.43537689561365,-16.22999550797448],[-48.42894510280813,-16.23387107564823],[-48.42585289408935,-16.244673191092573],[-48.419792165683276,-16.255186698675978],[-48.41546307383633,-16.274482080199448],[-48.40997955701775,-16.28128493903154],[-48.40861898575641,-16.291138776018943],[-48.39831162365996,-16.300250484340193],[-48.380624191872684,-16.307877930713342],[-48.373120433150405,-16.309073585254374],[-48.357288326055404,-16.314350953746906],[-48.34388875613848,-16.321277500803443],[-48.329128614061915,-16.322431925903928],[-48.319522152584426,-16.319422175967244],[-48.32524198111995,-16.31280605438677],[-48.32080120442867,-16.302518254073913],[-48.3209492297195,-16.282460744765064],[-48.330200848574925,-16.259590744000352],[-48.34793157556564,-16.246256848829706],[-48.363106542572424,-16.24066771478542],[-48.37106871697408,-16.220528097324767],[-48.37556500416003,-16.21347142519342],[-48.373753999648926,-16.204010488870495],[-48.370131990626724,-16.196828920329462],[-48.362887974378964,-16.190365507653055],[-48.355206817252686,-16.18721186293293],[-48.35311479456789,-16.178593979986378],[-48.35686170085561,-16.172442809788723],[-48.35551905906903,-16.163949823926277],[-48.35230296458774,-16.159859452108623],[-48.350367063709434,-16.151085448855614],[-48.35118930157046,-16.134994570573117],[-48.3547558009963,-16.1287080961752],[-48.35014849461765,-16.117828193320115],[-48.35136970843234,-16.109890303938634],[-48.357808835083844,-16.10439484312954],[-48.35980718504408,-16.09229372607559],[-48.36735650541926,-16.079304452866705],[-48.36879975761935,-16.072365739294604],[-48.36546917465173,-16.055546297253482],[-48.36702344694283,-16.044832922657125],[-48.36474754900084,-16.037339110871894],[-48.3649140777899,-16.028402048137973],[-48.36768956389568,-16.02018661126741],[-48.365691213935456,-16.016522969883354],[-48.37085361717593,-16.010250371762407],[-48.369465873673875,-16.005809595050657],[-48.376406354577036,-15.991663926775082],[-48.392035305873904,-15.983275730017052],[-48.39369711908093,-15.978448560276778],[-48.40817862801088,-15.976470211930941]]]},"properties":{"nome":"Alexânia"}},
{"type":"Feature","geometry":{"type":"Polygon","coordinates":[[[-46.99516296400548,-14.082567214693649],[-46.98678588921512,-14.079521179411369],[-46.98378944360059,-14.074001312235312],[-46.98278999328684,-14.065910338608582],[-46.98631095890756,-14.057439804275901],[-46.9852161407483,-14.053442001077801],[-46.99478149442008,-14.048492432088445],[-46.99806594799955,-14.052204131949713],[-47.005298614932016,-14.04416275021783],[-47.01500701902459,-14.044351578025948],[-47.015672684124844,-14.038879395213359],[-47.02400207544161,-14.0401172640334],[-47.028045653945185,-14.034645081185953],[-47.039373397999825,-14.032217025992813],[-47.04327583320596,-14.0418777470209],[-47.04822349507609,-14.043115616198502],[-47.054933548227396,-14.040260314669085],[-47.05817031923158,-14.043115616198502],[-47.05916976864702,-14.05315589875623],[-47.06616592443655,-14.059675217373307],[-47.06611824006463,-14.064577102763659],[-47.074398040784445,-14.061912537028858],[-47.08001327487818,-14.06276893570831],[-47.08420181272252,-14.067100525065616],[-47.084962844769976,-14.073858260907162],[-47.09019851729998,-14.074953078962036],[-47.089103699140715,-14.080615997343424],[-47.09476661670805,-14.08556556721935],[-47.10338020264136,-14.08918190006733],[-47.109519957639606,-14.097127914006432],[-47.11361122141341,-14.096462249834145],[-47.12146377619757,-14.105075836262706],[-47.1326484680348,-14.10878753698044],[-47.132980347023256,-14.1169738772226],[-47.14240264937593,-14.115165709597605],[-47.15187454232555,-14.120256423992103],[-47.15353965773956,-14.128395081294192],[-47.15948867794511,-14.130821228394932],[-47.16024970999257,-14.135152816769637],[-47.168481827238786,-14.139959334664445],[-47.16995811498345,-14.144813538403463],[-47.17709541317209,-14.142005919723253],[-47.183948516744195,-14.142433167276865],[-47.19227600093761,-14.136152267353998],[-47.20331764235405,-14.150047302238367],[-47.220022202236144,-14.142337798741199],[-47.22920608542421,-14.143337249983599],[-47.247051238917486,-14.142053604065678],[-47.25071716298066,-14.146907805777433],[-47.26470756474142,-14.144861221286007],[-47.27117919872811,-14.147144318089069],[-47.28674125697735,-14.159803390586276],[-47.29159545902363,-14.15642547611044],[-47.29692649760251,-14.159471511814752],[-47.30691909810825,-14.156091690060116],[-47.32676315312735,-14.161802291825563],[-47.33142852840261,-14.155426024934009],[-47.33233261087085,-14.148859024335417],[-47.338947296176656,-14.14738273605486],[-47.34746551516277,-14.138246536094504],[-47.357460021893544,-14.137865066884906],[-47.361932755252745,-14.132392882807977],[-47.36983299261219,-14.1314888001591],[-47.38698768570674,-14.137151717903073],[-47.38859367400876,-14.141433716416216],[-47.401859282658926,-14.147144318089069],[-47.40453720094508,-14.154045104653678],[-47.40358543410492,-14.162611007993478],[-47.41254234266509,-14.167320250997237],[-47.42517661982516,-14.163421631401656],[-47.44186401380048,-14.160535811737367],[-47.44576454188327,-14.155700684189467],[-47.444749831887776,-14.148399352987461],[-47.454328537219624,-14.145893096797586],[-47.45362091091413,-14.163042068409204],[-47.449455261244914,-14.166990280239173],[-47.44624328643752,-14.179304123128938],[-47.449516296378576,-14.184003829606914],[-47.43940353362717,-14.202087402191866],[-47.43517875684596,-14.203275680827916],[-47.43327522316565,-14.209224701235044],[-47.421258925835616,-14.21178245471944],[-47.40359115637328,-14.223739624362285],[-47.40858840884035,-14.230581284261396],[-47.408945084025596,-14.237123489155865],[-47.40192604095927,-14.249200820882496],[-47.394132614185416,-14.258241653209277],[-47.39490699789294,-14.265855788906649],[-47.398178100710645,-14.268890381374845],[-47.39175415019754,-14.284357071394751],[-47.39002799964987,-14.295660018656754],[-47.38901710479939,-14.313920975350351],[-47.394668578728314,-14.315944672348982],[-47.396572113306945,-14.321298599369596],[-47.41590499908161,-14.325462341146245],[-47.424343109005626,-14.322662353945807],[-47.42954063367878,-14.335168839376712],[-47.435022353866785,-14.342592238651461],[-47.44118881218517,-14.340192794658856],[-47.45403862033473,-14.347217559969646],[-47.45723724438037,-14.35315704301914],[-47.46608734055831,-14.36389350906635],[-47.46591758681738,-14.373659133817544],[-47.46850967377308,-14.384897231727388],[-47.474824904780604,-14.397758483728046],[-47.48116493198493,-14.41637420666814],[-47.4887027736874,-14.423854827755957],[-47.499439240333835,-14.424541473303893],[-47.507377624651824,-14.4293956764158],[-47.51697158786877,-14.43162155181727],[-47.521711349039435,-14.428138733402262],[-47.542497635281954,-14.42459869388818],[-47.54980659523319,-14.424825668176734],[-47.5537052152943,-14.446729659764676],[-47.5484104156523,-14.449823380348004],[-47.55328750587371,-14.454582214212259],[-47.565721511726025,-14.452142715018296],[-47.56459045373157,-14.457080841284002],[-47.57190704307452,-14.45910263105781],[-47.574882506738966,-14.456604004100573],[-47.57279968280267,-14.447443007901297],[-47.58130645815039,-14.447858810380085],[-47.58309173581005,-14.437032699756704],[-47.59118080083887,-14.43572425772621],[-47.59118080083887,-14.429121017128935],[-47.59665489163516,-14.427574157934997],[-47.60944366465105,-14.431262970056528],[-47.61574935914353,-14.426979065347664],[-47.62788391069756,-14.433523178120081],[-47.638473510879884,-14.434059142916135],[-47.64549255394622,-14.436319351297893],[-47.65637779238347,-14.452201843131888],[-47.659709930334856,-14.45493888901766],[-47.67601585382647,-14.459070206074026],[-47.682653427307386,-14.465066910431268],[-47.70542526161902,-14.462284088201617],[-47.707376479671254,-14.455930710029916],[-47.71499061618912,-14.450599670291343],[-47.71689414986943,-14.445936203354263],[-47.72374725344153,-14.447078705015455],[-47.72298622139407,-14.430707932197022],[-47.725746154967354,-14.423475265585763],[-47.73259925764114,-14.41614532536484],[-47.733169555794206,-14.412147522221362],[-47.74221229568483,-14.411291121569388],[-47.74487686231091,-14.40634155268206],[-47.75106430078275,-14.410530090136907],[-47.762104034177526,-14.409673691103206],[-47.768575668164225,-14.418144226149504],[-47.77057456969005,-14.40634155268206],[-47.77923583999526,-14.414623259981251],[-47.78133010936659,-14.39758682301874],[-47.78903961193335,-14.39806175228267],[-47.78951644936426,-14.388544082594786],[-47.797367096126756,-14.390798569301893],[-47.797510147445855,-14.38459396356583],[-47.80826568622409,-14.380691527791596],[-47.81140708938277,-14.37464714135728],[-47.81016921990441,-14.367414473755417],[-47.81212043795662,-14.360895157181098],[-47.80945587222887,-14.355802535842045],[-47.82092475868264,-14.354612350255579],[-47.82773017878114,-14.350805282812598],[-47.8351974488349,-14.352199554390562],[-47.83605575585121,-14.363601684717947],[-47.84783744826332,-14.367313384629634],[-47.85173225407775,-14.371816634825278],[-47.85698699963786,-14.372787476258818],[-47.86515235858374,-14.380783080789538],[-47.86126899730604,-14.3850078575935],[-47.857328415141374,-14.396543503335932],[-47.86007118190957,-14.40311050358149],[-47.850532531557924,-14.408594130801438],[-47.84099578922795,-14.429552077584482],[-47.83839798000389,-14.438821792944756],[-47.834352492580344,-14.464996337789163],[-47.83121299744332,-14.466470717948633],[-47.83064079306522,-14.474895477248111],[-47.82731056223721,-14.47879791326988],[-47.82892799417762,-14.486839294234294],[-47.82274055480746,-14.506160735865654],[-47.815078734816,-14.506637572641045],[-47.80631446817187,-14.514646530150191],[-47.80343818659963,-14.519784927318149],[-47.79605293273132,-14.524049759345019],[-47.789161682200664,-14.521764755130187],[-47.78491783059272,-14.52751350433265],[-47.774904250831824,-14.52795219392623],[-47.77166938784931,-14.534576416016735],[-47.76150322025426,-14.540554047024562],[-47.761980056786854,-14.54360008176417],[-47.76972770721046,-14.549957274934583],[-47.768699645554904,-14.557058333753737],[-47.769193648892575,-14.572589873848317],[-47.772487639885405,-14.578149795729098],[-47.76570129371534,-14.598812103186308],[-47.769508361974275,-14.614421843897603],[-47.77750206005588,-14.625509261972127],[-47.77590370204389,-14.636226654268583],[-47.77221679692894,-14.640462874661681],[-47.76794815092082,-14.643688201969066],[-47.76252365072147,-14.63907241801932],[-47.75643158009514,-14.64235687340797],[-47.75490951510191,-14.647924423374974],[-47.74572372389219,-14.651540756268965],[-47.740821838372305,-14.648971557987192],[-47.726118088037694,-14.65206527722296],[-47.715232848702115,-14.652616500878285],[-47.70490837100454,-14.671260833661595],[-47.69174194264995,-14.741956711252916],[-47.68913268978749,-14.735540389694348],[-47.67421531738337,-14.728330611881331],[-47.669517517417944,-14.713890075672024],[-47.65908050506978,-14.710554123155108],[-47.65606117217843,-14.717374802090836],[-47.643213272050545,-14.72594070415693],[-47.64058494615797,-14.73313522273695],[-47.63041686964294,-14.745815276736344],[-47.632471084932384,-14.752092361139216],[-47.640935898176544,-14.758699416860022],[-47.64560508680017,-14.826124191133427],[-47.635765075925214,-14.82622337280069],[-47.62935829221719,-14.822689056400039],[-47.625932692645335,-14.813722610283698],[-47.61548233043374,-14.79561996515649],[-47.603775023917045,-14.785341263376523],[-47.58567237912735,-14.775117873640728],[-47.57641982961728,-14.758214950584893],[-47.56557464616022,-14.755058289399372],[-47.557220458646675,-14.731828690104127],[-47.54352760316254,-14.728851317872023],[-47.53863334703436,-14.736383437971423],[-47.5347080227548,-14.737752913703012],[-47.5347080227548,-14.746734619262309],[-47.532089233377285,-14.751850128163506],[-47.5259628300391,-14.775882720596002],[-47.51442337013997,-14.779392241581611],[-47.51257896357167,-14.785161972027254],[-47.497314453395674,-14.788976668602086],[-47.47299385077068,-14.802227019723489],[-47.480241775588254,-14.821775436197699],[-47.472499847433006,-14.816511153829873],[-47.45182228069607,-14.817937851429926],[-47.44625282295258,-14.822221755795],[-47.430192947118975,-14.829431534071263],[-47.422983170158254,-14.829931258774382],[-47.41891288833455,-14.827432632403495],[-47.39528465323164,-14.818580626595951],[-47.38957405129239,-14.813512802202194],[-47.38400649977394,-14.81329727164158],[-47.37893867475983,-14.818223952832872],[-47.374971390173336,-14.817342757946435],[-47.369737624766685,-14.80815315193444],[-47.359922409190204,-14.801519394208787],[-47.36069488487606,-14.796344757247041],[-47.356233596951895,-14.792507172093105],[-47.355489730811215,-14.781621932721276],[-47.357751845901795,-14.776327133380072],[-47.351802825696254,-14.771450043367803],[-47.34564590479125,-14.770467758387147],[-47.34070777943617,-14.773025513245479],[-47.335443497361005,-14.765798568856448],[-47.32693672201329,-14.773471832411527],[-47.316080093121194,-14.766244888097864],[-47.316795348818395,-14.757083893256976],[-47.314235686552884,-14.750123978026052],[-47.307455062651165,-14.745721817129182],[-47.301090240148376,-14.721212387158294],[-47.295557022240075,-14.712646483579293],[-47.28824043289713,-14.69729995741583],[-47.28116226182049,-14.692243575756363],[-47.267784119418046,-14.698108673057419],[-47.26308441232927,-14.701915741263717],[-47.25804519686034,-14.699655532700442],[-47.24740982122608,-14.700511932322911],[-47.24165153491492,-14.695848465068027],[-47.23037338325385,-14.68076133707719],[-47.2344894414278,-14.677978515974008],[-47.230777740116054,-14.66841316238043],[-47.23215675379018,-14.65708732623728],[-47.231134415301305,-14.650091171353159],[-47.23413276714087,-14.645998001310485],[-47.231800078604934,-14.638408661139398],[-47.224662781314606,-14.629009246582704],[-47.21726226776455,-14.630674362333773],[-47.2158813478654,-14.626867293809433],[-47.221260070816186,-14.607545852943574],[-47.21074295030425,-14.604738235364563],[-47.20419883664717,-14.607118606684217],[-47.2060546877522,-14.593578339011579],[-47.201486588344125,-14.589700699251335],[-47.19991493185564,-14.576993941763455],[-47.19503784163424,-14.577375411887395],[-47.19337272622022,-14.569023132113504],[-47.184139252435216,-14.553508759347489],[-47.186067581413994,-14.546726226686475],[-47.17821502662982,-14.540254592938302],[-47.169172286739204,-14.548536301192891],[-47.161844253757856,-14.547679900780823],[-47.15756607123469,-14.550636292379057],[-47.15104675287607,-14.543022156313357],[-47.144050597984865,-14.53835868762177],[-47.146001816037085,-14.534328460891492],[-47.152576447261005,-14.530902863341538],[-47.15281105038229,-14.523191451760164],[-47.1493053444433,-14.515129089157448],[-47.15345382730743,-14.501983642629988],[-47.15421295223154,-14.486091613757884],[-47.160114288065174,-14.474231720347364],[-47.156724930125144,-14.46938323995955],[-47.16905212359522,-14.455829620144128],[-47.17355155937624,-14.45670509276425],[-47.17623901417745,-14.446014404229716],[-47.18406677186651,-14.43526267987848],[-47.18067932104984,-14.428953171070157],[-47.18067932104984,-14.417211533356044],[-47.18494415281125,-14.412771224900707],[-47.18909263567539,-14.402780532976207],[-47.18774795471311,-14.388582230298782],[-47.190143584607746,-14.384025573619686],[-47.1914291375597,-14.373043059669165],[-47.18745613070486,-14.356916428052388],[-47.18190574599147,-14.349264145424993],[-47.184885024800934,-14.342720032402648],[-47.18732070877746,-14.325347899685132],[-47.18264579788547,-14.320850372108056],[-47.181547164581204,-14.313234328700254],[-47.177972794116826,-14.308639526119098],[-47.18003463700135,-14.297502517694834],[-47.174097061332525,-14.291707993233652],[-47.17494773895713,-14.287954330151576],[-47.17122077886197,-14.267057418939345],[-47.13862609868384,-14.257505417027643],[-47.14155387887468,-14.248146057291512],[-47.142089844315905,-14.237972260335217],[-47.13834190406729,-14.23035812403017],[-47.137210846072826,-14.220663071014801],[-47.13399887126543,-14.215784073063352],[-47.12870407072512,-14.200199126981055],[-47.120615004798005,-14.192049026423602],[-47.101875305351534,-14.185625075679372],[-47.095273971705794,-14.175512314294298],[-47.090930938903945,-14.17479896507583],[-47.084386826145185,-14.167957305795369],[-47.08278083784317,-14.160581589015216],[-47.08397102384793,-14.152549743586926],[-47.083137512130094,-14.141723633193912],[-47.079748154190064,-14.136489867661496],[-47.06880187972082,-14.131195067848452],[-47.064517974929295,-14.117965697656047],[-47.059045792154656,-14.109161376880149],[-47.05304908757721,-14.103307724394922],[-47.040344237870094,-14.097597121995332],[-47.03130149797948,-14.08888816812296],[-47.02420997614107,-14.088174820031202],[-47.01926040624929,-14.09060096658293],[-47.01074218816149,-14.087602614832637],[-47.00836372417361,-14.09060096658293],[-46.99516296400548,-14.082567214693649]]]},"properties":{"nome":"São João D'aliança"}},
{"type":"Feature","geometry":{"type":"Polygon","coordinates":[[[-46.90081214884137,-14.330459595292675],[-46.91380500831003,-14.320394515743029],[-46.9235134124026,-14.315790176252142],[-46.92533302277412,-14.309402465685155],[-46.93289947492008,-14.305974959647992],[-46.928831100219725,-14.297945022813384],[-46.938552855972354,-14.288257599362973],[-46.93741035523782,-14.280490875015719],[-46.93210029591408,-14.27369689929744],[-46.93558311457627,-14.27015495333205],[-46.94009590111904,-14.275636672665653],[-46.94631958032439,-14.267929077149702],[-46.94026565575828,-14.263530730728325],[-46.94369316065685,-14.253993988310423],[-46.95054626512727,-14.249082565362253],[-46.9575691224403,-14.249540329333104],[-46.96168136636756,-14.236633301142229],[-46.95842552233326,-14.231950759747564],[-46.97527313173782,-14.22635459891528],[-46.978641510422705,-14.220436095642539],[-46.97535896306827,-14.211917877116333],[-46.98149681094317,-14.201400757136907],[-46.990587234307384,-14.197593689249079],[-46.99015808124839,-14.189979553090028],[-46.98454284715465,-14.18859863320155],[-46.98335266114989,-14.194404602066124],[-46.976594925423285,-14.192310333165487],[-46.98163986226227,-14.180459975874312],[-46.980258942363115,-14.174701691394226],[-46.97483444216377,-14.171371459920275],[-46.96617317185855,-14.15966415419929],[-46.96060562123841,-14.158664703337163],[-46.96051025429121,-14.15152740497624],[-46.953943253357316,-14.1439590453414],[-46.94371032656361,-14.143865585117622],[-46.94613838204674,-14.136392593254707],[-46.93762016306062,-14.125875472952695],[-46.933765411328096,-14.123733520673243],[-46.930337906429536,-14.116453171378184],[-46.93695259083702,-14.106554030729383],[-46.937429428267926,-14.102794647274063],[-46.95399856622262,-14.090703963979463],[-46.96332549983148,-14.088943481298884],[-46.96922683656342,-14.096035004041987],[-46.976411819123975,-14.096652985206866],[-46.98240852370144,-14.092750548935422],[-46.98645401022667,-14.094987868857864],[-46.99268722504876,-14.090847015212727],[-46.990974426161145,-14.08680152880487],[-46.99516296400548,-14.082567214693649],[-47.00836372417361,-14.09060096658293],[-47.01074218816149,-14.087602614832637],[-47.01926040624929,-14.09060096658293],[-47.02420997614107,-14.088174820031202],[-47.03130149797948,-14.08888816812296],[-47.040344237870094,-14.097597121995332],[-47.05304908757721,-14.103307724394922],[-47.059045792154656,-14.109161376880149],[-47.064517974929295,-14.117965697656047],[-47.06880187972082,-14.131195067848452],[-47.079748154190064,-14.136489867661496],[-47.083137512130094,-14.141723633193912],[-47.08397102384793,-14.152549743586926],[-47.08278083784317,-14.160581589015216],[-47.084386826145185,-14.167957305795369],[-47.090930938903945,-14.17479896507583],[-47.095273971705794,-14.175512314294298],[-47.101875305351534,-14.185625075679372],[-47.120615004798005,-14.192049026423602],[-47.12870407072512,-14.200199126981055],[-47.13399887126543,-14.215784073063352],[-47.137210846072826,-14.220663071014801],[-47.13834190406729,-14.23035812403017],[-47.142089844315905,-14.237972260335217],[-47.14155387887468,-14.248146057291512],[-47.13862609868384,-14.257505417027643],[-47.17122077886197,-14.267057418939345],[-47.17494773895713,-14.287954330151576],[-47.174097061332525,-14.291707993233652],[-47.18003463700135,-14.297502517694834],[-47.177972794116826,-14.308639526119098],[-47.181547164581204,-14.313234328700254],[-47.18264579788547,-14.320850372108056],[-47.18732070877746,-14.325347899685132],[-47.184885024800934,-14.342720032402648],[-47.18190574599147,-14.349264145424993],[-47.18745613070486,-14.356916428052388],[-47.1914291375597,-14.373043059669165],[-47.190143584607746,-14.384025573619686],[-47.18774795471311,-14.388582230298782],[-47.18909263567539,-14.402780532976207],[-47.18494415281125,-14.412771224900707],[-47.18067932104984,-14.417211533356044],[-47.18067932104984,-14.428953171070157],[-47.18406677186651,-14.43526267987848],[-47.17623901417745,-14.446014404229716],[-47.17355155937624,-14.45670509276425],[-47.16905212359522,-14.455829620144128],[-47.156724930125144,-14.46938323995955],[-47.160114288065174,-14.474231720347364],[-47.15421295223154,-14.486091613757884],[-47.15345382730743,-14.501983642629988],[-47.1493053444433,-14.515129089157448],[-47.15281105038229,-14.523191451760164],[-47.152576447261005,-14.530902863341538],[-47.146001816037085,-14.534328460891492],[-47.144050597984865,-14.53835868762177],[-47.141481400102606,-14.535930633848597],[-47.12158775268993,-14.539215087657963],[-47.112451552975465,-14.54268837028657],[-47.107358931764566,-14.540832520413158],[-47.09289169257291,-14.546543120879436],[-47.0942726142687,-14.554109572732369],[-47.098209381288356,-14.556907654137758],[-47.096858978057725,-14.562866210720278],[-47.087873459054066,-14.563304901382951],[-47.082551956091926,-14.567283630097679],[-47.08141136158242,-14.579227448101749],[-47.08674049393626,-14.578037262180741],[-47.088882445882874,-14.585367203192156],[-47.07846069321645,-14.595123291016801],[-47.08678817740986,-14.598882674843841],[-47.0840759282085,-14.609018326024607],[-47.08597946188881,-14.621343612922894],[-47.09511566160328,-14.626054764331514],[-47.099922180175966,-14.626436233683295],[-47.10116004875601,-14.631956100244432],[-47.09192848209435,-14.629814148413399],[-47.0862655636287,-14.636953353759493],[-47.08702659567616,-14.647899628299502],[-47.09078597956318,-14.649803162134429],[-47.09601974496984,-14.645853043235153],[-47.10339736944645,-14.649898528770862],[-47.09925651597402,-14.664936065809819],[-47.109155654859286,-14.66817092862664],[-47.11048698416149,-14.675786972184696],[-47.103471756240175,-14.680366516413683],[-47.10133361764195,-14.696525574363267],[-47.10560798591842,-14.703189850265419],[-47.11327934332326,-14.707464218360252],[-47.11051368658331,-14.716896057327698],[-47.10554504366141,-14.717651367432978],[-47.09730911306681,-14.723875045746707],[-47.09510803221157,-14.729282378653016],[-47.09768676840551,-14.736576079902454],[-47.09825134339191,-14.746824264732693],[-47.0951709753669,-14.752042770308751],[-47.094982146799225,-14.759777069325988],[-47.10831260662639,-14.76744651841714],[-47.11340522783729,-14.776626587161447],[-47.10894012476811,-14.787252426250234],[-47.10931778010682,-14.792911530236227],[-47.102024078040685,-14.797060013128021],[-47.09831428475061,-14.804479599018684],[-47.083036422914546,-14.803915024021125],[-47.07341766439912,-14.81202507020998],[-47.06888961817462,-14.824726105238977],[-47.07241058289703,-14.834470748922227],[-47.06505394037052,-14.846794128217917],[-47.06844901968059,-14.85421371495954],[-47.06392288237606,-14.861822127973044],[-47.06335640026632,-14.874773025829962],[-47.05952072066559,-14.882633208865213],[-47.05978965829535,-14.89552497892591],[-46.983909606744575,-14.910125732334922],[-46.95807266229302,-14.976522446227131],[-46.94019239185865,-15.000447850261164],[-46.94350981271074,-15.004510947241652],[-46.94040641457678,-15.00900552275219],[-46.94104849800252,-15.018208703176938],[-46.93601885318462,-15.024629525930322],[-46.925317481021395,-15.029017087981169],[-46.918789643938936,-15.040253529048535],[-46.91720167943479,-15.047106865708926],[-46.91070059597813,-15.04542139985352],[-46.891919688114626,-15.034465869730772],[-46.88702381142568,-15.030051554112717],[-46.87337956108662,-15.026680622336421],[-46.86195049605107,-15.01877498414173],[-46.85914138600421,-15.013718585763177],[-46.8499917133571,-15.009705571143021],[-46.82952533874684,-15.009625311105678],[-46.8158494578283,-15.01247768440452],[-46.803287228248976,-15.016917899723646],[-46.78581021424059,-15.01835551687245],[-46.76823280631268,-15.024043728895993],[-46.758457811904734,-15.030308291111432],[-46.74714994307575,-15.03412732268471],[-46.73971354272841,-15.034381621255527],[-46.72642501356378,-15.038419265908173],[-46.70820836178474,-15.049525936072248],[-46.695759073792814,-15.05511801358733],[-46.68161722775326,-15.058624185086511],[-46.67012089507261,-15.067365911106778],[-46.65635423041147,-15.0815101544136],[-46.64096747210172,-15.08759113667749],[-46.62539150703357,-15.089518242316014],[-46.61056393112357,-15.084013059231031],[-46.60025742691821,-15.0878146230317],[-46.59552898541844,-15.083710752275426],[-46.58795387530977,-15.081126789375276],[-46.57740256581644,-15.0840678167859],[-46.56987516343588,-15.079963256990126],[-46.56517697988982,-15.07325374793696],[-46.551267890933644,-15.063879366398483],[-46.54452897131899,-15.065273646240518],[-46.54270259304012,-15.061752898219757],[-46.53194646406875,-15.05639766781326],[-46.52592474320726,-15.058768883835718],[-46.53992154276947,-15.040455878005947],[-46.5470948984353,-15.037020750165714],[-46.55209603970924,-15.031059792632401],[-46.55443036497562,-15.021838571309587],[-46.55238954266876,-15.014270523396963],[-46.556131050081625,-15.010443980987237],[-46.56596374507691,-14.987165451043134],[-46.56560707078998,-14.98175239588364],[-46.56959152218155,-14.969261169031082],[-46.577087401780474,-14.957660675334658],[-46.57809829663095,-14.945526122768268],[-46.58672523512263,-14.933092117193926],[-46.585832596292796,-14.920957565029696],[-46.593505859024354,-14.912748336808628],[-46.59279251134881,-14.896924972991439],[-46.59695625299636,-14.897102355581566],[-46.59909820584129,-14.877828598252613],[-46.60540390033376,-14.866109848002965],[-46.60409545920667,-14.862125396789311],[-46.607009887737455,-14.855463027670123],[-46.61396980279346,-14.851358413997211],[-46.61230278025611,-14.8339290617445],[-46.6196212767224,-14.83178710922543],[-46.61825180135996,-14.825302123761912],[-46.61920356820012,-14.81548690785794],[-46.61771774304208,-14.810194016324724],[-46.62140464815705,-14.80573272669151],[-46.6263427726138,-14.807456969780954],[-46.62806701693644,-14.798831939894733],[-46.63252830486061,-14.78770828164426],[-46.63092231835523,-14.779140472311566],[-46.63556289743369,-14.771705626999161],[-46.64133262558662,-14.777357100754163],[-46.65233802806618,-14.776374817291298],[-46.661260604812824,-14.773817061906446],[-46.66075515693843,-14.770040511686798],[-46.66818428003365,-14.760730742611106],[-46.669647217016546,-14.749916076985361],[-46.66747093235811,-14.738243102866718],[-46.67418098371278,-14.727394104073179],[-46.66939735421354,-14.719791411704888],[-46.67749977090241,-14.710012436281094],[-46.68445968595842,-14.694450378161788],[-46.68856430139229,-14.680707931681338],[-46.684316634639316,-14.674070358130997],[-46.684139252405,-14.658508300941518],[-46.68128395098621,-14.65279769938461],[-46.68835067662783,-14.640554428065329],[-46.693382262705065,-14.635629653848396],[-46.69409561217724,-14.630989074579706],[-46.70241355895728,-14.624565124650456],[-46.70351982075495,-14.619068146050214],[-46.699199677026535,-14.61085891719637],[-46.70498275773785,-14.61025237974641],[-46.71030044555497,-14.599187851080597],[-46.71761703489792,-14.597654342620734],[-46.72946739183541,-14.60086631759583],[-46.732786179025034,-14.607219696078008],[-46.74602890039839,-14.600151062240641],[-46.75009727509875,-14.59297752368356],[-46.745672226111466,-14.591657638650755],[-46.75038337683864,-14.583375931087039],[-46.75470161434202,-14.58034324558356],[-46.76137542675983,-14.580556870033444],[-46.762338638136704,-14.572954178047965],[-46.7707271583621,-14.574132918690996],[-46.77429580655811,-14.582448958664132],[-46.77775764506684,-14.58087921070427],[-46.79142761237585,-14.564424514624953],[-46.79524803229485,-14.56870651234704],[-46.80081558201668,-14.563388824427337],[-46.808845519933485,-14.565673828401824],[-46.82654953012932,-14.554822922110644],[-46.83204650910074,-14.557678223319739],[-46.840433121304464,-14.550397872869503],[-46.840862274363474,-14.54547119112008],[-46.850070952850004,-14.54379463215247],[-46.84874916096117,-14.5391178130771],[-46.85331726126756,-14.533979415589892],[-46.846643447951436,-14.530517578025066],[-46.86009979229262,-14.519523620774075],[-46.869594574315684,-14.515348433733847],[-46.87248420664967,-14.502605438204641],[-46.86627388000272,-14.496610640775195],[-46.85952758791453,-14.495718001639148],[-46.85735130325607,-14.490756989301316],[-46.851640701316825,-14.488292693605459],[-46.86102676383431,-14.478443145952719],[-46.86334800693521,-14.471376419169966],[-46.86241912827018,-14.462451935204564],[-46.85981368965442,-14.45863342257064],[-46.861349106307706,-14.445892333603652],[-46.867666245336906,-14.442108153593702],[-46.86837959301245,-14.43679046594995],[-46.88686943055421,-14.437967299977158],[-46.889724731074686,-14.429187774988145],[-46.88647651733041,-14.426759719573884],[-46.88594055188918,-14.415767670222037],[-46.88722610484115,-14.407915115292585],[-46.88094329762548,-14.404417037639643],[-46.87116432188419,-14.403310776109397],[-46.87701797514254,-14.395494461279588],[-46.88137245158279,-14.393388747967556],[-46.87673187340265,-14.384822845038283],[-46.881872177188825,-14.369808196776269],[-46.877397536706276,-14.368951797332738],[-46.87896919319476,-14.361194611009044],[-46.88777351392077,-14.357721329077464],[-46.889104843222974,-14.350534438782562],[-46.89729118322064,-14.339683533395347],[-46.89707565312946,-14.330261229775267],[-46.90081214884137,-14.330459595292675]]]},"properties":{"nome":"Flores de Goiás"}},
{"type":"Feature","geometry":{"type":"Polygon","coordinates":[[[-47.11048698416149,-14.675786972184696],[-47.109155654859286,-14.66817092862664],[-47.09925651597402,-14.664936065809819],[-47.10339736944645,-14.649898528770862],[-47.09601974496984,-14.645853043235153],[-47.09078597956318,-14.649803162134429],[-47.08702659567616,-14.647899628299502],[-47.0862655636287,-14.636953353759493],[-47.09192848209435,-14.629814148413399],[-47.10116004875601,-14.631956100244432],[-47.099922180175966,-14.626436233683295],[-47.09511566160328,-14.626054764331514],[-47.08597946188881,-14.621343612922894],[-47.0840759282085,-14.609018326024607],[-47.08678817740986,-14.598882674843841],[-47.07846069321645,-14.595123291016801],[-47.088882445882874,-14.585367203192156],[-47.08674049393626,-14.578037262180741],[-47.08141136158242,-14.579227448101749],[-47.082551956091926,-14.567283630097679],[-47.087873459054066,-14.563304901382951],[-47.096858978057725,-14.562866210720278],[-47.098209381288356,-14.556907654137758],[-47.0942726142687,-14.554109572732369],[-47.09289169257291,-14.546543120879436],[-47.107358931764566,-14.540832520413158],[-47.112451552975465,-14.54268837028657],[-47.12158775268993,-14.539215087657963],[-47.141481400102606,-14.535930633848597],[-47.144050597984865,-14.53835868762177],[-47.15104675287607,-14.543022156313357],[-47.15756607123469,-14.550636292379057],[-47.161844253757856,-14.547679900780823],[-47.169172286739204,-14.548536301192891],[-47.17821502662982,-14.540254592938302],[-47.186067581413994,-14.546726226686475],[-47.184139252435216,-14.553508759347489],[-47.19337272622022,-14.569023132113504],[-47.19503784163424,-14.577375411887395],[-47.19991493185564,-14.576993941763455],[-47.201486588344125,-14.589700699251335],[-47.2060546877522,-14.593578339011579],[-47.20419883664717,-14.607118606684217],[-47.21074295030425,-14.604738235364563],[-47.221260070816186,-14.607545852943574],[-47.2158813478654,-14.626867293809433],[-47.21726226776455,-14.630674362333773],[-47.224662781314606,-14.629009246582704],[-47.231800078604934,-14.638408661139398],[-47.23413276714087,-14.645998001310485],[-47.231134415301305,-14.650091171353159],[-47.23215675379018,-14.65708732623728],[-47.230777740116054,-14.66841316238043],[-47.2344894414278,-14.677978515974008],[-47.23037338325385,-14.68076133707719],[-47.24165153491492,-14.695848465068027],[-47.24740982122608,-14.700511932322911],[-47.25804519686034,-14.699655532700442],[-47.26308441232927,-14.701915741263717],[-47.267784119418046,-14.698108673057419],[-47.28116226182049,-14.692243575756363],[-47.28824043289713,-14.69729995741583],[-47.295557022240075,-14.712646483579293],[-47.301090240148376,-14.721212387158294],[-47.307455062651165,-14.745721817129182],[-47.314235686552884,-14.750123978026052],[-47.316795348818395,-14.757083893256976],[-47.316080093121194,-14.766244888097864],[-47.32693672201329,-14.773471832411527],[-47.335443497361005,-14.765798568856448],[-47.34070777943617,-14.773025513245479],[-47.34564590479125,-14.770467758387147],[-47.351802825696254,-14.771450043367803],[-47.357751845901795,-14.776327133380072],[-47.355489730811215,-14.781621932721276],[-47.356233596951895,-14.792507172093105],[-47.36069488487606,-14.796344757247041],[-47.359922409190204,-14.801519394208787],[-47.369737624766685,-14.80815315193444],[-47.374971390173336,-14.817342757946435],[-47.37893867475983,-14.818223952832872],[-47.38400649977394,-14.81329727164158],[-47.38957405129239,-14.813512802202194],[-47.39528465323164,-14.818580626595951],[-47.41891288833455,-14.827432632403495],[-47.422983170158254,-14.829931258774382],[-47.430192947118975,-14.829431534071263],[-47.44625282295258,-14.822221755795],[-47.45182228069607,-14.817937851429926],[-47.472499847433006,-14.816511153829873],[-47.480241775588254,-14.821775436197699],[-47.489765167156484,-14.842163085965138],[-47.49163436902326,-14.875467300004773],[-47.49744224503305,-14.902454376308436],[-47.515937804843176,-14.922777175623755],[-47.53765869112077,-14.93089675904431],[-47.547882079602786,-14.925477981753852],[-47.55532836860477,-14.934888839982236],[-47.56396102936482,-14.937234878660922],[-47.56376838744877,-14.946197509804389],[-47.57458114621566,-14.964332581206964],[-47.571601868304505,-14.971920012622308],[-47.57539176886005,-14.993982314750841],[-47.57166126221615,-15.010538370612023],[-47.5754358878186,-15.016095788426592],[-47.576467567888116,-15.022974793764872],[-47.57373868368432,-15.047092943836025],[-47.569821485564816,-15.057017208330283],[-47.56934639625545,-15.074380859200355],[-47.558151725033724,-15.088587855936666],[-47.55526258856977,-15.09546381020029],[-47.55446434740493,-15.111336597040571],[-47.54885310901758,-15.119376393127851],[-47.54831508284109,-15.125998743046464],[-47.54168802773382,-15.136254463700897],[-47.53592989683121,-15.14942946763405],[-47.525541945972286,-15.17868834875262],[-47.52521436632078,-15.183126067570837],[-47.52820937013929,-15.203139116645199],[-47.52546192225015,-15.214096441253162],[-47.51703513828523,-15.223673872329456],[-47.51057103487556,-15.228753188598155],[-47.50595364490785,-15.242219273967272],[-47.50842816215578,-15.2614560379936],[-47.51662939622085,-15.272824810703417],[-47.52617490880296,-15.277646992910837],[-47.53387575700026,-15.279377206202945],[-47.54557135577386,-15.288029195416593],[-47.543037422156395,-15.295825461975614],[-47.52284896293883,-15.292957960023028],[-47.51129441403788,-15.287994839383892],[-47.49901284959434,-15.28932297999611],[-47.48771454422986,-15.299905873037499],[-47.48701373703569,-15.310716804125002],[-47.482015899765365,-15.3167676217623],[-47.47802139173419,-15.32774523094283],[-47.47628823432729,-15.338877317767475],[-47.47726423501887,-15.360489586368208],[-47.4756321533528,-15.36745817701619],[-47.468020044332526,-15.37377344128658],[-47.46776603310953,-15.380014549751003],[-47.48373306266863,-15.39582238879594],[-47.48468292597869,-15.410302136344365],[-47.490039377896956,-15.421773895335454],[-47.49218062915764,-15.442139215277791],[-47.4894646896771,-15.446024211746423],[-47.492037869791005,-15.462045247857267],[-47.490352219787916,-15.484740721226883],[-47.4951006218533,-15.49305792973776],[-47.49591991773176,-15.500398403807328],[-47.417296998801476,-15.500314646838808],[-47.417679461025266,-15.546831490578478],[-47.402440263577354,-15.547307396987968],[-47.398734415688,-15.551743974835384],[-47.399412951849655,-15.557067868921939],[-47.38913052968043,-15.567089315339384],[-47.38166663998709,-15.566880535335436],[-47.378378353296306,-15.574605399684815],[-47.36981836714106,-15.578572223108463],[-47.36355496263722,-15.577476127017984],[-47.359013995045665,-15.580555634230599],[-47.34753108678862,-15.578989783387124],[-47.34152865814617,-15.58394831107897],[-47.32748819417296,-15.589272204659702],[-47.31743195072428,-15.58853277483574],[-47.31694479704064,-15.595770487367815],[-47.32369535522812,-15.601198770209745],[-47.327662178080544,-15.609967536117445],[-47.333995175069454,-15.631193516600725],[-47.327662178080544,-15.646738937655362],[-47.328445102969795,-15.655559899002249],[-47.32640949717979,-15.66907841331371],[-47.32818412800672,-15.687816430038152],[-47.31931097207543,-15.688755941231477],[-47.31330854343299,-15.697524706619772],[-47.31341293305889,-15.709529564568395],[-47.3194675574126,-15.718715890768745],[-47.31774512139862,-15.729676848128133],[-47.31440463899658,-15.737610492631303],[-47.31492658892273,-15.747370965250578],[-47.331472414697494,-15.772528971199643],[-47.33142021988454,-15.778270425079896],[-47.337266064088126,-15.782080662641512],[-47.33945825521532,-15.793667959971518],[-47.344729953781474,-15.797947952756337],[-47.35151530821147,-15.811466467155782],[-47.3585094427916,-15.822531814281037],[-47.36341577587046,-15.824515226044106],[-47.367226014284036,-15.83787715481276],[-47.36941820541122,-15.840486906392966],[-47.368948450298014,-15.853170299867713],[-47.37223673698879,-15.865958083013671],[-47.372758686914956,-15.873735143127263],[-47.37907428713007,-15.88631414710004],[-47.376360145178396,-15.892264380721201],[-47.3742723427788,-15.906043870143584],[-47.36644308759816,-15.90860142619862],[-47.36910503473687,-15.917265801944],[-47.36164114504353,-15.923737985843465],[-47.366495283309426,-15.932767726980373],[-47.372654297289046,-15.934803334304704],[-47.37030552082469,-15.940701372841197],[-47.37093186127507,-15.950253063880988],[-47.37489868412751,-15.955994517695682],[-47.3779259958552,-15.97473253478437],[-47.37589038916688,-15.979795454390137],[-47.37756063126621,-15.985797883369251],[-47.37093186127507,-15.99994273715568],[-47.36039336984253,-16.007873223307325],[-47.34957004329464,-16.00683251836485],[-47.34089750542082,-16.01272984402568],[-47.341313785621786,-16.01897407209655],[-47.331461783136106,-16.022373706692875],[-47.328617191432144,-16.027785370300272],[-47.32271986477963,-16.029866779005015],[-47.31841828563488,-16.034931541585816],[-47.31342290435854,-16.035833485688084],[-47.31078318423491,-16.030693105885174],[-47.30146791165676,-16.02687721130456],[-47.296978624143506,-16.016159036273635],[-47.29036673888644,-16.0114832303473],[-47.2815151443186,-16.008627876689932],[-47.27989711140526,-16.011959122395464],[-47.272378013949506,-16.013672333701887],[-47.26771427091313,-16.011673586611902],[-47.26181320816734,-16.01386269133311],[-47.26038553095765,-16.018240898696533],[-47.24944001107325,-16.01576626025205],[-47.246108765148946,-16.01738429290029],[-47.23916073929572,-16.01262537125686],[-47.22602611489544,-16.01481447503955],[-47.21841184003701,-16.01386269133311],[-47.21669862792437,-16.004820739159182],[-47.21117827838252,-16.00301234916527],[-47.20825043441128,-15.997584862570694],[-47.20817647880888,-15.987970747216915],[-47.193755305225,-15.983237644041674],[-47.191388753796105,-15.98005758978413],[-47.184510962723365,-15.982276231997142],[-47.178816447814235,-15.97562030582456],[-47.17282611498709,-15.97303188979894],[-47.17134702000716,-15.954025522653467],[-47.16077149283208,-15.946408184928965],[-47.158774714923595,-15.941083443827353],[-47.1521187879631,-15.941157398093317],[-47.15182297004509,-15.93501915479988],[-47.142430718135294,-15.933022376836378],[-47.13784552378736,-15.928733003085789],[-47.13370405856223,-15.9211156647862],[-47.12564299312252,-15.916382561850929],[-47.124681581071165,-15.909430816063585],[-47.118395427631064,-15.906620535688646],[-47.11684237884538,-15.900630203355139],[-47.11743401737633,-15.888649534852558],[-47.1155851479777,-15.876594913125313],[-47.119578703794666,-15.87208367385474],[-47.11314464184473,-15.860176962290673],[-47.11891311235626,-15.851598211912906],[-47.12312853228547,-15.85108052912041],[-47.11972661410114,-15.83688122005027],[-47.12120570818275,-15.833923030260246],[-47.11948009842088,-15.822053295343741],[-47.11901034779924,-15.802546020904515],[-47.11130056675475,-15.7932831900031],[-47.11396293789828,-15.786239002096874],[-47.10891552709901,-15.76599389198714],[-47.10497743686093,-15.764108046637359],[-47.102093201605165,-15.753292166021051],[-47.10321769291489,-15.739069401270278],[-47.11645890961015,-15.729552696369488],[-47.115515986683974,-15.716629105331188],[-47.118954882220336,-15.705868691015118],[-47.12616546856312,-15.69488641258381],[-47.12655373210702,-15.682905745178545],[-47.130269957334534,-15.672699992385203],[-47.134984571965454,-15.66754164865551],[-47.14191782771878,-15.664601947935365],[-47.15179078610341,-15.65533911736268],[-47.15772565335165,-15.654229795912288],[-47.16171920916862,-15.649459716201617],[-47.16371598707711,-15.640640612886685],[-47.17153670017771,-15.62671863397571],[-47.175308391882446,-15.624333594100056],[-47.18074406532731,-15.61379504396502],[-47.17715726038278,-15.598606590058804],[-47.1677650093713,-15.602156417013168],[-47.16510263822777,-15.599641955711364],[-47.14979400819492,-15.596979586102123],[-47.142250623887136,-15.594169305896814],[-47.12723781267061,-15.585960330202607],[-47.105051391565006,-15.563256225800332],[-47.10394207100381,-15.557709619823436],[-47.072971165770305,-15.55615221707849],[-47.062761472104796,-15.54648946978736],[-47.05808202831388,-15.54576020577593],[-47.049148546019694,-15.537677531668493],[-47.0448337337925,-15.5363405480634],[-47.01955258599039,-15.545030941778718],[-47.01785097022975,-15.562350960119385],[-47.01542009134168,-15.576146201648468],[-47.01797251408432,-15.577726273153585],[-47.01548086326898,-15.59583632704284],[-47.01693939132046,-15.599786506233004],[-47.01499468695237,-15.61394638038282],[-47.01268535102055,-15.62099593104037],[-47.01122682296906,-15.6338795932255],[-47.003751868726354,-15.640017564229286],[-47.002414885427754,-15.647249431425927],[-46.997485370424684,-15.653658936726222],[-46.99056434703058,-15.64998416967538],[-46.98722188743659,-15.65338740186681],[-46.976222156919725,-15.652232734156788],[-46.97020572983021,-15.658249160635417],[-46.96011757912096,-15.660436953238538],[-46.94158212243411,-15.645608587362176],[-46.93410716729311,-15.651138837971518],[-46.92632835161735,-15.64329925102007],[-46.92614603583549,-15.640139107841398],[-46.917637957930616,-15.634791173399718],[-46.9097375992986,-15.62099593104037],[-46.888102769828606,-15.61722806705868],[-46.88289801820899,-15.609819813224782],[-46.888766331074464,-15.60560991436752],[-46.897008861591466,-15.593182845263252],[-46.90345057359436,-15.591188928934233],[-46.917695847164154,-15.590010986332969],[-46.93363110241334,-15.57629477861734],[-46.946064092271065,-15.563337086742022],[-46.949044867673784,-15.554600541979818],[-46.94416280258233,-15.518190217906087],[-46.938932790336935,-15.502085765741548],[-46.934326491868035,-15.49213796742357],[-46.93237871615998,-15.483175101666161],[-46.933226429344145,-15.4602301587906],[-46.930417545672725,-15.443092423640504],[-46.92078719439857,-15.4273963051426],[-46.91781016766552,-15.419504615674535],[-46.91187783905628,-15.411549010783181],[-46.89696890183268,-15.402286248419717],[-46.89062557511632,-15.400011105805065],[-46.885556367594994,-15.393509332616414],[-46.870864586413234,-15.388448631931432],[-46.86278934466002,-15.383613278391426],[-46.849426805994064,-15.373167467354769],[-46.85067066993031,-15.36852478760167],[-46.86862891772461,-15.363610398349094],[-46.86778876566019,-15.35729610740674],[-46.857166910569276,-15.349187056140854],[-46.84790542102551,-15.346763946086318],[-46.835846265073265,-15.326539631330004],[-46.83718116517873,-15.32132005634173],[-46.85779733116768,-15.303659800136188],[-46.87358578912303,-15.285475652864692],[-46.88260763509845,-15.288086627030719],[-46.893142536863124,-15.296868997957617],[-46.90121995343764,-15.300498377011873],[-46.90970669725283,-15.30060753112236],[-46.91846632679345,-15.305082856118341],[-46.929518196427715,-15.306474573335638],[-46.94096855692539,-15.314075450072174],[-46.94729950485712,-15.306689345355817],[-46.953521297600375,-15.29013428108136],[-46.95919731979107,-15.282420713414218],[-46.96589211505729,-15.27718130770086],[-46.97415145395156,-15.265429032196897],[-46.9814284051326,-15.263464255249481],[-46.987795736629984,-15.258006542108713],[-47.0001848042602,-15.236334469640223],[-46.99955413482846,-15.221246924864028],[-47.004939078612594,-15.220131126262482],[-47.00974186738022,-15.215376850906624],[-47.01255562171711,-15.204024807359787],[-47.01752011891398,-15.196925736165703],[-47.01712999406081,-15.18238194113225],[-47.00836126817962,-15.171248205029874],[-47.0163021848484,-15.15886284532066],[-47.022496688569944,-15.154442097239516],[-47.023233481376096,-15.150212370317615],[-47.02926425366238,-15.145928064400799],[-47.02683557205349,-15.140524928229624],[-47.03147462758924,-15.1266623359533],[-47.03821490365997,-15.121941413823418],[-47.042908538137425,-15.121995990756474],[-47.039905278801456,-15.105691072408096],[-47.047624911669665,-15.094963632902266],[-47.046678908420375,-15.087395603922293],[-47.05577509717209,-15.086631524197012],[-47.05741241062637,-15.08168319724964],[-47.06829145338312,-15.072259545154889],[-47.07065646330298,-15.064618745875233],[-47.07829726092017,-15.061598811293054],[-47.08980839693839,-15.077022081730671],[-47.1039435927499,-15.089596898910697],[-47.12404494323267,-15.11208471027785],[-47.127201574632046,-15.122210487836126],[-47.134715052227385,-15.117289472584183],[-47.13368010768013,-15.10868649967884],[-47.140342560901175,-15.103964567763477],[-47.14564665002152,-15.08954003427303],[-47.15146821096635,-15.084365312840566],[-47.14998047778665,-15.079319959722254],[-47.15521988281666,-15.067418101879637],[-47.17016188882249,-15.044778699166619],[-47.172167093826666,-15.03125974104505],[-47.17546597794285,-15.031389109174091],[-47.18064069888251,-15.024985393284394],[-47.18141690706837,-15.016447102751084],[-47.186526943917684,-15.011789854780659],[-47.183034006632134,-15.003574986169532],[-47.18417179210975,-14.995552755136442],[-47.17791828973528,-14.995195412220646],[-47.170164973637185,-14.98258477659039],[-47.17187690744717,-14.976644516306104],[-47.18107223517195,-14.970249176206323],[-47.18901062038826,-14.968078613006664],[-47.19808960011407,-14.969678878896026],[-47.20288658127339,-14.962253571031907],[-47.21270942713989,-14.955287932843667],[-47.21299552887979,-14.945522308230867],[-47.216192244903766,-14.937755584657445],[-47.211681366382656,-14.932329178077884],[-47.21356582613454,-14.916397094590533],[-47.20916938759074,-14.913770676093522],[-47.211223601981864,-14.904005050846086],[-47.22150421135084,-14.905832291213542],[-47.22584342990599,-14.901407242283517],[-47.23388671858455,-14.899503707642822],[-47.22888946521916,-14.886987685912068],[-47.23041153021238,-14.87989616430261],[-47.21799087512183,-14.874090195096231],[-47.21518325807496,-14.869712829750743],[-47.21794319164823,-14.852104187000917],[-47.206094741834086,-14.850439072027045],[-47.205238341941126,-14.844680786182304],[-47.21261405929439,-14.843729019030558],[-47.217039108281675,-14.839065551853512],[-47.213136673075546,-14.826738357578188],[-47.21051979082137,-14.823835372940204],[-47.21818160991453,-14.817697525195154],[-47.21956253071199,-14.801944733383836],[-47.21675491276682,-14.793045043994772],[-47.205095290622026,-14.782575607420457],[-47.19500541694405,-14.771059036025726],[-47.19433975184379,-14.763921737638892],[-47.18115806560409,-14.755926131777326],[-47.17563819935586,-14.743743895874816],[-47.17282867428733,-14.741983413843167],[-47.16830825835285,-14.727325439139982],[-47.157934189160024,-14.722661972323886],[-47.156505584888954,-14.715475082425817],[-47.1508903498969,-14.711240767840916],[-47.15346145580082,-14.706005096097147],[-47.14708328163796,-14.701864243068185],[-47.147226333855386,-14.696249008322079],[-47.139089583556355,-14.690015792833478],[-47.13199806171795,-14.689872741709234],[-47.13480567876483,-14.681592941273925],[-47.132284164356165,-14.679117203184791],[-47.1242408747793,-14.682876586777226],[-47.12309837314643,-14.675880432200712],[-47.11048698416149,-14.675786972184696]]]},"properties":{"nome":"Formosa"}},
{"type":"Feature","geometry":{"type":"Polygon","coordinates":[[[-48.07757492566064,-14.895067236016068],[-48.086601295551844,-14.886127017941133],[-48.09051365624354,-14.885702024938862],[-48.081747493255854,-14.872309942888128],[-48.08257316717284,-14.859110028043695],[-48.09352283996881,-14.854986982113548],[-48.10129782343156,-14.848646541303783],[-48.11480196443407,-14.849711654619657],[-48.12033022993021,-14.845163596166387],[-48.12807198381228,-14.843984071117971],[-48.13391084181791,-14.846316763677684],[-48.14859893272048,-14.847662782698224],[-48.17165593991401,-14.848391579813093],[-48.187383346566016,-14.849742596075895],[-48.204042236997374,-14.863599094384915],[-48.21463387455876,-14.866530942118352],[-48.22627545763433,-14.874366388796824],[-48.238190811275885,-14.880746205351057],[-48.257549486784036,-14.873535942572333],[-48.26518773138919,-14.881317954992678],[-48.27971204773737,-14.887909546123417],[-48.29449360295537,-14.897392775211134],[-48.30505110273932,-14.896429462686498],[-48.309944760589524,-14.899466126185503],[-48.32418186128686,-14.898998740823842],[-48.33545878135768,-14.906259992856436],[-48.33885603189579,-14.911465129125824],[-48.34732810532407,-14.910735777775276],[-48.35173323866151,-14.907993865315916],[-48.35765845441034,-14.911754409577723],[-48.357110256609886,-14.918353839745834],[-48.36088306402221,-14.922020168405934],[-48.37179094719116,-14.927578511696009],[-48.372494307397375,-14.940343017842391],[-48.38585545636959,-14.944646341100897],[-48.39355460225942,-14.941112129087402],[-48.40527702742236,-14.940469316324362],[-48.41185637929309,-14.935600209319201],[-48.4219904536763,-14.93742979116608],[-48.430721187109185,-14.948658414865559],[-48.43638262335461,-14.948534755321921],[-48.449415230579646,-14.957455185275645],[-48.46040788866028,-14.95693883523028],[-48.47038706204747,-14.966001648222692],[-48.47410475691879,-14.964598033946473],[-48.479718519572096,-14.971995477348827],[-48.47888191225978,-14.979220368275707],[-48.48074084997614,-14.987476081278613],[-48.49121986125877,-14.984416947927508],[-48.5003000411338,-14.98465418633226],[-48.50298973812995,-15.002285104311278],[-48.5096410306819,-15.011472503398991],[-48.52342212767639,-15.01721462624913],[-48.5321310158782,-15.011328949109435],[-48.54825681368061,-15.006208888910635],[-48.55658289290892,-15.015539840058011],[-48.559597507848395,-15.010946140669743],[-48.56519607909193,-15.012429522589857],[-48.57302383498437,-15.005499721859024],[-48.57406477039626,-14.998928974800537],[-48.580167082715136,-14.995214523872313],[-48.587186954028155,-14.999622670731942],[-48.5947485148474,-14.993653016904616],[-48.603205525325,-14.994050993861357],[-48.61007062589773,-14.997974797666608],[-48.613855820179495,-15.003550833109681],[-48.60731408166802,-15.00129991231248],[-48.602741899416976,-15.006083117683719],[-48.60278000056144,-15.011698696868796],[-48.60642016184059,-15.016552244105824],[-48.62013670859371,-15.024201857389036],[-48.62382962613286,-15.028105798418704],[-48.633167430254964,-15.031165643410873],[-48.6382320006728,-15.023727054238305],[-48.64435169179918,-15.030005011703501],[-48.63643829861239,-15.033592417326261],[-48.63628003073069,-15.041242029696619],[-48.64266350225877,-15.038551476992014],[-48.65706587679872,-15.046517625633689],[-48.652001304584246,-15.05221526935903],[-48.655852490005095,-15.058545982869163],[-48.65300366813446,-15.063241263359789],[-48.64556507859279,-15.067039692246611],[-48.649099728250235,-15.079964899808983],[-48.64345484076897,-15.089355459578947],[-48.653953276322994,-15.100486965781437],[-48.6463564180013,-15.104707441733396],[-48.640078459891534,-15.101753108703294],[-48.63802097832773,-15.11087988924035],[-48.63147923891793,-15.108822406737577],[-48.62688947214521,-15.114836585055148],[-48.62921073321242,-15.124701948888777],[-48.620031197870325,-15.133617705148268],[-48.61987292998863,-15.143113776386466],[-48.60805559601929,-15.153242919833083],[-48.59954009264028,-15.155414419368935],[-48.5864644480283,-15.153745188036181],[-48.58484158397536,-15.16195224212861],[-48.572554186770674,-15.164502455758806],[-48.56689734810287,-15.163992413239423],[-48.5534043947189,-15.173497758413841],[-48.54542917857595,-15.168258227359173],[-48.54413088841157,-15.174888784367496],[-48.536619346685676,-15.172384936778805],[-48.53476464542421,-15.164873396339939],[-48.523590068617075,-15.159912070407135],[-48.521086222273425,-15.161905874276036],[-48.49785608636845,-15.1500821519244],[-48.500313566168714,-15.14488898805048],[-48.49618685487381,-15.141086849668078],[-48.49586228188356,-15.132694326300713],[-48.48960266467695,-15.132277018272712],[-48.48950992979354,-15.124533639594619],[-48.48668150956132,-15.1167438943076],[-48.479169968733736,-15.11753214196501],[-48.466650734320524,-15.110716114260535],[-48.45900009116782,-15.104178291246146],[-48.45241590097097,-15.105383846752517],[-48.444208846721175,-15.098799657375965],[-48.43836653738823,-15.10102529884439],[-48.43247785971527,-15.09643491285587],[-48.427006490814286,-15.096295809621175],[-48.42491995234429,-15.08743961066891],[-48.421535121913294,-15.086373157677002],[-48.41657379487107,-15.094812048836854],[-48.41495093081812,-15.101442606787174],[-48.406252534040526,-15.101261907095951],[-48.399158301086594,-15.09792344376872],[-48.3846452621885,-15.099453573020789],[-48.36976128285843,-15.093147587572709],[-48.364104444190616,-15.093425792870232],[-48.356428107424165,-15.103820453095162],[-48.35218547662668,-15.099160516129452],[-48.34623884144822,-15.099890804182946],[-48.341509351614505,-15.096343687947652],[-48.33705806912598,-15.108793370777828],[-48.328677136969795,-15.102464203413717],[-48.32384332129057,-15.112166609830485],[-48.317618478766924,-15.103890003993898],[-48.310524245813,-15.1059765437762],[-48.30645549471854,-15.112166609830485],[-48.302595397111745,-15.106463403316464],[-48.306107738007434,-15.099021412945328],[-48.304368956248545,-15.096100257989916],[-48.29484042721521,-15.1019077918491],[-48.28538145024274,-15.112131834005627],[-48.28524234701932,-15.100760196197628],[-48.271749393635346,-15.107610999359123],[-48.26882823941804,-15.113592411140093],[-48.26208176317521,-15.118982636891955],[-48.23429601624125,-15.128024306969357],[-48.22695835421837,-15.126876711240916],[-48.23099232883324,-15.119156516414069],[-48.21259600860749,-15.116617892631478],[-48.208249052862804,-15.123399144884905],[-48.19875530030906,-15.126285524293905],[-48.18543622483149,-15.136822547153029],[-48.1814022493183,-15.142004118569895],[-48.168848239323815,-15.139778477942029],[-48.16192788427629,-15.146316299968856],[-48.1544163434487,-15.14016101037035],[-48.14766986720588,-15.142108446065535],[-48.13841954282277,-15.141412933081666],[-48.13247290674599,-15.138248349123037],[-48.11915383216673,-15.140300111717774],[-48.11950158797952,-15.146420627073633],[-48.115676266852326,-15.153097551921956],[-48.10729533379783,-15.14735956956972],[-48.101469813977545,-15.139854791111686],[-48.089837357785264,-15.136255511218787],[-48.09202346821629,-15.128295873349892],[-48.09125785206594,-15.121405324400518],[-48.09527733775359,-15.110638841822638],[-48.085085068709645,-15.109442566363311],[-48.08455870715712,-15.099776658028476],[-48.072069587865506,-15.090637110923943],[-48.08154409221765,-15.082167478261077],[-48.0769503926206,-15.076329652366672],[-48.07173463124888,-15.076233950005788],[-48.06655874429599,-15.06785204371487],[-48.06183744170778,-15.066001804039935],[-48.05947679131199,-15.060451084807992],[-48.06222024978295,-15.055921186642443],[-48.05590391384762,-15.051710296347386],[-48.054819290668526,-15.032569882750929],[-48.061885293166334,-15.022325775147731],[-48.05658977936368,-15.00982070525537],[-48.05614316934376,-15.001717930166608],[-48.05864949413928,-14.995024320994403],[-48.04891241133127,-14.980418698142534],[-48.04680709627522,-14.971207943618218],[-48.05207038391536,-14.967392061300577],[-48.05049139807247,-14.961997190601114],[-48.03483311678158,-14.960418203857776],[-48.037859506837805,-14.951733779856779],[-48.044964946274895,-14.945154669828248],[-48.04312279537626,-14.935680752275278],[-48.046194685101625,-14.922933315604318],[-48.05462912630603,-14.919417579222412],[-48.05818364400262,-14.909867230611333],[-48.07126574839981,-14.905679869860036],[-48.07879921620517,-14.898800459054192],[-48.07757492566064,-14.895067236016068]]]},"properties":{"nome":"Mimoso de Goiás"}},
{"type":"Feature","geometry":{"type":"Polygon","coordinates":[[[-47.93854003527705,-16.051404637598402],[-48.02015933424485,-16.051556820658398],[-48.02462901333208,-16.05898047818421],[-48.02434691179015,-16.073988208375418],[-48.031342996612764,-16.079968732068195],[-48.030948056789676,-16.089390877983796],[-48.02846557507842,-16.097007583008295],[-48.00950844290901,-16.113933593687488],[-48.00465631956429,-16.12239659940697],[-48.006123240575484,-16.13475258665179],[-48.002343098418876,-16.138419889215516],[-48.00043725606829,-16.133491909850026],[-47.99382357328235,-16.13064306219314],[-47.97160754011172,-16.1278791795877],[-47.96318966743441,-16.12305115012856],[-47.96896847755487,-16.111250310711608],[-47.96328529399472,-16.104644900945562],[-47.963792913097166,-16.098858052232043],[-47.95912282436162,-16.086269118015714],[-47.951914642808845,-16.076015227337837],[-47.94622931766507,-16.071040566889163],[-47.93854003527705,-16.051404637598402]]]},"properties":{"nome":"Valparaíso de Goiás"}},
{"type":"Feature","geometry":{"type":"Polygon","coordinates":[[[-47.11048698416149,-14.675786972184696],[-47.12309837314643,-14.675880432200712],[-47.1242408747793,-14.682876586777226],[-47.132284164356165,-14.679117203184791],[-47.13480567876483,-14.681592941273925],[-47.13199806171795,-14.689872741709234],[-47.139089583556355,-14.690015792833478],[-47.147226333855386,-14.696249008322079],[-47.14708328163796,-14.701864243068185],[-47.15346145580082,-14.706005096097147],[-47.1508903498969,-14.711240767840916],[-47.156505584888954,-14.715475082425817],[-47.157934189160024,-14.722661972323886],[-47.16830825835285,-14.727325439139982],[-47.17282867428733,-14.741983413843167],[-47.17563819935586,-14.743743895874816],[-47.18115806560409,-14.755926131777326],[-47.19433975184379,-14.763921737638892],[-47.19500541694405,-14.771059036025726],[-47.205095290622026,-14.782575607420457],[-47.21675491276682,-14.793045043994772],[-47.21956253071199,-14.801944733383836],[-47.21818160991453,-14.817697525195154],[-47.21051979082137,-14.823835372940204],[-47.213136673075546,-14.826738357578188],[-47.217039108281675,-14.839065551853512],[-47.21261405929439,-14.843729019030558],[-47.205238341941126,-14.844680786182304],[-47.206094741834086,-14.850439072027045],[-47.21794319164823,-14.852104187000917],[-47.21518325807496,-14.869712829750743],[-47.21799087512183,-14.874090195096231],[-47.23041153021238,-14.87989616430261],[-47.22888946521916,-14.886987685912068],[-47.23388671858455,-14.899503707642822],[-47.22584342990599,-14.901407242283517],[-47.22150421135084,-14.905832291213542],[-47.211223601981864,-14.904005050846086],[-47.20916938759074,-14.913770676093522],[-47.21356582613454,-14.916397094590533],[-47.211681366382656,-14.932329178077884],[-47.216192244903766,-14.937755584657445],[-47.21299552887979,-14.945522308230867],[-47.21270942713989,-14.955287932843667],[-47.20288658127339,-14.962253571031907],[-47.19808960011407,-14.969678878896026],[-47.18901062038826,-14.968078613006664],[-47.18107223517195,-14.970249176206323],[-47.17187690744717,-14.976644516306104],[-47.170164973637185,-14.98258477659039],[-47.17791828973528,-14.995195412220646],[-47.18417179210975,-14.995552755136442],[-47.183034006632134,-15.003574986169532],[-47.186526943917684,-15.011789854780659],[-47.18141690706837,-15.016447102751084],[-47.18064069888251,-15.024985393284394],[-47.17546597794285,-15.031389109174091],[-47.172167093826666,-15.03125974104505],[-47.17016188882249,-15.044778699166619],[-47.15521988281666,-15.067418101879637],[-47.14998047778665,-15.079319959722254],[-47.15146821096635,-15.084365312840566],[-47.14564665002152,-15.08954003427303],[-47.140342560901175,-15.103964567763477],[-47.13368010768013,-15.10868649967884],[-47.134715052227385,-15.117289472584183],[-47.127201574632046,-15.122210487836126],[-47.12404494323267,-15.11208471027785],[-47.1039435927499,-15.089596898910697],[-47.08980839693839,-15.077022081730671],[-47.07829726092017,-15.061598811293054],[-47.07065646330298,-15.064618745875233],[-47.06829145338312,-15.072259545154889],[-47.05741241062637,-15.08168319724964],[-47.05577509717209,-15.086631524197012],[-47.046678908420375,-15.087395603922293],[-47.047624911669665,-15.094963632902266],[-47.039905278801456,-15.105691072408096],[-47.042908538137425,-15.121995990756474],[-47.03821490365997,-15.121941413823418],[-47.03147462758924,-15.1266623359533],[-47.02683557205349,-15.140524928229624],[-47.02926425366238,-15.145928064400799],[-47.023233481376096,-15.150212370317615],[-47.022496688569944,-15.154442097239516],[-47.0163021848484,-15.15886284532066],[-47.00836126817962,-15.171248205029874],[-47.01712999406081,-15.18238194113225],[-47.01752011891398,-15.196925736165703],[-47.01255562171711,-15.204024807359787],[-47.00974186738022,-15.215376850906624],[-47.004939078612594,-15.220131126262482],[-46.99955413482846,-15.221246924864028],[-47.0001848042602,-15.236334469640223],[-46.987795736629984,-15.258006542108713],[-46.9814284051326,-15.263464255249481],[-46.97415145395156,-15.265429032196897],[-46.96589211505729,-15.27718130770086],[-46.95919731979107,-15.282420713414218],[-46.953521297600375,-15.29013428108136],[-46.94729950485712,-15.306689345355817],[-46.94096855692539,-15.314075450072174],[-46.929518196427715,-15.306474573335638],[-46.91846632679345,-15.305082856118341],[-46.90970669725283,-15.30060753112236],[-46.90121995343764,-15.300498377011873],[-46.893142536863124,-15.296868997957617],[-46.88260763509845,-15.288086627030719],[-46.87358578912303,-15.285475652864692],[-46.88929008302109,-15.282212510962623],[-46.8912690356594,-15.278137367317],[-46.88796155915751,-15.268251274147685],[-46.88973239190742,-15.255855325969955],[-46.88921977996864,-15.242526519108651],[-46.891432935977925,-15.235263325932964],[-46.906294731412046,-15.23662246272027],[-46.91113151781991,-15.244962837213725],[-46.92760366377507,-15.255099016391068],[-46.93245626682015,-15.250191732426847],[-46.93539687225831,-15.237141392194301],[-46.94021014795857,-15.231855396357732],[-46.93417931099357,-15.226071829173982],[-46.938150715253954,-15.210652678677963],[-46.93729524062574,-15.205023574767669],[-46.92762227417281,-15.18792108369499],[-46.920544946614214,-15.178219502885325],[-46.914023926846454,-15.158282643161602],[-46.90518556176781,-15.14340276123238],[-46.8993638139734,-15.137172816655845],[-46.8870559154173,-15.113642646201157],[-46.893845934798584,-15.104613362691635],[-46.89504983987437,-15.094982129354719],[-46.897618169085746,-15.091450675856306],[-46.91086111683455,-15.083825947899253],[-46.91768324110577,-15.083745688012767],[-46.92362250291238,-15.07921098166551],[-46.926431612959256,-15.072549377672905],[-46.92763551713673,-15.06171423922378],[-46.931327489648204,-15.052965866950295],[-46.91720167943479,-15.047106865708926],[-46.918789643938936,-15.040253529048535],[-46.925317481021395,-15.029017087981169],[-46.93601885318462,-15.024629525930322],[-46.94104849800252,-15.018208703176938],[-46.94040641457678,-15.00900552275219],[-46.94350981271074,-15.004510947241652],[-46.94019239185865,-15.000447850261164],[-46.95807266229302,-14.976522446227131],[-46.983909606744575,-14.910125732334922],[-47.05978965829535,-14.89552497892591],[-47.05952072066559,-14.882633208865213],[-47.06335640026632,-14.874773025829962],[-47.06392288237606,-14.861822127973044],[-47.06844901968059,-14.85421371495954],[-47.06505394037052,-14.846794128217917],[-47.07241058289703,-14.834470748922227],[-47.06888961817462,-14.824726105238977],[-47.07341766439912,-14.81202507020998],[-47.083036422914546,-14.803915024021125],[-47.09831428475061,-14.804479599018684],[-47.102024078040685,-14.797060013128021],[-47.10931778010682,-14.792911530236227],[-47.10894012476811,-14.787252426250234],[-47.11340522783729,-14.776626587161447],[-47.10831260662639,-14.76744651841714],[-47.094982146799225,-14.759777069325988],[-47.0951709753669,-14.752042770308751],[-47.09825134339191,-14.746824264732693],[-47.09768676840551,-14.736576079902454],[-47.09510803221157,-14.729282378653016],[-47.09730911306681,-14.723875045746707],[-47.10554504366141,-14.717651367432978],[-47.11051368658331,-14.716896057327698],[-47.11327934332326,-14.707464218360252],[-47.10560798591842,-14.703189850265419],[-47.10133361764195,-14.696525574363267],[-47.103471756240175,-14.680366516413683],[-47.11048698416149,-14.675786972184696]]]},"properties":{"nome":"Vila Boa"}},
{"type":"Feature","geometry":{"type":"Polygon","coordinates":[[[-48.613855820179495,-15.003550833109681],[-48.6194708880849,-15.00044465624229],[-48.61629685811511,-14.990938612629504],[-48.61818722608662,-14.988077514815558],[-48.62804779311022,-14.987822059947305],[-48.627383610230176,-14.997784809833506],[-48.633718897024735,-14.999777360356468],[-48.63310580492816,-14.98470550787145],[-48.640207457068016,-14.984858780804615],[-48.64904620393066,-14.979596404868618],[-48.63995200225236,-14.971064204367332],[-48.64889293068194,-14.969020562877796],[-48.649608206142084,-14.960335089149638],[-48.6548705810939,-14.96278745807961],[-48.65655658503322,-14.968867289891595],[-48.667949882747415,-14.983939142427198],[-48.67479608096992,-14.985931691734772],[-48.67689081297362,-14.977399491114673],[-48.68159118661234,-14.980822590225348],[-48.69814467860972,-14.9820487737668],[-48.69604994660603,-14.973465482118469],[-48.69063429840548,-14.9682031074203],[-48.68220427870891,-14.963962551998458],[-48.68588283308498,-14.958189265892381],[-48.695947765039094,-14.9547661671596],[-48.70453105708607,-14.947102513820141],[-48.72098236661821,-14.952415979716063],[-48.7253761946578,-14.941635774082398],[-48.733755122672584,-14.94316850527502],[-48.73952840905236,-14.93938776914023],[-48.748929157228105,-14.94066504523508],[-48.75092170676655,-14.929016291008374],[-48.740601319996784,-14.924673554202855],[-48.74714097082354,-14.92038190774105],[-48.74795842785062,-14.913024800397217],[-48.753374076051166,-14.911747524969991],[-48.74903133879504,-14.899128042090092],[-48.74550605766769,-14.895040759776998],[-48.74422878269107,-14.886661832030379],[-48.73641185598939,-14.88466928191394],[-48.73947731826889,-14.878844905241747],[-48.74581260506345,-14.873378164912323],[-48.750002069070845,-14.87404234864327],[-48.7494911576429,-14.864028507810602],[-48.7573080852429,-14.862700140916418],[-48.765324896078454,-14.867748628242685],[-48.7640172849947,-14.882893923274517],[-48.759610683810074,-14.890097757870283],[-48.7661247892451,-14.891745442692672],[-48.76907529591432,-14.90197642134143],[-48.77317535060149,-14.907724161073206],[-48.7840194201476,-14.910214848338226],[-48.786816653568096,-14.915617723977844],[-48.79467189880654,-14.919871051718633],[-48.79858036170823,-14.929948755973118],[-48.79336907843819,-14.936769407642062],[-48.802412189333026,-14.9451227899591],[-48.80605242427403,-14.954050946274153],[-48.80739356407745,-14.971294166988983],[-48.80517110421677,-14.976773678845932],[-48.80735524464237,-14.986199972645178],[-48.803873072767196,-14.998298965882737],[-48.807119947123375,-15.004974669374732],[-48.81619200802487,-15.01335420619022],[-48.830215613315154,-15.022945659330647],[-48.83281257632621,-15.030078653960677],[-48.82959234061147,-15.033437393884236],[-48.83101201473029,-15.040224126300375],[-48.83624056900998,-15.042232444747833],[-48.84572814384951,-15.055494273972826],[-48.85157996903626,-15.058576004196329],[-48.85507721374359,-15.064323951183841],[-48.85535422273619,-15.076408489922178],[-48.85175310044266,-15.08797363485295],[-48.855007960821716,-15.094448731644714],[-48.86501492898211,-15.094621862820691],[-48.86761189289149,-15.097980602781425],[-48.86719204997209,-15.106663118714575],[-48.86937349994343,-15.111129896845988],[-48.87711245198014,-15.113830738999342],[-48.88456573885817,-15.123906959379534],[-48.88326725735266,-15.13172382059703],[-48.884539768563315,-15.14307255337956],[-48.88968175758896,-15.14865602471421],[-48.897498618713634,-15.151694473141216],[-48.90871750312553,-15.166808802622274],[-48.90822408009953,-15.180209137298426],[-48.91479439761344,-15.18623409313342],[-48.91414515730983,-15.210567644608092],[-48.920377870871995,-15.215086361769579],[-48.91746927061079,-15.224383492674937],[-48.91767270039507,-15.23154245575557],[-48.92110069218053,-15.236736384177092],[-48.9185383547321,-15.240164377340857],[-48.92841836040014,-15.252606718680536],[-48.93929098199923,-15.260085974837304],[-48.94939078924761,-15.256241499353248],[-48.95901379320106,-15.256182822302115],[-48.970397100750986,-15.26075961686583],[-48.9818977633113,-15.262343890768394],[-48.989056338995766,-15.261463738920405],[-48.99979420162415,-15.26592317894305],[-49.00501644074739,-15.273433815639681],[-49.00888911297154,-15.274079261260876],[-49.013583261285326,-15.28311549594113],[-49.019333592116325,-15.282939464747221],[-49.02543598528359,-15.276778395990767],[-49.03130366932836,-15.279594884714895],[-49.038110183574894,-15.290215394033416],[-49.03910768993437,-15.299134274660004],[-49.045620819798984,-15.304239160568606],[-49.04937613880935,-15.30189208725251],[-49.05987929411187,-15.307349034317319],[-49.061756953617056,-15.321842215853428],[-49.07032377415499,-15.336159367340743],[-49.07566336739032,-15.340736161212266],[-49.08182443581699,-15.356637586999685],[-49.078317464151766,-15.358908105621222],[-49.07820345267085,-15.36609080176512],[-49.084246038701444,-15.373273499061268],[-49.084474060764954,-15.381254272964233],[-49.07102075632269,-15.39470757841115],[-49.07102075632269,-15.398811975987897],[-49.075809220554795,-15.406906760943555],[-49.072958944311715,-15.412151270363141],[-49.07352899902134,-15.424122430691472],[-49.07706334235328,-15.428796883860356],[-49.08390400605533,-15.432559249248072],[-49.088920492350944,-15.438259802112611],[-49.08675428229841,-15.448064752748781],[-49.074984262595095,-15.450066163098768],[-49.07395816286012,-15.456450782320692],[-49.090603777089896,-15.46750985464865],[-49.092085920951895,-15.479138982187234],[-49.08167979268321,-15.486742572682237],[-49.0811598621698,-15.511595537427592],[-49.07264703577034,-15.512608968796675],[-49.06474227000354,-15.507541810677946],[-49.05961609761509,-15.516889140901561],[-49.0467949574012,-15.521764874233204],[-49.04002800406147,-15.527893435606874],[-49.034537834319906,-15.537788507704143],[-49.02770704220452,-15.544236264732453],[-49.02579186725644,-15.554578211680527],[-49.017929575632905,-15.571671920863862],[-49.01125276463868,-15.572178794028982],[-49.004953965614334,-15.562219883230917],[-48.99728178175943,-15.557977198401872],[-48.9996570477449,-15.543340317787507],[-48.99483676338879,-15.538301962363445],[-48.980197919028406,-15.530831624341724],[-48.97461403074819,-15.529322465051907],[-48.97416128343826,-15.5246440719488],[-48.95959789666342,-15.512193508880944],[-48.943883760823105,-15.514026724267612],[-48.93545036076612,-15.511564416675181],[-48.92947926715741,-15.521228970039589],[-48.91310492887208,-15.532801811041802],[-48.898454205190376,-15.530154830582621],[-48.89432984209163,-15.521782989385057],[-48.88798940256059,-15.520921181929364],[-48.8761703312495,-15.52221389306117],[-48.86866029689664,-15.518151087317557],[-48.86841406598233,-15.514211395914938],[-48.85382490025378,-15.514580742176229],[-48.847176671855266,-15.51925912460482],[-48.840466887300224,-15.515688779591148],[-48.83424956277719,-15.509656129016129],[-48.828340028019966,-15.507009150233197],[-48.819537282040656,-15.507624726803396],[-48.810121093621795,-15.505983744106365],[-48.804586972906634,-15.504488299828845],[-48.79786829503028,-15.498592317231834],[-48.78689902368976,-15.49489018786939],[-48.77313411343837,-15.49525583074783],[-48.76508998214008,-15.497205923253157],[-48.75850842041374,-15.495987115429648],[-48.74948924243471,-15.498912254247989],[-48.73998254066615,-15.491355645939905],[-48.74022630211175,-15.482092705615276],[-48.7465641032908,-15.474779858773474],[-48.745101533718845,-15.46576068084738],[-48.73120712413272,-15.464054349964325],[-48.72901327022394,-15.451378748577216],[-48.72560060818881,-15.447478563879018],[-48.72218794615368,-15.43724057822936],[-48.71901904556416,-15.420421029594959],[-48.71159960900266,-15.400645708003388],[-48.70699782636469,-15.396141773380164],[-48.701602701075124,-15.399480351406925],[-48.69170712131501,-15.398877926947755],[-48.67288561499057,-15.385894814692469],[-48.6613548930042,-15.368971297258616],[-48.646796943731786,-15.36799761694927],[-48.63029910685783,-15.359954072681107],[-48.618135680755614,-15.358385281677199],[-48.59072031999307,-15.364196392333534],[-48.585527154843994,-15.359863809088816],[-48.57683231539493,-15.359745108026706],[-48.57416154500349,-15.356154406220302],[-48.578939256401654,-15.34131679375971],[-48.584993001304696,-15.341198093410972],[-48.575882708104714,-15.325321848775358],[-48.5849633263576,-15.319920958277862],[-48.58950363458574,-15.313065980944849],[-48.58718402192708,-15.299267002063097],[-48.593316902118445,-15.289691796931962],[-48.58765882557218,-15.28601206874492],[-48.58666965198528,-15.281659703187154],[-48.57772751711827,-15.27912741697679],[-48.58409779868304,-15.271807528074232],[-48.57400822324575,-15.269512644136086],[-48.57064503143332,-15.26436893890268],[-48.56933932118469,-15.244981126400072],[-48.562652503856526,-15.24090572905851],[-48.568666681564565,-15.232398831242314],[-48.579101369971085,-15.229642333167257],[-48.58316357863533,-15.22600217197651],[-48.580664265190606,-15.217033659732797],[-48.5884985248857,-15.207339752955372],[-48.58818198912229,-15.197843681643889],[-48.59091210940792,-15.193966119058766],[-48.59728239097269,-15.194322221833623],[-48.59771762742278,-15.185103118783434],[-48.60523535135448,-15.179405475910508],[-48.611051694884125,-15.181542092232432],[-48.6182924493491,-15.172006454308317],[-48.60974598463551,-15.163816091672162],[-48.61326744522796,-15.16120467176548],[-48.60805559601929,-15.153242919833083],[-48.61987292998863,-15.143113776386466],[-48.620031197870325,-15.133617705148268],[-48.62921073321242,-15.124701948888777],[-48.62688947214521,-15.114836585055148],[-48.63147923891793,-15.108822406737577],[-48.63802097832773,-15.11087988924035],[-48.640078459891534,-15.101753108703294],[-48.6463564180013,-15.104707441733396],[-48.653953276322994,-15.100486965781437],[-48.64345484076897,-15.089355459578947],[-48.649099728250235,-15.079964899808983],[-48.64556507859279,-15.067039692246611],[-48.65300366813446,-15.063241263359789],[-48.655852490005095,-15.058545982869163],[-48.652001304584246,-15.05221526935903],[-48.65706587679872,-15.046517625633689],[-48.64266350225877,-15.038551476992014],[-48.63628003073069,-15.041242029696619],[-48.63643829861239,-15.033592417326261],[-48.64435169179918,-15.030005011703501],[-48.6382320006728,-15.023727054238305],[-48.633167430254964,-15.031165643410873],[-48.62382962613286,-15.028105798418704],[-48.62013670859371,-15.024201857389036],[-48.60642016184059,-15.016552244105824],[-48.60278000056144,-15.011698696868796],[-48.602741899416976,-15.006083117683719],[-48.60731408166802,-15.00129991231248],[-48.613855820179495,-15.003550833109681]]]},"properties":{"nome":"Vila Propício"}},
{"type":"Feature","geometry":{"type":"Polygon","coordinates":[[[-47.308693436982715,-16.05056667042972],[-47.41609184416913,-16.049341395838965],[-47.490292385701785,-16.049341395838965],[-47.54755421788028,-16.04889169586895],[-47.60481605005878,-16.04964119640595],[-47.61746044404558,-16.050427567301938],[-47.68664487926998,-16.050640913975812],[-47.684068712257734,-16.05775535637284],[-47.67652824388137,-16.068567350678645],[-47.6872205475518,-16.07052228725773],[-47.68917548373099,-16.08049645170626],[-47.71319327325686,-16.087757643585892],[-47.7234467139784,-16.091747309826996],[-47.721332191190676,-16.0994074679853],[-47.72560113364283,-16.10419506713423],[-47.7250824769405,-16.115884787920344],[-47.7274762769669,-16.126417505912258],[-47.72775555330726,-16.15602082736273],[-47.732583049338466,-16.160050389318297],[-47.733141602019195,-16.166832821100506],[-47.658430424841384,-16.167263264687676],[-47.65598690126738,-16.174796696599547],[-47.656367615369625,-16.18897828393851],[-47.660420507606055,-16.20369608624627],[-47.65684350687454,-16.21172593102389],[-47.65798564828297,-16.219720920336602],[-47.66502885333549,-16.235044648418143],[-47.66464813923325,-16.243610708315735],[-47.660079573599546,-16.255222477256446],[-47.64694494919926,-16.267976388236516],[-47.641043885555156,-16.281491726429362],[-47.64399441827552,-16.288820466214506],[-47.65027619512356,-16.298243131930434],[-47.65389297505249,-16.326511127917527],[-47.652084584638864,-16.343738425037508],[-47.64894369711316,-16.360109116583505],[-47.64875333961289,-16.37410034680059],[-47.650807485732045,-16.38210806925067],[-47.656462792772295,-16.38999514621464],[-47.66398189022805,-16.394754067847643],[-47.66322046202356,-16.397799778333155],[-47.668074562560214,-16.40998261771273],[-47.67645026472482,-16.420261889699525],[-47.68749096380852,-16.425306347388712],[-47.69405827555951,-16.432920621730922],[-47.698246127989286,-16.44139150322336],[-47.69796059218801,-16.4471022090188],[-47.708620578067794,-16.46014165460084],[-47.71499753321681,-16.463853613663545],[-47.718709492345035,-16.47241967399675],[-47.7202323469574,-16.488409652236133],[-47.71975645455416,-16.50544659167738],[-47.71756735093661,-16.520675142094497],[-47.72775144441316,-16.543137253730745],[-47.73726928798618,-16.55179849169323],[-47.746691953258235,-16.555795986193708],[-47.75554354782608,-16.555795986193708],[-47.761634968072144,-16.55950794469491],[-47.77020102683871,-16.56778846898099],[-47.77534066317663,-16.56740775571364],[-47.77857672990163,-16.55627187771235],[-47.775531019778605,-16.539234937811315],[-47.7794333364071,-16.53266762473322],[-47.789236714883096,-16.52429192325414],[-47.796816669606095,-16.523788226846776],[-47.79446276735472,-16.530490865772425],[-47.798093363372715,-16.5370738148925],[-47.80312034199086,-16.538909061234484],[-47.799968505798475,-16.54736715240929],[-47.807907941145345,-16.550518989131447],[-47.80244209867999,-16.55502731118486],[-47.80539445138712,-16.56057294695606],[-47.800686645986055,-16.564043955788875],[-47.803559204939766,-16.57130514805417],[-47.80200323483277,-16.577050267225733],[-47.80794783712374,-16.58203734935798],[-47.809025047405115,-16.591053993792258],[-47.803958171910274,-16.593727069935888],[-47.804516724591,-16.600349914587778],[-47.811977400112255,-16.604938031167695],[-47.81564789300697,-16.615311162062092],[-47.82107383769729,-16.61511167935793],[-47.82143290779109,-16.626601916721736],[-47.81959766224204,-16.63478073219155],[-47.832165109236556,-16.646909315975403],[-47.839545991004385,-16.646191176270722],[-47.84580976741075,-16.658399554358965],[-47.85486630811908,-16.66538146879425],[-47.853469924620626,-16.66841361477812],[-47.86212750015509,-16.672483073829557],[-47.867952411815914,-16.683654139177165],[-47.86635654573053,-16.6876438049815],[-47.871423422123705,-16.6916733672527],[-47.871862285072595,-16.696859932610945],[-47.88044006595532,-16.704240814934916],[-47.87936285657226,-16.722952348346734],[-47.882395003032805,-16.723151831361463],[-47.886544254854826,-16.73651721166958],[-47.88343231643747,-16.747728173406625],[-47.887860844599864,-16.752356185311566],[-47.88419035170514,-16.761492519864543],[-47.879961306129694,-16.76691846563148],[-47.883392418662446,-16.770628855166255],[-47.883392418662446,-16.778129427095855],[-47.878285647189195,-16.784074029057887],[-47.88650435887644,-16.785071445159584],[-47.886943221825334,-16.79225284367975],[-47.878285647189195,-16.79803785937819],[-47.8799214101513,-16.80274566525575],[-47.889775884800635,-16.803942564739856],[-47.90274229876566,-16.812440553294298],[-47.89859304604531,-16.819342674868814],[-47.89113237142239,-16.8188240186765],[-47.8908530941837,-16.82349192834324],[-47.898792528632264,-16.82811993961811],[-47.893206997333394,-16.8357402019517],[-47.893845343767545,-16.840886871394357],[-47.8863447722679,-16.84188428704296],[-47.88941681470685,-16.847190543330196],[-47.893206997333394,-16.861433649684628],[-47.88806032808511,-16.86809639172741],[-47.89113237142239,-16.871048744687034],[-47.89408472412951,-16.88273846618695],[-47.88622508163775,-16.88106280564814],[-47.8875815682595,-16.89386963427519],[-47.89643862727921,-16.89773960979352],[-47.89057381784334,-16.90360441798997],[-47.894284206716456,-16.909588916710305],[-47.89228937366055,-16.91776773207557],[-47.88169544270025,-16.925376630595956],[-47.870687040745956,-16.922750260891156],[-47.86275205026311,-16.92520898991905],[-47.83201793195535,-16.924203146160824],[-47.81055992956082,-16.916715197098256],[-47.80128381364759,-16.92453842657824],[-47.791393015619725,-16.922414979008703],[-47.79054228229959,-16.926997261165575],[-47.77735584487035,-16.920152872297866],[-47.767309034630465,-16.91921098286841],[-47.76065302412665,-16.923983217888395],[-47.752992332419176,-16.923983217888395],[-47.74432695860974,-16.92906941521406],[-47.7260543238222,-16.926055371593883],[-47.71456328581183,-16.91820630169219],[-47.696981369239516,-16.91224100890597],[-47.68731131512474,-16.90608733890205],[-47.68898788585526,-16.915129498112265],[-47.68648998007059,-16.928850346858468],[-47.697282794441534,-16.942564260207043],[-47.6957922091108,-16.962107484088165],[-47.69780168470584,-16.987410068389035],[-47.70001848967181,-16.991351054963076],[-47.699402711612535,-17.000457292710603],[-47.7066291954409,-17.011159755011764],[-47.708941683561044,-17.02049535839182],[-47.7173351615885,-17.02640505116176],[-47.71896246870883,-17.033256869591487],[-47.71416619632028,-17.0409651652321],[-47.71022640018148,-17.042421177151148],[-47.712099041697485,-17.05300690034793],[-47.70254629857566,-17.061931464612062],[-47.69735907398557,-17.064701156791436],[-47.69446564986276,-17.077416997031357],[-47.69035394133141,-17.07779770977291],[-47.683881806983095,-17.08335613067283],[-47.67603910402264,-17.084117558604632],[-47.66606440424557,-17.087620125329668],[-47.66233340891816,-17.086782555058544],[-47.65624198867209,-17.09424454435852],[-47.657210012323944,-17.10571988732362],[-47.64170286269813,-17.132153029406414],[-47.64078915029004,-17.141918336662666],[-47.63085252111471,-17.151226788073835],[-47.623828353159674,-17.155852459734085],[-47.61166454796842,-17.16042102509392],[-47.598986779772176,-17.166931229702225],[-47.59247657482212,-17.17435514763699],[-47.58790801008673,-17.188117950874503],[-47.580883841233394,-17.190059590772425],[-47.57697835265361,-17.200583153293433],[-47.57210521591777,-17.200481630338178],[-47.56737167468213,-17.21280406489396],[-47.56029039992618,-17.214631491156034],[-47.538818143963034,-17.231535181701098],[-47.52846273008371,-17.252169867136352],[-47.527625159777415,-17.262449138378916],[-47.52526473396045,-17.26724613220855],[-47.52636739081888,-17.276967542254745],[-47.520010884918996,-17.288109244663215],[-47.51018847024382,-17.285215821203533],[-47.50630518891618,-17.294885950383645],[-47.50105133987472,-17.2952666641767],[-47.49968077036428,-17.302957081702086],[-47.50219348128316,-17.318109488774667],[-47.50983851715185,-17.325959775893004],[-47.51103776625952,-17.330813876633158],[-47.50264302699741,-17.333155265672154],[-47.49750339155781,-17.337552510325224],[-47.495790180343484,-17.34566171333537],[-47.48842336888795,-17.349088137132938],[-47.47957177432011,-17.34794599526205],[-47.472604712267696,-17.344348250158603],[-47.464838152307365,-17.355655449033144],[-47.45855637456102,-17.353770916288298],[-47.45804241065773,-17.343891394291468],[-47.44981899359503,-17.344805106602976],[-47.44747760397725,-17.348174423862243],[-47.44062475732332,-17.346746747303374],[-47.44393696615012,-17.34069339795025],[-47.45370227402435,-17.33195601794885],[-47.45027584979908,-17.324703420793693],[-47.44170979103251,-17.322818888325767],[-47.437712297001326,-17.317850573069375],[-47.423092887692114,-17.323846814872613],[-47.42155099777888,-17.31448125586776],[-47.428175417229106,-17.30774262313586],[-47.41966646526346,-17.30351669958303],[-47.418410109354866,-17.293180321856756],[-47.42566270631023,-17.282444194269384],[-47.431830268658096,-17.282843944246014],[-47.43365769527091,-17.274963169148382],[-47.42189364038108,-17.2696522121706],[-47.41686821944163,-17.2701090680977],[-47.415954506135236,-17.257259978891426],[-47.40904455088374,-17.256803122865442],[-47.41070065619546,-17.251206631152638],[-47.40698869706723,-17.24555303061423],[-47.39705206789189,-17.24195528629066],[-47.38911418573215,-17.24435378257618],[-47.38488826270063,-17.24829417024387],[-47.37883491485293,-17.237615150369674],[-47.38397455029254,-17.22642216539386],[-47.36929803508072,-17.216999499993243],[-47.36313047183453,-17.217513463152162],[-47.35964694080833,-17.204093303582766],[-47.34953899123021,-17.205178338395676],[-47.34919634862803,-17.196269635791676],[-47.35656316008355,-17.19467063770028],[-47.348225529419004,-17.17582530679527],[-47.350852453939744,-17.16651685589643],[-47.33937393395285,-17.163318861155233],[-47.33326347840592,-17.16531760789234],[-47.32555402524651,-17.155152551412684],[-47.317559036285836,-17.15286826773012],[-47.31224807864682,-17.14601541971808],[-47.30391044798227,-17.147157562164686],[-47.294030925607856,-17.138534395270707],[-47.28529354464188,-17.14464485084096],[-47.276727485875305,-17.12808380291987],[-47.28141026511087,-17.12631348395291],[-47.28158158641196,-17.117518995944415],[-47.27238734924194,-17.104784120932166],[-47.26873249691463,-17.11266489610969],[-47.26370707507689,-17.103584872872354],[-47.254569944707775,-17.09741730975462],[-47.247717098053855,-17.09970159216466],[-47.24720313415057,-17.08907967936415],[-47.2448617454311,-17.085367718936716],[-47.23338322544421,-17.08222683059525],[-47.222475776161545,-17.075716625600627],[-47.21950620903863,-17.077829586645574],[-47.20996932926641,-17.074574485181785],[-47.20534365683178,-17.070576989742047],[-47.19557834895753,-17.068007172389724],[-47.18695518339003,-17.05761368707199],[-47.18238661775633,-17.064238106131675],[-47.17798937432203,-17.061668288232795],[-47.1761048409083,-17.05418726288549],[-47.18147290534824,-17.053216442821668],[-47.181130261847734,-17.045392774932363],[-47.17798937432203,-17.040196033199784],[-47.173021059285205,-17.04476459800652],[-47.1684524936515,-17.03956785512697],[-47.16137121799723,-17.03853992820592],[-47.16262757390582,-17.0336287199583],[-47.14612363297951,-17.03231525814774],[-47.14589520397917,-17.02820354863063],[-47.139327892228195,-17.017410314258697],[-47.131447116869374,-17.011014323363614],[-47.13761468011555,-17.006274436760325],[-47.13908237008462,-16.998472707639284],[-47.15055826070266,-16.99700144023523],[-47.1438639909509,-16.990969240073753],[-47.13157890241649,-16.988100267643304],[-47.127091534603004,-16.980008292796633],[-47.12782716858243,-16.976035868782084],[-47.13930306009879,-16.971769192315104],[-47.14886630272965,-16.964854230608605],[-47.1557812633939,-16.96478066812083],[-47.15813529230773,-16.958748469285425],[-47.152985852655114,-16.953672594359986],[-47.166447956993906,-16.953010523323833],[-47.166889337022226,-16.94955304269472],[-47.15916517933993,-16.94315302737456],[-47.159238743276866,-16.93837140537622],[-47.164682435083954,-16.936605883581084],[-47.16894911198496,-16.939621983064956],[-47.173436479798454,-16.929175980113577],[-47.16791922495276,-16.928146092000127],[-47.160415757284625,-16.919318483252972],[-47.16769853404028,-16.91358053794148],[-47.174392803792045,-16.91711158086953],[-47.176158325702,-16.909166732761182],[-47.18049856743825,-16.90173682981248],[-47.196094008880074,-16.904826492683465],[-47.19410779695596,-16.89555750261978],[-47.2003606866794,-16.894454052226607],[-47.202641151656294,-16.88783334585341],[-47.194328486970136,-16.885479316930414],[-47.19410779695596,-16.88172758290811],[-47.202346897705205,-16.88055056885963],[-47.202346897705205,-16.873709172148192],[-47.20786415434753,-16.874518369322622],[-47.20992392931027,-16.865028689880855],[-47.20256758861768,-16.862821787738408],[-47.20050781275664,-16.8553918841043],[-47.205730815447865,-16.852375783859465],[-47.20595150456373,-16.837589539785483],[-47.19933079874888,-16.828835495371603],[-47.20161126372578,-16.8267757193772],[-47.21367566314433,-16.826996410057927],[-47.21146876120605,-16.81787454707471],[-47.214043480134045,-16.811327403793616],[-47.220811312924425,-16.807869923886095],[-47.22088487686136,-16.802499794997132],[-47.217206706065916,-16.79183310165537],[-47.22022280592056,-16.78837562175332],[-47.219266481926965,-16.778150307965994],[-47.23081593558362,-16.774839955278892],[-47.230889500418876,-16.76741005109456],[-47.23611250221179,-16.75571347000402],[-47.23500905124265,-16.744531832097486],[-47.2277998366273,-16.74041228111083],[-47.231698697436904,-16.733203066941414],[-47.22294465182409,-16.728715699956005],[-47.223606722764906,-16.722977753686425],[-47.2284619066698,-16.71223749738159],[-47.246337814885145,-16.701423676382614],[-47.24574930788127,-16.68347420505946],[-47.258328650366764,-16.68443052992614],[-47.25891715737064,-16.67722131614122],[-47.2491332238273,-16.675087976764956],[-47.250530928747544,-16.664715536926632],[-47.257372326373165,-16.656623561998206],[-47.27061373890116,-16.66169943674621],[-47.277528698667105,-16.659345407883524],[-47.278705712674856,-16.64772239002899],[-47.28289882833389,-16.64772239002899],[-47.284222969317184,-16.640439613274445],[-47.290549422079245,-16.6329361464183],[-47.29606667692495,-16.634775231330792],[-47.30092186172815,-16.625138425279133],[-47.3104115413204,-16.621680945335996],[-47.31791500898852,-16.615280927928303],[-47.316296614054124,-16.604834924971364],[-47.328361011676044,-16.608586658618336],[-47.33387826831838,-16.614839547597068],[-47.33836563523356,-16.609616546161753],[-47.33902770617436,-16.602701585679544],[-47.347413933899155,-16.591005005089926],[-47.35999327728297,-16.591078567773454],[-47.36639329308365,-16.594388921390507],[-47.373970323790395,-16.594094667805148],[-47.37441170381872,-16.584825678827773],[-47.37735423973643,-16.578425661757795],[-47.38596115927201,-16.577469337743448],[-47.38625541232479,-16.587400398266613],[-47.395671527980106,-16.580485437637243],[-47.39383244303154,-16.574085420870723],[-47.39728992291451,-16.570995757987003],[-47.41310605526881,-16.574306111885367],[-47.41001639237555,-16.566949770858347],[-47.41237042128938,-16.563712980746434],[-47.409722139322774,-16.556430203712452],[-47.40994282933694,-16.549956623859288],[-47.415018704154306,-16.546499144333797],[-47.42060952293694,-16.549441680419893],[-47.42715666571316,-16.54679339832681],[-47.43039345558197,-16.54068763479943],[-47.4432397531154,-16.540424090158893],[-47.44466249408261,-16.534834751104956],[-47.441512139212115,-16.53026165567527],[-47.44801609727769,-16.521217091170733],[-47.44689822924655,-16.516440746676494],[-47.4531989380892,-16.50892054632653],[-47.459601270644995,-16.504245827199295],[-47.458193147962405,-16.493244087980173],[-47.45406347582031,-16.489114415113946],[-47.456300382387404,-16.478187990159213],[-47.45518192865471,-16.466057077049484],[-47.443137049627275,-16.453151849895082],[-47.425930081769714,-16.427427432286095],[-47.42696250025439,-16.41977033097992],[-47.42455352408958,-16.416759110650293],[-47.42472559368731,-16.40282146585849],[-47.427134568953804,-16.393529703105763],[-47.42033781669948,-16.38940003141975],[-47.415347795670435,-16.3799361977055],[-47.4037330919848,-16.375634455274994],[-47.39934531499697,-16.369439947308624],[-47.39091390021675,-16.36324543827368],[-47.388676993649675,-16.354727987926616],[-47.38136403170384,-16.34767313066233],[-47.37465331379922,-16.336832741018647],[-47.36785656244321,-16.331670650419284],[-47.36338275020736,-16.31850731901168],[-47.35512340502486,-16.311194356601714],[-47.351940115221126,-16.303709326023004],[-47.35486530017912,-16.294847736700248],[-47.34910096461284,-16.288825296577837],[-47.35047752319129,-16.27789887174238],[-47.349014931161456,-16.26516571463818],[-47.339379028298836,-16.2637891576183],[-47.33481918081496,-16.256734300235607],[-47.33533538960813,-16.249679443093484],[-47.32879674219956,-16.244517353066467],[-47.32251619873841,-16.231698160758697],[-47.32337654672704,-16.225331582201385],[-47.328366567756085,-16.221201909898067],[-47.32957105583849,-16.212856530427846],[-47.326107936332164,-16.206404963220553],[-47.331531163618756,-16.20061170841437],[-47.33340443215884,-16.176883643884373],[-47.34256263161461,-16.16501961172872],[-47.34832119730182,-16.148854001425537],[-47.35158207100339,-16.133520953712857],[-47.34408899863973,-16.125334078137136],[-47.33826105336818,-16.11610649682764],[-47.33305752974557,-16.10438122571336],[-47.333543192225825,-16.090713305879387],[-47.32514817628261,-16.086064825944593],[-47.31793262405293,-16.089117558594886],[-47.30891318376584,-16.072882568261235],[-47.31390856594049,-16.07003797542687],[-47.30655425364382,-16.06157357824647],[-47.308693436982715,-16.05056667042972]]]},"properties":{"nome":"Cristalina"}},
{"type":"Feature","geometry":{"type":"Polygon","coordinates":[[[-47.733141602019195,-16.166832821100506],[-47.732583049338466,-16.160050389318297],[-47.72775555330726,-16.15602082736273],[-47.7274762769669,-16.126417505912258],[-47.7250824769405,-16.115884787920344],[-47.72560113364283,-16.10419506713423],[-47.721332191190676,-16.0994074679853],[-47.7234467139784,-16.091747309826996],[-47.71319327325686,-16.087757643585892],[-47.68917548373099,-16.08049645170626],[-47.6872205475518,-16.07052228725773],[-47.67652824388137,-16.068567350678645],[-47.684068712257734,-16.05775535637284],[-47.68664487926998,-16.050640913975812],[-47.81446565978741,-16.051065741920596],[-47.93854003527705,-16.051404637598402],[-47.94622931766507,-16.071040566889163],[-47.951914642808845,-16.076015227337837],[-47.95912282436162,-16.086269118015714],[-47.963792913097166,-16.098858052232043],[-47.96328529399472,-16.104644900945562],[-47.951305500604576,-16.124645064270002],[-47.937599806398396,-16.132665433826563],[-47.920442306068594,-16.13053343740577],[-47.912624984108184,-16.133274575637873],[-47.9051122332499,-16.141091898087524],[-47.89282786875762,-16.147995507891885],[-47.888056256021926,-16.146878746956972],[-47.876685605734366,-16.150025980605374],[-47.86267534042605,-16.15835092225513],[-47.85820829789417,-16.169315478354946],[-47.85770067969006,-16.177538895240296],[-47.859832677404995,-16.184544028281444],[-47.85262449585223,-16.198046676408932],[-47.85211687764811,-16.208605136993558],[-47.844908697891974,-16.21967121702501],[-47.83902032474789,-16.225965683718854],[-47.83780204123766,-16.230534248875838],[-47.826025295847806,-16.236321097755443],[-47.811202840334936,-16.249925269663187],[-47.797294098128454,-16.251346600710548],[-47.78978134637186,-16.25642278461697],[-47.78712178156528,-16.243873268913333],[-47.78237407928751,-16.242436990007224],[-47.786403642276014,-16.231904272393134],[-47.77922224309513,-16.232143652386586],[-47.77359681402123,-16.2254809103466],[-47.75947339691973,-16.21582591801151],[-47.745310082941515,-16.19974756515211],[-47.73948517128068,-16.183788900975426],[-47.73561519490071,-16.1797992354],[-47.733141602019195,-16.166832821100506]]]},"properties":{"nome":"Cidade Ocidental"}},
{"type":"Feature","geometry":{"type":"Polygon","coordinates":[[[-48.59072031999307,-15.364196392333534],[-48.618135680755614,-15.358385281677199],[-48.63029910685783,-15.359954072681107],[-48.646796943731786,-15.36799761694927],[-48.6613548930042,-15.368971297258616],[-48.67288561499057,-15.385894814692469],[-48.69170712131501,-15.398877926947755],[-48.701602701075124,-15.399480351406925],[-48.70699782636469,-15.396141773380164],[-48.71159960900266,-15.400645708003388],[-48.71901904556416,-15.420421029594959],[-48.72218794615368,-15.43724057822936],[-48.72560060818881,-15.447478563879018],[-48.72901327022394,-15.451378748577216],[-48.73120712413272,-15.464054349964325],[-48.745101533718845,-15.46576068084738],[-48.7465641032908,-15.474779858773474],[-48.74022630211175,-15.482092705615276],[-48.73998254066615,-15.491355645939905],[-48.74948924243471,-15.498912254247989],[-48.75850842041374,-15.495987115429648],[-48.76508998214008,-15.497205923253157],[-48.77313411343837,-15.49525583074783],[-48.78689902368976,-15.49489018786939],[-48.79786829503028,-15.498592317231834],[-48.804586972906634,-15.504488299828845],[-48.810121093621795,-15.505983744106365],[-48.81000315201151,-15.510675346049348],[-48.828462258187415,-15.537186424950532],[-48.82624670367632,-15.546356293603258],[-48.806164756803675,-15.545471684662223],[-48.791854112830656,-15.554977949028029],[-48.80485101022653,-15.571377712690854],[-48.794411187049846,-15.58236771458987],[-48.79521428181216,-15.58960333500225],[-48.82646730924885,-15.619292408117735],[-48.823717889557656,-15.63035047837998],[-48.81004852861146,-15.633054567600169],[-48.81468744221338,-15.651758070092493],[-48.81047684803387,-15.662459713244221],[-48.80993539388626,-15.668516487126565],[-48.8164956376926,-15.678434926226338],[-48.823272794995624,-15.683483816090204],[-48.82449423428745,-15.689020343377019],[-48.83027314861247,-15.691123330632177],[-48.83135640275908,-15.7036863458045],[-48.82526849762072,-15.717132019642946],[-48.83396198420697,-15.72501977110624],[-48.82738288116957,-15.740832123632167],[-48.815994208880774,-15.749011466026865],[-48.822080826733334,-15.758861654406266],[-48.82371407800591,-15.775030850959908],[-48.82877696587921,-15.780304614011463],[-48.83366915228897,-15.798733192999114],[-48.85505459596138,-15.796954340173066],[-48.86169025243749,-15.806774503750193],[-48.856110417355836,-15.812970944847335],[-48.849967279302234,-15.816472376646889],[-48.836743119817584,-15.832228820914906],[-48.82970899313931,-15.829696535853271],[-48.8195798496087,-15.829696535853271],[-48.807293575298125,-15.826507731124275],[-48.798571257282816,-15.826601519937178],[-48.78255939909611,-15.819535321656819],[-48.77636936718804,-15.827225967767124],[-48.777963769019514,-15.834353883970303],[-48.76942902821869,-15.837730265298273],[-48.76811599131062,-15.843169989719575],[-48.762019747111474,-15.850860635680124],[-48.76282999426009,-15.85457625735164],[-48.71735760336135,-15.864717682358647],[-48.700600566595305,-15.855522863660868],[-48.688379606992406,-15.861068157804253],[-48.67413240114644,-15.861601965213426],[-48.663965815834786,-15.854402012597221],[-48.66357602964648,-15.844564288157075],[-48.67860482368855,-15.833213184062572],[-48.68074414896127,-15.821822699876684],[-48.69437138431053,-15.816392500176768],[-48.6996888107179,-15.806813872122923],[-48.696326705866966,-15.800410519943446],[-48.683353199702786,-15.793468008959264],[-48.66742138769609,-15.768189704226641],[-48.64087195435841,-15.762412927164956],[-48.6398036463815,-15.755172172269088],[-48.622948118327706,-15.753193824136082],[-48.60530125176373,-15.759010167705766],[-48.59992014378585,-15.759287137314244],[-48.5848055633291,-15.764035172950228],[-48.57538862571529,-15.763758203768138],[-48.569414014303945,-15.768150137292764],[-48.567198263960115,-15.773689511624228],[-48.56015534367353,-15.780178494567833],[-48.552083682605044,-15.780732431804013],[-48.54879962518262,-15.787854485943958],[-48.543932888044864,-15.790188937028322],[-48.54246890991453,-15.799882844375581],[-48.530203151328415,-15.809339349287535],[-48.52169625291151,-15.812544272959911],[-48.511764945355914,-15.813296044625556],[-48.50582990024125,-15.819785026606073],[-48.50104229659518,-15.820418098613471],[-48.490359215927775,-15.827777555133892],[-48.47567987192112,-15.82936023324825],[-48.470100929764854,-15.827381885181145],[-48.46179186732297,-15.829320666165572],[-48.462345803561455,-15.834187403279387],[-48.45874521037563,-15.843881309793646],[-48.46321627825829,-15.857808882056347],[-48.45652946003181,-15.882142566103637],[-48.45688556299021,-15.887919343152882],[-48.44972394201693,-15.889818557321854],[-48.44608378073778,-15.894843561758991],[-48.43492589732357,-15.89844415516721],[-48.437853851787594,-15.903033923689568],[-48.42622116472828,-15.906753217972076],[-48.425785928278174,-15.910155976922102],[-48.417832967896395,-15.91340046909317],[-48.41895800538181,-15.908911192971715],[-48.41436823681244,-15.903899377099764],[-48.41188870696522,-15.894456060893644],[-48.40729893929418,-15.889127710087458],[-48.406665867767366,-15.877310375916903],[-48.40313121900823,-15.871823757232203],[-48.39395168276783,-15.868025327607047],[-48.39120837341721,-15.858634768019638],[-48.38661860484785,-15.85256783415001],[-48.38804301578317,-15.845551291745522],[-48.381448521011684,-15.836582778734002],[-48.377333556985754,-15.821336309091254],[-48.37823040801595,-15.817801660057281],[-48.37189969364619,-15.808622124355177],[-48.3633532289326,-15.801289046393613],[-48.352010698608375,-15.794589039747338],[-48.350480776051356,-15.790737854910807],[-48.35649495465772,-15.77348665783536],[-48.35306581841859,-15.769740985110285],[-48.3541209373305,-15.761194520798291],[-48.35005872866626,-15.753386638890523],[-48.352010698608375,-15.738351192009711],[-48.348792585612635,-15.725162204395465],[-48.33338784662416,-15.721469287315779],[-48.330407135900145,-15.715666131807357],[-48.325553587827386,-15.713274529271283],[-48.319785603304425,-15.719394219365583],[-48.31247011080444,-15.716932275162684],[-48.30839031672019,-15.705818354138758],[-48.303999144100594,-15.703445234072234],[-48.295793671784004,-15.707837654079352],[-48.24864112318183,-15.65057286092361],[-48.26706749115551,-15.641365455181184],[-48.27893758138485,-15.63978277613317],[-48.29165176638439,-15.63440166873691],[-48.293445468444794,-15.628493001636278],[-48.30172815275668,-15.62770166319703],[-48.312015564168995,-15.623639455320022],[-48.327103765597435,-15.624905598316486],[-48.33902001665596,-15.632779423943065],[-48.34630033921425,-15.630009735984576],[-48.34859522304977,-15.635232574903918],[-48.35520290598794,-15.62660697667576],[-48.365134214441845,-15.618258346813827],[-48.37186059806671,-15.617704409981858],[-48.37399721402053,-15.613233343168384],[-48.38432419172953,-15.612679404870182],[-48.384640728391254,-15.628664459005348],[-48.39073404138763,-15.633729031072114],[-48.39200018264461,-15.642512897103417],[-48.40074448333322,-15.653947750382127],[-48.41328721138606,-15.653908182874835],[-48.42127973806454,-15.64805227173389],[-48.43536557684108,-15.642196360760728],[-48.4373834921082,-15.639426673909766],[-48.45483252359548,-15.633452062132275],[-48.455782130885694,-15.630247138362892],[-48.46413076142089,-15.628110521757971],[-48.46887879697364,-15.629614066184336],[-48.472479390159464,-15.623362485712791],[-48.482885502258476,-15.620790632654643],[-48.49068019386026,-15.62114673613984],[-48.492421140558974,-15.617506575406978],[-48.504766034433416,-15.613352044161172],[-48.52724007004184,-15.608999677654595],[-48.540297168036474,-15.609237079281897],[-48.54579697670104,-15.606427825228772],[-48.54832926190996,-15.598949667989427],[-48.54567827601435,-15.593845529752263],[-48.544768235919136,-15.583320716936877],[-48.5600410842576,-15.580076225820616],[-48.576031083738506,-15.556462167146123],[-48.58273768376587,-15.55352431970632],[-48.579770162106854,-15.545512008717797],[-48.58825727602794,-15.543790845720249],[-48.586269035707915,-15.536283015371634],[-48.59333173869368,-15.536104962866213],[-48.59220408082258,-15.524264549345167],[-48.58629871065501,-15.513522117793535],[-48.57941405914844,-15.50904115923256],[-48.580304315646146,-15.49966378815221],[-48.57855347759783,-15.495331205815877],[-48.58086814503086,-15.485894484976306],[-48.57971081221266,-15.481354175041822],[-48.56748461902492,-15.476606139869032],[-48.56116379690306,-15.472570308679755],[-48.553151485728755,-15.456100559663353],[-48.56089671968425,-15.448355326909589],[-48.56751429487033,-15.44618903518001],[-48.570600518114354,-15.435327903399827],[-48.56113412105764,-15.43135142279743],[-48.56433904588669,-15.419718736140634],[-48.55795887297233,-15.418205298981109],[-48.565229302384395,-15.41096454522103],[-48.56211340419326,-15.406869363908626],[-48.56211340419326,-15.399925361359607],[-48.56887935501314,-15.382327954216203],[-48.56861227779434,-15.376452258902908],[-48.57742581882842,-15.376363234133457],[-48.58641741224002,-15.371318446022872],[-48.59072031999307,-15.364196392333534]]]},"properties":{"nome":"Cocalzinho de Goiás"}},
{"type":"Feature","geometry":{"type":"Polygon","coordinates":[[[-48.417832967896395,-15.91340046909317],[-48.425785928278174,-15.910155976922102],[-48.42622116472828,-15.906753217972076],[-48.437853851787594,-15.903033923689568],[-48.43492589732357,-15.89844415516721],[-48.44608378073778,-15.894843561758991],[-48.44972394201693,-15.889818557321854],[-48.45688556299021,-15.887919343152882],[-48.45652946003181,-15.882142566103637],[-48.46321627825829,-15.857808882056347],[-48.45874521037563,-15.843881309793646],[-48.462345803561455,-15.834187403279387],[-48.46179186732297,-15.829320666165572],[-48.470100929764854,-15.827381885181145],[-48.47567987192112,-15.82936023324825],[-48.490359215927775,-15.827777555133892],[-48.50104229659518,-15.820418098613471],[-48.50582990024125,-15.819785026606073],[-48.511764945355914,-15.813296044625556],[-48.52169625291151,-15.812544272959911],[-48.530203151328415,-15.809339349287535],[-48.54246890991453,-15.799882844375581],[-48.543932888044864,-15.790188937028322],[-48.54879962518262,-15.787854485943958],[-48.552083682605044,-15.780732431804013],[-48.56015534367353,-15.780178494567833],[-48.567198263960115,-15.773689511624228],[-48.569414014303945,-15.768150137292764],[-48.57538862571529,-15.763758203768138],[-48.5848055633291,-15.764035172950228],[-48.59992014378585,-15.759287137314244],[-48.60530125176373,-15.759010167705766],[-48.622948118327706,-15.753193824136082],[-48.6398036463815,-15.755172172269088],[-48.64087195435841,-15.762412927164956],[-48.66742138769609,-15.768189704226641],[-48.683353199702786,-15.793468008959264],[-48.696326705866966,-15.800410519943446],[-48.6996888107179,-15.806813872122923],[-48.69437138431053,-15.816392500176768],[-48.68074414896127,-15.821822699876684],[-48.67860482368855,-15.833213184062572],[-48.66357602964648,-15.844564288157075],[-48.663965815834786,-15.854402012597221],[-48.67413240114644,-15.861601965213426],[-48.688379606992406,-15.861068157804253],[-48.700600566595305,-15.855522863660868],[-48.71735760336135,-15.864717682358647],[-48.76282999426009,-15.85457625735164],[-48.762019747111474,-15.850860635680124],[-48.76811599131062,-15.843169989719575],[-48.76942902821869,-15.837730265298273],[-48.777963769019514,-15.834353883970303],[-48.77636936718804,-15.827225967767124],[-48.78255939909611,-15.819535321656819],[-48.798571257282816,-15.826601519937178],[-48.807293575298125,-15.826507731124275],[-48.8195798496087,-15.829696535853271],[-48.82970899313931,-15.829696535853271],[-48.836743119817584,-15.832228820914906],[-48.849967279302234,-15.816472376646889],[-48.856110417355836,-15.812970944847335],[-48.86169025243749,-15.806774503750193],[-48.85590658332966,-15.82315567660379],[-48.843158638743425,-15.834633649175473],[-48.85574792917239,-15.842290165729265],[-48.86407427430202,-15.842902935637259],[-48.87057099913292,-15.848579563691743],[-48.8698376163316,-15.867052426157818],[-48.889208826032906,-15.868654120642969],[-48.89671682121007,-15.878138131255769],[-48.903440729976325,-15.910774818398687],[-48.89701716843374,-15.944173881068862],[-48.90171286723972,-15.947274701255955],[-48.887966841372226,-15.95810079706444],[-48.896990457028764,-15.9647444923101],[-48.898030797755936,-15.98150724532791],[-48.90695945430043,-15.989028568635382],[-48.85911498104559,-16.00044955496608],[-48.79633078709901,-16.01598198482361],[-48.79212670121373,-16.015450356361065],[-48.78959796165525,-16.02353132760397],[-48.785420044592506,-16.027269463820623],[-48.7848428321067,-16.038209010316557],[-48.77874087372403,-16.039610811608235],[-48.77738030336101,-16.04517678698989],[-48.76645449970046,-16.05795791473981],[-48.75923934722108,-16.070574124776964],[-48.75078730981689,-16.076923460062854],[-48.74353092825923,-16.080139357327198],[-48.73202791211287,-16.092590649011544],[-48.72761636210936,-16.092755566878527],[-48.71974153719099,-16.09893998425447],[-48.71838096592965,-16.110855293767653],[-48.712155319413824,-16.117616922669242],[-48.71277376097791,-16.120750361226573],[-48.70217779443518,-16.123801340089596],[-48.69306608638862,-16.137819350989755],[-48.689355436105764,-16.138932547429665],[-48.683624543020876,-16.146559994210218],[-48.67809979712403,-16.14618892876641],[-48.66630817563307,-16.154640964998507],[-48.644456569210284,-16.1451581934288],[-48.62878938022503,-16.147961795416812],[-48.62363569872764,-16.15022941467432],[-48.61275885594502,-16.143271945872712],[-48.62037740678419,-16.1377240960402],[-48.622575855575654,-16.127295555425],[-48.619024515220225,-16.114161230278487],[-48.619362738111214,-16.093022295709755],[-48.61603687938368,-16.08642694869677],[-48.61524769233859,-16.07661848264925],[-48.617389770947646,-16.07154513918223],[-48.61541680288577,-16.058467185284357],[-48.61941910829361,-16.055197695894],[-48.61924999684812,-16.042796187880505],[-48.62280133810185,-16.033664167881536],[-48.62313956099285,-16.027519785229224],[-48.627310976947875,-16.02537770638122],[-48.62821290525606,-16.01866961725518],[-48.634526399820146,-16.002096692745777],[-48.63786353330282,-16.00045001003803],[-48.64986844179169,-15.986239259893738],[-48.64903476658046,-15.975901697645442],[-48.650201910798195,-15.96706474958681],[-48.63252801482562,-15.944055339033918],[-48.629193317574,-15.94105411105195],[-48.629860257383655,-15.927736995830749],[-48.62357942825824,-15.930442344222753],[-48.61724095873262,-15.939094856099722],[-48.60309259272074,-15.93870499002645],[-48.59000639829406,-15.919486051405856],[-48.58237621067869,-15.91874890178891],[-48.57312242598511,-15.91449716324506],[-48.54282487722734,-15.912996548589646],[-48.53790098837289,-15.916232248145029],[-48.532273686311626,-15.929104699900781],[-48.52720911409716,-15.933114152634385],[-48.504840590110426,-15.931848009861959],[-48.49717339100704,-15.934380296057148],[-48.49091301831727,-15.933887906649778],[-48.48106523971007,-15.94141442303122],[-48.475578620110504,-15.949925716575315],[-48.4664342547101,-15.953653803781155],[-48.45433555581736,-15.962657486655244],[-48.45454657995908,-15.966174550853355],[-48.42711348375788,-15.987065908940302],[-48.4196573087962,-15.986432837160791],[-48.41768775343408,-15.98270474965415],[-48.40817862801088,-15.976470211930941],[-48.41490501163575,-15.962740474795837],[-48.41122528405991,-15.960247755577058],[-48.420167418926916,-15.953877475027431],[-48.422066632609024,-15.947902862962325],[-48.4188617086783,-15.937021947315886],[-48.418940843068306,-15.929029420408849],[-48.41549851686587,-15.92068078962144],[-48.417832967896395,-15.91340046909317]]]},"properties":{"nome":"Corumbá de Goiás"}},
{"type":"Feature","geometry":{"type":"Polygon","coordinates":[[[-48.002343098418876,-16.138419889215516],[-48.006123240575484,-16.13475258665179],[-48.00465631956429,-16.12239659940697],[-48.00950844290901,-16.113933593687488],[-48.02846557507842,-16.097007583008295],[-48.030948056789676,-16.089390877983796],[-48.031342996612764,-16.079968732068195],[-48.02434691179015,-16.073988208375418],[-48.02462901333208,-16.05898047818421],[-48.02015933424485,-16.051556820658398],[-48.08650280156915,-16.051761875066028],[-48.09290106206175,-16.06108934994775],[-48.10122063119919,-16.069059846798016],[-48.11500900814075,-16.07324872113551],[-48.13368440438256,-16.083546368844488],[-48.135429768995856,-16.08686256110569],[-48.14753095981518,-16.09558938239447],[-48.15096350875407,-16.105130706093266],[-48.14799639043861,-16.1189190830614],[-48.149974469914454,-16.120838982751287],[-48.14758913920455,-16.138816233609553],[-48.143516622372424,-16.14864845190909],[-48.14438930512822,-16.16232047136418],[-48.14040581493401,-16.170777381322207],[-48.02801025319689,-16.20357943012489],[-48.02722433422281,-16.196983886851168],[-48.02372629181149,-16.19337300534966],[-48.02017182981045,-16.184289379079473],[-48.017858607766726,-16.169450908977893],[-48.00905708259788,-16.16064938379329],[-48.003697179352294,-16.15038093696421],[-48.002343098418876,-16.138419889215516]]]},"properties":{"nome":"Novo Gama"}},
{"type":"Feature","geometry":{"type":"Polygon","coordinates":[[[-46.45754414565192,-14.477260970899435],[-46.448235656252486,-14.46999059226185],[-46.44709231289821,-14.461844274365129],[-46.44173289294624,-14.46127260293119],[-46.43665930883285,-14.456270476685646],[-46.43708806214155,-14.449338961203399],[-46.430370923079266,-14.433475077904928],[-46.43380095134547,-14.428901705654088],[-46.43208593721237,-14.42297061371183],[-46.426114592075386,-14.418638301677468],[-46.42300101243601,-14.408170217380052],[-46.424639084068396,-14.402169196712928],[-46.422963229295156,-14.392471631266082],[-46.4252298674032,-14.385487805661612],[-46.43939797928335,-14.387673888372921],[-46.44264211198128,-14.385453705365777],[-46.4513536286536,-14.389588288910073],[-46.46345293570578,-14.389806978620475],[-46.467227660122916,-14.398147025607004],[-46.47211734562292,-14.394720835013423],[-46.48020328271791,-14.39500215127643],[-46.490783851238355,-14.389737561156174],[-46.50042165493612,-14.38841056862497],[-46.52027130106954,-14.38873100288857],[-46.5301513669247,-14.386230469291405],[-46.536806107210715,-14.3797264098705],[-46.5391273503116,-14.367485045973275],[-46.560459136713774,-14.366878509854454],[-46.569883347088115,-14.376920699993388],[-46.570547104166714,-14.38143920907537],[-46.57625961322931,-14.385057449261353],[-46.582910538370314,-14.38565254232582],[-46.59662628202957,-14.368227005368782],[-46.602270125668475,-14.380485535366965],[-46.6108360290265,-14.384082794155361],[-46.626140594182694,-14.384140014676392],[-46.63059425361347,-14.382825850726592],[-46.64218711925455,-14.374031067320818],[-46.64852714466223,-14.370891570742222],[-46.6603469849312,-14.369176865014758],[-46.667142867616334,-14.37237548796431],[-46.672397614074775,-14.380313872692625],[-46.681705474653505,-14.387565613209269],[-46.6913299563356,-14.384439467830251],[-46.7027511602141,-14.39010238589602],[-46.711555480940106,-14.391674041711303],[-46.71464919972687,-14.387580872010439],[-46.72145461982537,-14.386390685869145],[-46.726404189717165,-14.393005370671668],[-46.73116874708462,-14.390279769990824],[-46.727100372384264,-14.398525237866837],[-46.71856880173807,-14.39488410916752],[-46.71539306586755,-14.39991760304937],[-46.720460891779986,-14.403842926063566],[-46.73159790014361,-14.407590866371292],[-46.72952651984573,-14.415193558287003],[-46.72270965610881,-14.418832778979016],[-46.717248916972586,-14.426185608121108],[-46.71549987824979,-14.439462662257045],[-46.7104148864306,-14.447238922224347],[-46.719158172921254,-14.457023621223959],[-46.71903991690063,-14.466184615675905],[-46.7080650328862,-14.469783783009442],[-46.69777297987882,-14.469902039399338],[-46.6971778873256,-14.483018875329025],[-46.692180633960206,-14.484863281230737],[-46.6925983433808,-14.494291306258372],[-46.68492317172926,-14.497802734349527],[-46.6749801636171,-14.490322112869055],[-46.66806983915803,-14.4980316159298],[-46.65040779106573,-14.501981735390965],[-46.64564895596664,-14.51429557795838],[-46.62857627905753,-14.50567054674333],[-46.623579024793834,-14.498590468838618],[-46.61483383207814,-14.492998122576562],[-46.614240645749945,-14.48651504468759],[-46.606922150181965,-14.48847770714209],[-46.59936904879776,-14.48758506830589],[-46.59675025942025,-14.4797935486999],[-46.588422775226825,-14.48163795532564],[-46.57991599987911,-14.477890015049445],[-46.57497787542236,-14.484670638605781],[-46.57099342313248,-14.483898163386906],[-46.569982529180315,-14.476938247754244],[-46.57325363199803,-14.464742661257093],[-46.5689697272065,-14.464206695607356],[-46.56415176409709,-14.47271346986044],[-46.55796623185028,-14.474380493123514],[-46.551958083634425,-14.481994629294082],[-46.54226112407858,-14.486396790193014],[-46.52982902534961,-14.478841781741496],[-46.52298736631423,-14.480506896775289],[-46.516799926944074,-14.475807189601264],[-46.510078430154365,-14.475866318374168],[-46.507699966166484,-14.484552383127744],[-46.5027027128011,-14.487941742277762],[-46.497537024421625,-14.479007385230666],[-46.490616858918614,-14.476333188974374],[-46.485104739741395,-14.480371770587661],[-46.47784620671863,-14.47644234034856],[-46.47708215094193,-14.470275316187639],[-46.4631108401776,-14.472130879833038],[-46.45754414565192,-14.477260970899435]]]},"properties":{"nome":"Simolândia"}},
{"type":"Feature","geometry":{"type":"Polygon","coordinates":[[[-47.26391688559464,-13.976827229736802],[-47.267977551851544,-13.96776716031123],[-47.27519467613297,-13.966403450321545],[-47.275369253826966,-13.955896793375395],[-47.28397351434931,-13.948457458932596],[-47.29166696042867,-13.944914022291268],[-47.29761769461978,-13.948527545936441],[-47.30500065868244,-13.948056572648474],[-47.30833256936004,-13.942620720295503],[-47.318728056185876,-13.947488085073266],[-47.33134226767745,-13.941217615071324],[-47.334561847622034,-13.935507622758134],[-47.32859409664451,-13.913615108811697],[-47.30944863716735,-13.891198468604639],[-47.31325463822773,-13.881908364689293],[-47.308841058929985,-13.866664860380641],[-47.313925692321384,-13.856872968196104],[-47.311979646768556,-13.852167371383562],[-47.317700926981594,-13.847542129884056],[-47.317227711557905,-13.837942445199817],[-47.33755688377989,-13.82171037616941],[-47.34766993668714,-13.820778148776144],[-47.35426474586896,-13.80541554227238],[-47.3416237331409,-13.792565587103066],[-47.339743252027404,-13.785566017589506],[-47.33378839456915,-13.783267651970872],[-47.33002743324048,-13.785357076274545],[-47.32480387359377,-13.777312795166731],[-47.31656371013756,-13.771788881773576],[-47.313978301257684,-13.758676798252536],[-47.307639899105716,-13.752479249086061],[-47.30566795242831,-13.745859139615934],[-47.29947040341794,-13.745295726184306],[-47.295667361408114,-13.741774392293705],[-47.287497864822036,-13.742056097741582],[-47.280173488882205,-13.73149209407452],[-47.280173488882205,-13.725717106400229],[-47.29172346715499,-13.73036526658676],[-47.29679418833757,-13.728956733775407],[-47.30552709838839,-13.734309161789964],[-47.31200635368196,-13.730506120973347],[-47.32496486516742,-13.732478068265523],[-47.32828098975054,-13.718601777240277],[-47.33335365219245,-13.705099700996703],[-47.31127061819291,-13.668906846726177],[-47.30606168401734,-13.664415420583714],[-47.314842076319124,-13.64919564628359],[-47.32316710541687,-13.645465242962485],[-47.324143867879805,-13.632149958830546],[-47.29941753936011,-13.601444779646826],[-47.292615881406014,-13.589108127669407],[-47.29211290389865,-13.576804280248812],[-47.28092361538211,-13.57011617443182],[-47.26217210488628,-13.537997233618425],[-47.25733069305302,-13.514574793732447],[-47.25361861175391,-13.505514178239252],[-47.255619061975274,-13.49454558624476],[-47.24469727558068,-13.470715288276795],[-47.247898343043886,-13.462690179987261],[-47.2473512187302,-13.44738905170465],[-47.25536523131364,-13.450156481085587],[-47.26136132593503,-13.448196219142622],[-47.26447468369053,-13.438856147137868],[-47.27225807628266,-13.432052886065872],[-47.28194407639204,-13.429804349882968],[-47.29318675537918,-13.417754505232294],[-47.2987792665878,-13.416370790246273],[-47.30125842183756,-13.41193137377564],[-47.31186689831894,-13.403456124237499],[-47.315210874269134,-13.395903349672821],[-47.32207179138757,-13.388465886123097],[-47.32189882616951,-13.38223917123183],[-47.33025876739246,-13.38027890905515],[-47.33072000468013,-13.37497467126365],[-47.32760664782295,-13.361656421412762],[-47.336024242920836,-13.358600718666116],[-47.33959883796401,-13.352950551686044],[-47.35234054105565,-13.346896801736374],[-47.35153337423015,-13.33248311159658],[-47.347266921907966,-13.323950207173102],[-47.34663271940221,-13.318184731302264],[-47.35061089785815,-13.312130981429783],[-47.366004718722664,-13.303309802398307],[-47.373211565378924,-13.293854421360903],[-47.37701677861679,-13.283476563941086],[-47.37107833787036,-13.273963527758246],[-47.377305053381356,-13.265776551620865],[-47.39523568426887,-13.261740719418988],[-47.40140474321,-13.262259611737543],[-47.41668325542632,-13.270158314378524],[-47.41979661228351,-13.275808480734295],[-47.420949706850195,-13.28532151631218],[-47.425100849625885,-13.289357350058479],[-47.43265362402333,-13.287627707376533],[-47.43743896930477,-13.279094801915514],[-47.43553636178753,-13.26790977816846],[-47.44453050461791,-13.258339088372498],[-47.451276112189845,-13.254937456957265],[-47.45398588563429,-13.250728659331788],[-47.4505266001376,-13.242080444882154],[-47.43144287378508,-13.237352755173006],[-47.432480659703586,-13.231299004793696],[-47.44049467228703,-13.222420170784734],[-47.44983474285859,-13.222420170784734],[-47.45934777864822,-13.226513659143937],[-47.46580511235392,-13.227032552225225],[-47.48206375481718,-13.222996718645367],[-47.486618481005614,-13.21913385019812],[-47.48765626692412,-13.209909087900108],[-47.48344746937518,-13.200050123727287],[-47.48362043369493,-13.185867051761205],[-47.49140382628706,-13.18350320733981],[-47.49820708773393,-13.18794262368624],[-47.51135237423832,-13.18880744507809],[-47.5191934216037,-13.182061837753912],[-47.533607112221276,-13.184944576303772],[-47.54265890982491,-13.190133504901526],[-47.55361331494579,-13.185521124309743],[-47.56128139799142,-13.183964444723102],[-47.566124398046114,-13.17796835038448],[-47.56554785031361,-13.156117194588798],[-47.568560944405306,-13.149850413409458],[-47.56537488599387,-13.13645692081706],[-47.56191559959886,-13.128500563982746],[-47.56168498140417,-13.122331505339748],[-47.57258173085349,-13.115182314029694],[-47.595816599981696,-13.114144527638333],[-47.6038882673384,-13.108090777847995],[-47.614785016787714,-13.103478396863212],[-47.62406743438265,-13.10884029002441],[-47.642784638217776,-13.116871831653128],[-47.6460968479429,-13.120126933591532],[-47.646782133147276,-13.133090236779658],[-47.643355708921995,-13.149251536222959],[-47.65192176768857,-13.14999392824585],[-47.6530639099953,-13.157703381874848],[-47.65934568684334,-13.158331559359793],[-47.66836860271227,-13.168439510152151],[-47.653977623301714,-13.178433246401214],[-47.65443447860744,-13.18659955619509],[-47.66414267968075,-13.19488008008943],[-47.66608431989542,-13.208128918175774],[-47.6640284660789,-13.217094726579377],[-47.65443447860744,-13.218979259993972],[-47.65266415969388,-13.228915888631718],[-47.65631901202118,-13.232513634308916],[-47.64643948964677,-13.2414794432126],[-47.64723898935132,-13.250331038372991],[-47.639415321691736,-13.264322268027591],[-47.644669170733195,-13.267348942755525],[-47.64786716685646,-13.274258896633654],[-47.65500555020998,-13.275401038580656],[-47.65443447860744,-13.284652383380637],[-47.65671876232261,-13.292590265293077],[-47.65700429722556,-13.302070037253104],[-47.653356732031845,-13.312996566145829],[-47.65241796022059,-13.324825096712337],[-47.65366965656781,-13.33077065507791],[-47.64841253226882,-13.34435156109904],[-47.650039736981206,-13.348732498026205],[-47.642592142727125,-13.356054922311253],[-47.6429050681614,-13.360435859228126],[-47.6348316257337,-13.365380060055658],[-47.62901123798864,-13.365067135616025],[-47.62354999399921,-13.375680356245041],[-47.62694000231951,-13.385793878650402],[-47.633663516725356,-13.391330890789805],[-47.63761852583349,-13.389522886687558],[-47.6425340369996,-13.405399423389735],[-47.64660204698396,-13.405173422965504],[-47.65428606434609,-13.41523044456445],[-47.653156060973785,-13.421049958969228],[-47.655133566426166,-13.427716974063587],[-47.66847507463301,-13.438952166985528],[-47.67575177877733,-13.450278900656267],[-47.67646387240474,-13.462740535206857],[-47.67895282827425,-13.467721817833233],[-47.80078670213903,-13.33371500092354],[-47.80064197097035,-13.327391028917011],[-47.80697133786719,-13.324642751869082],[-47.80988617692805,-13.320145571130459],[-47.824626937852365,-13.311317771031128],[-47.83478723585535,-13.313982766785786],[-47.84444784777818,-13.318479948403958],[-47.851526743795255,-13.314815577571116],[-47.86610094179453,-13.31489885866692],[-47.87243030869138,-13.319645883593044],[-47.88542216474186,-13.319812445928774],[-47.89191809366542,-13.306654026735513],[-47.89816417865058,-13.31223386337925],[-47.904077138683995,-13.3074035572241],[-47.90680653941908,-13.298445940331158],[-47.91973399165359,-13.298825600235917],[-47.92298195656452,-13.292246390895238],[-47.93188262789296,-13.294255547605074],[-47.935130591905576,-13.290445435662049],[-47.942859213316524,-13.301213140802785],[-47.950808265128515,-13.309308613278596],[-47.95674204631358,-13.308496621640925],[-47.9657364092312,-13.314555325382607],[-47.97035851176089,-13.310995055676964],[-47.96992128644076,-13.302625302374036],[-47.97285694575496,-13.295629687171765],[-47.9772916660046,-13.295317383209925],[-47.98122670017407,-13.283324898868592],[-47.98734786274089,-13.276391745311706],[-48.000431601173574,-13.274455457252225],[-48.004086459789086,-13.276995719884942],[-48.013267631861616,-13.277454778200033],[-48.02362923962483,-13.280143550135657],[-48.033335050281174,-13.267355488932136],[-48.02933468164109,-13.264994615994272],[-48.03051511912839,-13.257977578337249],[-48.034515486870156,-13.254239528992178],[-48.04146694518609,-13.253977210359226],[-48.051762974136935,-13.25653482223204],[-48.05491080384314,-13.249845682779199],[-48.05386152667553,-13.241320308765118],[-48.058058634447676,-13.24164820767003],[-48.06133762357526,-13.236205083771239],[-48.06927278024644,-13.24027103192543],[-48.07399452570409,-13.238828275774736],[-48.07543728113582,-13.25548554541191],[-48.07255177027235,-13.25935475442429],[-48.0722238708206,-13.26833918570478],[-48.07688003656756,-13.269126144102586],[-48.07937206916691,-13.285652253206669],[-48.08704490609702,-13.287160588319416],[-48.094127523834324,-13.291751174432012],[-48.100095285591635,-13.292997190758289],[-48.10553840876515,-13.287816386158678],[-48.10927645766418,-13.290964216812958],[-48.12029386433087,-13.293325089877822],[-48.119834804559446,-13.296735238915025],[-48.13177032897239,-13.299555170201034],[-48.14298447387284,-13.305522932360237],[-48.15203448742232,-13.307687066281677],[-48.166002983764855,-13.30440807631818],[-48.171170682573944,-13.312473271578252],[-48.16529251878306,-13.324078876313527],[-48.164689630649804,-13.330409205809781],[-48.1664982959479,-13.358292799631354],[-48.17056779444067,-13.365226018389809],[-48.16529251878306,-13.373515736191266],[-48.15142608273489,-13.37668090021275],[-48.14720586400543,-13.381202564130318],[-48.14705514107381,-13.397179110169914],[-48.14220314978143,-13.416085973245588],[-48.15642306301243,-13.444612913676568],[-48.16339674564849,-13.446844493365587],[-48.17190464029705,-13.444752388015901],[-48.17427569228551,-13.43889449374655],[-48.17650727094465,-13.425365547885784],[-48.18041253404729,-13.41811291727779],[-48.18543358558119,-13.417136602130741],[-48.19226779488792,-13.429828705691632],[-48.19208793330342,-13.455351786144186],[-48.19491779533166,-13.467626069855179],[-48.19087305889969,-13.474878701213191],[-48.17845990204681,-13.477110279185654],[-48.163258148176574,-13.47707898934997],[-48.1589373720342,-13.480972188150862],[-48.15704218999109,-13.496133647322608],[-48.134798733051475,-13.505908798876723],[-48.13160684637047,-13.508402459913302],[-48.138289858435094,-13.54929850232065],[-48.13270405674333,-13.549198755867764],[-48.125422567273475,-13.54261549091417],[-48.12043524478355,-13.541019546706615],[-48.10327885566975,-13.542515744278207],[-48.09190776071612,-13.550894445988492],[-48.0946412110565,-13.556889078834446],[-48.10615224197183,-13.56398492116794],[-48.109148263581545,-13.569976963745814],[-48.107965624323484,-13.577545862102172],[-48.11009437642531,-13.590712590335563],[-48.11127701658169,-13.616494146157756],[-48.11892475727771,-13.621145863742774],[-48.12002855409823,-13.627295594400348],[-48.109150747423314,-13.634908639049243],[-48.10661640866566,-13.643168704851437],[-48.10220478230534,-13.645515315042928],[-48.09253675119659,-13.660064294784922],[-48.09441403790093,-13.670389377152834],[-48.092724479328034,-13.677241476625321],[-48.093193800554964,-13.686346323378348],[-48.0827748551238,-13.681183782277017],[-48.07845709282921,-13.68268561205151],[-48.0736535117475,-13.691302219575482],[-48.06738109534473,-13.69207205026109],[-48.06418970633038,-13.702397132919652],[-48.05658669095573,-13.704180556337226],[-48.05649282689001,-13.718447943186359],[-48.051893472398255,-13.721263874251285],[-48.05198733556566,-13.7281159743397],[-48.059496486874586,-13.733653972917097],[-48.0537707591026,-13.739849022815779],[-48.04532296533981,-13.740881531063616],[-48.03800154306063,-13.746513393856006],[-48.02617463035543,-13.743509733969955],[-48.02701940964187,-13.736094446622356],[-48.02016730858962,-13.736845362135291],[-48.02119981780415,-13.74454224179175],[-48.02805191795809,-13.750267968860953],[-48.0230771054068,-13.755242782066682],[-48.023828019729216,-13.763878305390104],[-48.02927215530405,-13.764723085274602],[-48.02936601936977,-13.7771131836467],[-48.022420055150114,-13.774860437921317],[-48.01538022596643,-13.783777554987164],[-48.01857161498077,-13.787156672981425],[-48.01753910666457,-13.793351721974005],[-48.01988571639246,-13.802832024828321],[-48.02401574875898,-13.805084771076235],[-48.027676459898565,-13.815785310933705],[-48.01744524170053,-13.813438701116354],[-48.00655697324581,-13.818507377778205],[-48.002708533974776,-13.830240426220872],[-47.9922782796525,-13.83689017100004],[-47.98046687815731,-13.841394518842035],[-47.97456117740971,-13.84880166877797],[-47.96224929123206,-13.85090369821535],[-47.95474204435153,-13.861714134061774],[-47.95819086806843,-13.867686671391033],[-47.95003750342821,-13.875827759130965],[-47.94713470089385,-13.88633790510794],[-47.94943692306691,-13.893344668847478],[-47.96497629885523,-13.906607471784188],[-47.956693360320116,-13.917622809974613],[-47.96067214424057,-13.930930951824484],[-47.95937088783913,-13.940139842354535],[-47.950362191402824,-13.944744287182992],[-47.94475678038672,-13.943242838418595],[-47.941453590645374,-13.948648055847729],[-47.93054305924297,-13.958057139181438],[-47.9346470207033,-13.967165931989536],[-47.930042576357145,-13.972671246036056],[-47.92373648840258,-13.971870473195128],[-47.923236004618445,-13.985283421112042],[-47.92864122337854,-13.987185257053891],[-47.92583851742133,-13.993291151902666],[-47.920133009828064,-13.994892698244206],[-47.919239560717834,-14.000440490213853],[-47.913469315135295,-14.003503798816142],[-47.90820121791511,-14.013826370304091],[-47.91274261490137,-14.01454353315738],[-47.913991928018135,-14.021823882692628],[-47.92109489439326,-14.026214599879935],[-47.92559242215261,-14.033994674648838],[-47.91773986826676,-14.038528442313389],[-47.912958144992544,-14.046237946028285],[-47.90424919121372,-14.039527893287158],[-47.89800262473157,-14.047344207714817],[-47.900465012028235,-14.06408309870034],[-47.89739608764163,-14.067724228409354],[-47.89739608764163,-14.082178116250242],[-47.891792297186285,-14.085142135655415],[-47.89785957341247,-14.09306526236769],[-47.90853118888191,-14.098989487116237],[-47.91820335403761,-14.096633910631255],[-47.917989731069774,-14.101881027270812],[-47.907747268659335,-14.107734679791513],[-47.903070449745684,-14.113231659253222],[-47.90988731438091,-14.117406844920033],[-47.91356468208249,-14.125259398698402],[-47.90913772597185,-14.130540847966236],[-47.91456413329456,-14.137607573892115],[-47.913635253731215,-14.145210265953466],[-47.90642547587218,-14.15816688511516],[-47.89735603266143,-14.164485931100481],[-47.89289855988227,-14.170766829967121],[-47.8935413359091,-14.175085067996275],[-47.886438370432295,-14.177940369131791],[-47.87705230701649,-14.175441742000585],[-47.86327362110022,-14.17587089502989],[-47.85420799303448,-14.17066001906461],[-47.848213195580364,-14.169837952396188],[-47.846391678085496,-14.164770125590785],[-47.840503693013616,-14.159236907683118],[-47.83234405543777,-14.155582427726337],[-47.821950912316524,-14.144788742255292],[-47.80504608202499,-14.14404678338682],[-47.798593521068405,-14.137594223305474],[-47.797508240322514,-14.1334247591353],[-47.76375770595314,-14.096649169943367],[-47.7564487460019,-14.094249725109902],[-47.73726081777138,-14.098247528008534],[-47.72823715180919,-14.096248627038072],[-47.72321128800031,-14.088083266842732],[-47.718585967705266,-14.089054107610524],[-47.70533370981685,-14.078413010021576],[-47.696552277265965,-14.067300796894985],[-47.692554474214326,-14.070013046312084],[-47.68313217186165,-14.066396713286858],[-47.67261505134972,-14.066680908160432],[-47.66685676593688,-14.072202681774467],[-47.66271591156614,-14.071012496608576],[-47.65638732889853,-14.064634323188749],[-47.64372825644,-14.06177902167351],[-47.632831572567696,-14.057210922262632],[-47.625549315936595,-14.05783081139035],[-47.61664962826338,-14.048740386579633],[-47.60894012479833,-14.047075272362104],[-47.60165977529057,-14.051595687829606],[-47.60185051008328,-14.05525970461059],[-47.59042930620478,-14.05606841978286],[-47.58990478530027,-14.051309585814717],[-47.58046722416418,-14.03842544581825],[-47.57204437302357,-14.041923522847423],[-47.56765365584982,-14.03407096856954],[-47.560586929309885,-14.036069870178334],[-47.552127838334094,-14.028646468800469],[-47.55262756304181,-14.021507262797984],[-47.54274177581661,-14.003482818965365],[-47.532612284637985,-13.993253305427672],[-47.51829115912223,-13.976612559169244],[-47.51072718273319,-13.964711904331264],[-47.503264061099415,-13.958156458745885],[-47.47527506224758,-13.962025076178758],[-47.26391688559464,-13.976827229736802]]]},"properties":{"nome":"Cavalcante"}},
{"type":"Feature","geometry":{"type":"Polygon","coordinates":[[[-47.57373868368432,-15.047092943836025],[-47.679907018769036,-15.039234011634674],[-47.683701304001474,-15.030843702695066],[-47.70242247210196,-15.02574649533906],[-47.7050417510613,-15.020827361876442],[-47.7143689397917,-15.019038586366648],[-47.72324893369892,-15.025490956217018],[-47.72950965044343,-15.024596568182135],[-47.736536983163205,-15.033732102038023],[-47.74362820226935,-15.034434835160543],[-47.74126446256731,-15.040695550972776],[-47.76116591903475,-15.040391603577866],[-47.774670919724976,-15.056331932157072],[-47.7768295057757,-15.063914657575832],[-47.78435688390175,-15.07371131902593],[-47.79016846186883,-15.07459689283948],[-47.798526064777086,-15.079190807187706],[-47.80411625024744,-15.080021032336958],[-47.80992782821452,-15.089098164070025],[-47.82332213220724,-15.096791587378119],[-47.83151368962007,-15.0959613609571],[-47.83937315783866,-15.09092465984901],[-47.84518473580574,-15.092086976080067],[-47.849889346797646,-15.09861808292739],[-47.85387442880654,-15.098507386227798],[-47.85287815942721,-15.090371177411878],[-47.85758276862249,-15.087714454656412],[-47.86212133501729,-15.091644189198547],[-47.87136451240399,-15.090039086390236],[-47.87457471663197,-15.093027898174956],[-47.88403928831202,-15.085057734251839],[-47.88697275124535,-15.08920886133594],[-47.89699080461636,-15.08527912686336],[-47.904020047154425,-15.089762345065877],[-47.911547425280474,-15.088267938809102],[-47.913595313735364,-15.08234566407155],[-47.92549521276077,-15.07719826557532],[-47.92881611368626,-15.072715047874134],[-47.93467279067386,-15.08241126158678],[-47.94895266914502,-15.086230299146491],[-47.95343588674191,-15.094421856819332],[-47.9573656208512,-15.09237396708447],[-47.96544648156652,-15.09403441783622],[-47.96926551897829,-15.099901345337969],[-47.97751242518904,-15.104661304188705],[-47.983268655256516,-15.10211527898413],[-47.99074068368633,-15.106432452096211],[-47.99511320458569,-15.119550013895868],[-48.00499490986624,-15.11570889566629],[-48.00673369162512,-15.125133098408131],[-48.012436898632956,-15.12572428423338],[-48.01487119471237,-15.132644638599247],[-48.026103729923314,-15.136504736215294],[-48.03497152201403,-15.134835504914554],[-48.035858301133274,-15.138626050872196],[-48.04902668062867,-15.136446776798783],[-48.05421984487943,-15.131949125755732],[-48.056862795344834,-15.140248915252675],[-48.07244228719878,-15.147714087791028],[-48.07944378526929,-15.13959976891176],[-48.087048060980294,-15.139785239002427],[-48.089837357785264,-15.136255511218787],[-48.101469813977545,-15.139854791111686],[-48.10729533379783,-15.14735956956972],[-48.101070493070814,-15.158140022094582],[-48.0937676057309,-15.16366935070349],[-48.09338507433683,-15.169059577205198],[-48.08841215543418,-15.174728008404076],[-48.08500414128233,-15.190272725044458],[-48.0695637517535,-15.199175291609551],[-48.06796407231972,-15.195906380400313],[-48.058296440961264,-15.200566318261671],[-48.04059563415773,-15.205261030696937],[-48.03162351532316,-15.212633468867965],[-48.02658104615627,-15.20658250528031],[-48.01906950532868,-15.211520648183328],[-48.01764370290298,-15.218927862249485],[-48.011314533635506,-15.224804946614759],[-48.01211437380155,-15.23409004605461],[-48.00933232190936,-15.240245337123831],[-47.99975115429532,-15.24787594167344],[-47.998166120993936,-15.254287399570169],[-47.993981633653206,-15.258281683425121],[-47.9908749701432,-15.272990786696106],[-47.97781429865038,-15.279838129123055],[-47.97096695687251,-15.280028332897565],[-47.972868996654505,-15.297400293194947],[-47.96919172058107,-15.30133117442986],[-47.97098809063788,-15.310091122953315],[-47.96515516959797,-15.316684859058427],[-47.967775758301,-15.327928025402006],[-47.95949131957937,-15.334183622395454],[-47.95805422263561,-15.338241305981047],[-47.94596570614662,-15.341369103878916],[-47.94461314516268,-15.346525744137727],[-47.93497614455878,-15.348892726735757],[-47.93108753083162,-15.35565553314232],[-47.92449379423824,-15.358022516140492],[-47.923749676569265,-15.36497881978748],[-47.92688804162565,-15.367736776963941],[-47.93482905710911,-15.386139009383538],[-47.93844293098809,-15.389752884275508],[-47.93986946104916,-15.399310632278963],[-47.949379658162506,-15.40630062624953],[-47.94899925038576,-15.413290620789326],[-47.95323128824943,-15.428174080386551],[-47.952660675686005,-15.43920590802136],[-47.9736805831912,-15.444488102062412],[-47.98279299372031,-15.44512533310989],[-47.99317986929583,-15.451051587023885],[-47.999361015069105,-15.449522231024728],[-48.01379127601041,-15.456191670686417],[-48.02211569784702,-15.464355255724747],[-48.029992383176356,-15.463520639840583],[-48.03424370607253,-15.46641571281484],[-48.04064677255191,-15.463329374020407],[-48.044715525442996,-15.477204859270126],[-48.048853826801704,-15.48235165584326],[-48.04544581264985,-15.490732588143954],[-48.052192289790995,-15.496470569959916],[-48.05139128630666,-15.499556792625103],[-48.00043589512063,-15.499811952826777],[-47.663674187598836,-15.500493318866251],[-47.49591991773176,-15.500398403807328],[-47.4951006218533,-15.49305792973776],[-47.490352219787916,-15.484740721226883],[-47.492037869791005,-15.462045247857267],[-47.4894646896771,-15.446024211746423],[-47.49218062915764,-15.442139215277791],[-47.490039377896956,-15.421773895335454],[-47.48468292597869,-15.410302136344365],[-47.48373306266863,-15.39582238879594],[-47.46776603310953,-15.380014549751003],[-47.468020044332526,-15.37377344128658],[-47.4756321533528,-15.36745817701619],[-47.47726423501887,-15.360489586368208],[-47.47628823432729,-15.338877317767475],[-47.47802139173419,-15.32774523094283],[-47.482015899765365,-15.3167676217623],[-47.48701373703569,-15.310716804125002],[-47.48771454422986,-15.299905873037499],[-47.49901284959434,-15.28932297999611],[-47.51129441403788,-15.287994839383892],[-47.52284896293883,-15.292957960023028],[-47.543037422156395,-15.295825461975614],[-47.54557135577386,-15.288029195416593],[-47.53387575700026,-15.279377206202945],[-47.52617490880296,-15.277646992910837],[-47.51662939622085,-15.272824810703417],[-47.50842816215578,-15.2614560379936],[-47.50595364490785,-15.242219273967272],[-47.51057103487556,-15.228753188598155],[-47.51703513828523,-15.223673872329456],[-47.52546192225015,-15.214096441253162],[-47.52820937013929,-15.203139116645199],[-47.52521436632078,-15.183126067570837],[-47.525541945972286,-15.17868834875262],[-47.53592989683121,-15.14942946763405],[-47.54168802773382,-15.136254463700897],[-47.54831508284109,-15.125998743046464],[-47.54885310901758,-15.119376393127851],[-47.55446434740493,-15.111336597040571],[-47.55526258856977,-15.09546381020029],[-47.558151725033724,-15.088587855936666],[-47.56934639625545,-15.074380859200355],[-47.569821485564816,-15.057017208330283],[-47.57373868368432,-15.047092943836025]]]},"properties":{"nome":"Planaltina"}}
]}